,file_name
172,/home/runner/work/javassist/javassist/sample/duplicate/Ball.java
173,/home/runner/work/javassist/javassist/sample/Test.java
176,/home/runner/work/javassist/javassist/sample/preproc/Assistant.java
177,/home/runner/work/javassist/javassist/sample/vector/Sample.java
183,/home/runner/work/javassist/javassist/sample/rmi/AlertDialog.java
186,/home/runner/work/javassist/javassist/sample/reflect/Main.java
201,/home/runner/work/javassist/javassist/sample/evolve/CannotCreateException.java
204,/home/runner/work/javassist/javassist/tutorial/brown.css
