,file_name
8,/home/runner/work/javassist/javassist/tutorial/tutorial.html
11,/home/runner/work/javassist/javassist/tutorial/tutorial2.html
15,/home/runner/work/javassist/javassist/License.html
155,/home/runner/work/javassist/javassist/tutorial/tutorial3.html
156,/home/runner/work/javassist/javassist/sample/rmi/start.html
157,/home/runner/work/javassist/javassist/src/test/javassist/bytecode/Gap0Example.class
158,/home/runner/work/javassist/javassist/src/test/Readme.txt
159,/home/runner/work/javassist/javassist/sample/vector/VectorAssistant.java
160,/home/runner/work/javassist/javassist/sample/vector/Test.j
161,/home/runner/work/javassist/javassist/sample/vector/Sample2.java
162,/home/runner/work/javassist/javassist/sample/rmi/webdemo.html
163,/home/runner/work/javassist/javassist/sample/rmi/inside.gif
164,/home/runner/work/javassist/javassist/sample/rmi/Counter.java
165,/home/runner/work/javassist/javassist/Examples.md
166,/home/runner/work/javassist/javassist/Changes.md
167,/home/runner/work/javassist/javassist/.gitignore
168,/home/runner/work/javassist/javassist/.github/workflows/maven.yml
169,/home/runner/work/javassist/javassist/README.md
170,/home/runner/work/javassist/javassist/build.xml
171,/home/runner/work/javassist/javassist/sample/evolve/demo.html
172,/home/runner/work/javassist/javassist/sample/rmi/CountApplet.java
173,/home/runner/work/javassist/javassist/sample/reflect/VerboseMetaobj.java
174,/home/runner/work/javassist/javassist/sample/reflect/Person.java
176,/home/runner/work/javassist/javassist/sample/preproc/package.html
177,/home/runner/work/javassist/javassist/sample/preproc/Compiler.java
179,/home/runner/work/javassist/javassist/sample/hotswap/Test.java
180,/home/runner/work/javassist/javassist/sample/evolve/update.html
181,/home/runner/work/javassist/javassist/sample/evolve/start.html
182,/home/runner/work/javassist/javassist/sample/evolve/WebPage.java
184,/home/runner/work/javassist/javassist/sample/evolve/VersionManager.java
185,/home/runner/work/javassist/javassist/sample/evolve/Sample.java
186,/home/runner/work/javassist/javassist/sample/evolve/Evolution.java
187,/home/runner/work/javassist/javassist/sample/evolve/DemoServer.java
188,/home/runner/work/javassist/javassist/sample/evolve/DemoLoader.java
189,/home/runner/work/javassist/javassist/sample/evolve/CannotUpdateException.java
190,/home/runner/work/javassist/javassist/sample/duplicate/Viewer.java
191,/home/runner/work/javassist/javassist/sample/duplicate/Main.java
192,/home/runner/work/javassist/javassist/sample/duplicate/DuplicatedObject.java
