,file_name
13,/home/runner/work/javassist/javassist/tutorial/tutorial2.html
14,/home/runner/work/javassist/javassist/tutorial/tutorial.html
15,/home/runner/work/javassist/javassist/License.html
162,/home/runner/work/javassist/javassist/src/test/javassist/bytecode/Gap0Example.class
163,/home/runner/work/javassist/javassist/src/test/Readme.txt
164,/home/runner/work/javassist/javassist/sample/vector/VectorAssistant.java
165,/home/runner/work/javassist/javassist/sample/vector/Test.j
166,/home/runner/work/javassist/javassist/build.xml
167,/home/runner/work/javassist/javassist/README.md
168,/home/runner/work/javassist/javassist/Examples.md
169,/home/runner/work/javassist/javassist/Changes.md
170,/home/runner/work/javassist/javassist/.gitignore
171,/home/runner/work/javassist/javassist/.github/workflows/maven.yml
172,/home/runner/work/javassist/javassist/sample/duplicate/Ball.java
173,/home/runner/work/javassist/javassist/sample/Test.java
174,/home/runner/work/javassist/javassist/sample/duplicate/DuplicatedObject.java
175,/home/runner/work/javassist/javassist/sample/vector/Sample2.java
176,/home/runner/work/javassist/javassist/sample/preproc/Assistant.java
177,/home/runner/work/javassist/javassist/sample/vector/Sample.java
178,/home/runner/work/javassist/javassist/sample/rmi/webdemo.html
179,/home/runner/work/javassist/javassist/sample/rmi/start.html
180,/home/runner/work/javassist/javassist/sample/rmi/inside.gif
181,/home/runner/work/javassist/javassist/sample/rmi/Counter.java
182,/home/runner/work/javassist/javassist/sample/rmi/CountApplet.java
183,/home/runner/work/javassist/javassist/sample/rmi/AlertDialog.java
184,/home/runner/work/javassist/javassist/sample/reflect/VerboseMetaobj.java
185,/home/runner/work/javassist/javassist/sample/reflect/Person.java
186,/home/runner/work/javassist/javassist/sample/reflect/Main.java
187,/home/runner/work/javassist/javassist/sample/preproc/package.html
188,/home/runner/work/javassist/javassist/sample/preproc/Compiler.java
189,/home/runner/work/javassist/javassist/sample/hotswap/Test.java
190,/home/runner/work/javassist/javassist/sample/duplicate/Main.java
191,/home/runner/work/javassist/javassist/sample/evolve/update.html
192,/home/runner/work/javassist/javassist/sample/evolve/start.html
193,/home/runner/work/javassist/javassist/sample/evolve/demo.html
194,/home/runner/work/javassist/javassist/sample/evolve/WebPage.java
195,/home/runner/work/javassist/javassist/sample/evolve/VersionManager.java
196,/home/runner/work/javassist/javassist/sample/evolve/Sample.java
197,/home/runner/work/javassist/javassist/sample/evolve/Evolution.java
198,/home/runner/work/javassist/javassist/sample/evolve/DemoServer.java
199,/home/runner/work/javassist/javassist/sample/evolve/DemoLoader.java
200,/home/runner/work/javassist/javassist/sample/evolve/CannotUpdateException.java
201,/home/runner/work/javassist/javassist/sample/evolve/CannotCreateException.java
202,/home/runner/work/javassist/javassist/sample/duplicate/Viewer.java
203,/home/runner/work/javassist/javassist/tutorial/tutorial3.html
204,/home/runner/work/javassist/javassist/tutorial/brown.css
