,file_name,last_access_index,last_modify_index,creation_index,last_access_step,last_modify_step,creation_step
0,/home/runner/work/javassist/javassist/target/javassist-3.29.2-GA.jar,-1,926294,907697,Not provided,BuildwithMaven,BuildwithMaven
1,/home/runner/work/javassist/javassist/target/javassist-3.29.2-GA-sources.jar,-1,934790,927343,Not provided,BuildwithMaven,BuildwithMaven
2,/home/runner/work/javassist/javassist/target/classes/META-INF/MANIFEST.MF,410288,927313,354861,BuildwithMaven,BuildwithMaven,BuildwithMaven
3,/home/runner/work/javassist/javassist/target/runtest/test1/AnnoTest.class,-1,408526,408391,Not provided,BuildwithMaven,BuildwithMaven
4,/home/runner/work/javassist/javassist/target/runtest/test-hibernate.class,-1,408821,408723,Not provided,BuildwithMaven,BuildwithMaven
5,/home/runner/work/javassist/javassist/target/runtest/TooManyConstPoolItems.class,-1,408019,407973,Not provided,BuildwithMaven,BuildwithMaven
6,/home/runner/work/javassist/javassist/target/surefire-reports/TEST-javassist.JvstTest.xml,-1,409902,409895,Not provided,BuildwithMaven,BuildwithMaven
7,/home/runner/work/javassist/javassist/target/runtest/test3/JIRA63.class,-1,364993,364984,Not provided,BuildwithMaven,BuildwithMaven
8,/home/runner/work/javassist/javassist/tutorial/tutorial2.html,-1,2587,2583,Not provided,uses-checkout,uses-checkout
9,/home/runner/work/javassist/javassist/target/maven-status/maven-compiler-plugin/testCompile/default-testCompile/inputFiles.lst,-1,361543,361539,Not provided,BuildwithMaven,BuildwithMaven
10,/home/runner/work/javassist/javassist/target/runtest/test3/Clazz67.class,-1,364794,364790,Not provided,BuildwithMaven,BuildwithMaven
11,/home/runner/work/javassist/javassist/tutorial/tutorial.html,-1,2581,2577,Not provided,uses-checkout,uses-checkout
12,/home/runner/work/javassist/javassist/target/maven-status/maven-compiler-plugin/compile/default-compile/createdFiles.lst,-1,4727,4723,Not provided,BuildwithMaven,BuildwithMaven
13,/home/runner/work/javassist/javassist/target/maven-status/maven-compiler-plugin/testCompile/default-testCompile/createdFiles.lst,-1,361537,361533,Not provided,BuildwithMaven,BuildwithMaven
14,/home/runner/work/javassist/javassist/target/maven-status/maven-compiler-plugin/compile/default-compile/inputFiles.lst,-1,4733,4729,Not provided,BuildwithMaven,BuildwithMaven
15,/home/runner/work/javassist/javassist/License.html,-1,1099,1096,Not provided,uses-checkout,uses-checkout
16,/home/runner/work/javassist/javassist/target/test-classes/test4/GetAllRefInnerTest$1.class,-1,359871,359869,Not provided,BuildwithMaven,BuildwithMaven
17,/home/runner/work/javassist/javassist/target/test-classes/test4/GetAllRefInnerTest2$1.class,-1,359863,359861,Not provided,BuildwithMaven,BuildwithMaven
18,/home/runner/work/javassist/javassist/target/test-classes/test4/GetAllRefInnerTest2.class,-1,359867,359865,Not provided,BuildwithMaven,BuildwithMaven
19,/home/runner/work/javassist/javassist/target/test-classes/test4/GetAllRefInnerTest$2.class,-1,359875,359873,Not provided,BuildwithMaven,BuildwithMaven
20,/home/runner/work/javassist/javassist/target/test-classes/test5/JIRA246.class,-1,359793,359791,Not provided,BuildwithMaven,BuildwithMaven
21,/home/runner/work/javassist/javassist/target/test-classes/scoped/UnscopedAnnotationDefaultUsage.class,-1,359710,359708,Not provided,BuildwithMaven,BuildwithMaven
22,/home/runner/work/javassist/javassist/target/test-classes/test1/BenchProceedNew.class,-1,359686,359684,Not provided,BuildwithMaven,BuildwithMaven
23,/home/runner/work/javassist/javassist/target/test-classes/test1/BenchProceedNew3.class,-1,359682,359680,Not provided,BuildwithMaven,BuildwithMaven
24,/home/runner/work/javassist/javassist/target/test-classes/test1/BenchProceedNew2.class,-1,359678,359676,Not provided,BuildwithMaven,BuildwithMaven
25,/home/runner/work/javassist/javassist/target/test-classes/javassist/compiler/CodeTest.class,-1,359670,359668,Not provided,BuildwithMaven,BuildwithMaven
26,/home/runner/work/javassist/javassist/target/test-classes/test3/Visible2.class,-1,359642,359640,Not provided,BuildwithMaven,BuildwithMaven
27,/home/runner/work/javassist/javassist/target/test-classes/javassist/Bench$2.class,-1,360209,360207,Not provided,BuildwithMaven,BuildwithMaven
28,/home/runner/work/javassist/javassist/target/test-classes/javassist/Bench$1.class,-1,360205,360203,Not provided,BuildwithMaven,BuildwithMaven
29,/home/runner/work/javassist/javassist/target/test-classes/scoped/jar1/FullyScopedAnnotationUsage.class,-1,360197,360195,Not provided,BuildwithMaven,BuildwithMaven
30,/home/runner/work/javassist/javassist/target/test-classes/test1/StaticField.class,-1,360193,360191,Not provided,BuildwithMaven,BuildwithMaven
31,/home/runner/work/javassist/javassist/target/test-classes/javassist/Bench$3.class,-1,360213,360211,Not provided,BuildwithMaven,BuildwithMaven
32,/home/runner/work/javassist/javassist/target/test-classes/javassist/Bench$4.class,-1,360217,360215,Not provided,BuildwithMaven,BuildwithMaven
33,/home/runner/work/javassist/javassist/target/test-classes/javassist/Bench$5.class,-1,360221,360219,Not provided,BuildwithMaven,BuildwithMaven
34,/home/runner/work/javassist/javassist/target/test-classes/test5/InnerModifier2.class,-1,360273,360271,Not provided,BuildwithMaven,BuildwithMaven
35,/home/runner/work/javassist/javassist/target/test-classes/test4/NestedClass$S.class,-1,360313,360311,Not provided,BuildwithMaven,BuildwithMaven
36,/home/runner/work/javassist/javassist/target/test-classes/test4/NestedClass$S$S2.class,-1,360309,360307,Not provided,BuildwithMaven,BuildwithMaven
37,/home/runner/work/javassist/javassist/target/test-classes/test4/NestedClass$N.class,-1,360305,360303,Not provided,BuildwithMaven,BuildwithMaven
38,/home/runner/work/javassist/javassist/target/test-classes/test5/NestHost2$Bar.class,-1,360297,360295,Not provided,BuildwithMaven,BuildwithMaven
39,/home/runner/work/javassist/javassist/target/test-classes/test2/Inner2$Child.class,-1,360285,360283,Not provided,BuildwithMaven,BuildwithMaven
40,/home/runner/work/javassist/javassist/target/test-classes/javassist/Bench$6.class,-1,360225,360223,Not provided,BuildwithMaven,BuildwithMaven
41,/home/runner/work/javassist/javassist/target/test-classes/javassist/Bench.class,-1,360233,360231,Not provided,BuildwithMaven,BuildwithMaven
42,/home/runner/work/javassist/javassist/target/test-classes/javassist/Bench$7.class,-1,360229,360227,Not provided,BuildwithMaven,BuildwithMaven
43,/home/runner/work/javassist/javassist/target/test-classes/javassist/ClassPoolBench.class,-1,359973,359971,Not provided,BuildwithMaven,BuildwithMaven
44,/home/runner/work/javassist/javassist/target/test-classes/scoped/UnscopedAnnotationUsage.class,-1,359969,359967,Not provided,BuildwithMaven,BuildwithMaven
45,/home/runner/work/javassist/javassist/target/test-classes/scoped/jar1/FullyScopedAnnotationDefaultUsage.class,-1,359965,359963,Not provided,BuildwithMaven,BuildwithMaven
46,/home/runner/work/javassist/javassist/target/test-classes/scoped/jar1/ScopedTestAnnotation.class,-1,359497,359495,Not provided,BuildwithMaven,BuildwithMaven
47,/home/runner/work/javassist/javassist/target/test-classes/scoped/TestAnnotation.class,-1,358869,358867,Not provided,BuildwithMaven,BuildwithMaven
48,/home/runner/work/javassist/javassist/target/test-classes/scoped/jar1/ScopedAnnotationDefaultUsage.class,-1,358865,358863,Not provided,BuildwithMaven,BuildwithMaven
49,/home/runner/work/javassist/javassist/target/test-classes/test2/ReplaceClassName3.class,-1,358797,358795,Not provided,BuildwithMaven,BuildwithMaven
50,/home/runner/work/javassist/javassist/target/test-classes/test2/ReplaceClassName2.class,-1,358793,358791,Not provided,BuildwithMaven,BuildwithMaven
51,/home/runner/work/javassist/javassist/target/test-classes/test5/InnerClassRemove$C.class,-1,358973,358971,Not provided,BuildwithMaven,BuildwithMaven
52,/home/runner/work/javassist/javassist/target/test-classes/test5/InnerClassRemove$B.class,-1,358969,358967,Not provided,BuildwithMaven,BuildwithMaven
53,/home/runner/work/javassist/javassist/target/test-classes/test5/InnerClassRemove$A.class,-1,358965,358963,Not provided,BuildwithMaven,BuildwithMaven
54,/home/runner/work/javassist/javassist/target/test-classes/test/javassist/bytecode/analysis/DomTreePrinter.class,-1,358905,358903,Not provided,BuildwithMaven,BuildwithMaven
55,/home/runner/work/javassist/javassist/target/test-classes/test/javassist/convert/InstrumentationTarget$Itr.class,-1,358785,358783,Not provided,BuildwithMaven,BuildwithMaven
56,/home/runner/work/javassist/javassist/target/test-classes/test3/InnerClass.class,-1,359493,359491,Not provided,BuildwithMaven,BuildwithMaven
57,/home/runner/work/javassist/javassist/target/test-classes/javassist/compiler/ParseTest.class,-1,358658,358656,Not provided,BuildwithMaven,BuildwithMaven
58,/home/runner/work/javassist/javassist/target/test-classes/testproxy/Target127.class,-1,358584,358582,Not provided,BuildwithMaven,BuildwithMaven
59,/home/runner/work/javassist/javassist/target/test-classes/testproxy/Target127$RealSub.class,-1,358580,358578,Not provided,BuildwithMaven,BuildwithMaven
60,/home/runner/work/javassist/javassist/target/test-classes/test2/Nested$Inner2.class,-1,358757,358755,Not provided,BuildwithMaven,BuildwithMaven
61,/home/runner/work/javassist/javassist/target/test-classes/test1/BenchProceed.class,-1,358749,358747,Not provided,BuildwithMaven,BuildwithMaven
62,/home/runner/work/javassist/javassist/target/test-classes/test1/BenchProceed2.class,-1,358745,358743,Not provided,BuildwithMaven,BuildwithMaven
63,/home/runner/work/javassist/javassist/target/test-classes/testproxy/Target189.class,-1,358741,358739,Not provided,BuildwithMaven,BuildwithMaven
64,/home/runner/work/javassist/javassist/target/test-classes/test1/BenchStaticMethod.class,-1,358713,358711,Not provided,BuildwithMaven,BuildwithMaven
65,/home/runner/work/javassist/javassist/target/test-classes/test3/Enhancer.class,-1,358697,358695,Not provided,BuildwithMaven,BuildwithMaven
66,/home/runner/work/javassist/javassist/target/test-classes/test3/Enhancer$Interceptor.class,-1,358693,358691,Not provided,BuildwithMaven,BuildwithMaven
67,/home/runner/work/javassist/javassist/target/test-classes/test3/Enhancer$1.class,-1,358689,358687,Not provided,BuildwithMaven,BuildwithMaven
68,/home/runner/work/javassist/javassist/target/test-classes/test3/EnhanceTest.class,-1,358682,358680,Not provided,BuildwithMaven,BuildwithMaven
69,/home/runner/work/javassist/javassist/target/test-classes/test/javassist/bytecode/analysis/AnalyzerTest$Dummy$A3.class,-1,359341,359339,Not provided,BuildwithMaven,BuildwithMaven
70,/home/runner/work/javassist/javassist/target/test-classes/test/javassist/bytecode/analysis/AnalyzerTest$Dummy$A2.class,-1,359337,359335,Not provided,BuildwithMaven,BuildwithMaven
71,/home/runner/work/javassist/javassist/target/test-classes/test3/NewClass2.class,-1,359321,359319,Not provided,BuildwithMaven,BuildwithMaven
72,/home/runner/work/javassist/javassist/target/test-classes/test/javassist/bytecode/analysis/ErrorFinder.class,-1,359279,359277,Not provided,BuildwithMaven,BuildwithMaven
73,/home/runner/work/javassist/javassist/target/test-classes/test1/GetThrow1.class,-1,359369,359367,Not provided,BuildwithMaven,BuildwithMaven
74,/home/runner/work/javassist/javassist/target/test-classes/test1/GetThrow2.class,-1,359373,359371,Not provided,BuildwithMaven,BuildwithMaven
75,/home/runner/work/javassist/javassist/target/test-classes/VisibleTop2.class,-1,359413,359411,Not provided,BuildwithMaven,BuildwithMaven
76,/home/runner/work/javassist/javassist/target/test-classes/javassist/JvstTest4$Inner1.class,-1,359059,359057,Not provided,BuildwithMaven,BuildwithMaven
77,/home/runner/work/javassist/javassist/target/test-classes/javassist/bytecode/StackMapTest$T8dd.class,-1,359219,359217,Not provided,BuildwithMaven,BuildwithMaven
78,/home/runner/work/javassist/javassist/target/test-classes/javassist/bytecode/StackMapTest$I8d.class,-1,359215,359213,Not provided,BuildwithMaven,BuildwithMaven
79,/home/runner/work/javassist/javassist/target/test-classes/test3/NestedClass$Inner.class,-1,360396,360394,Not provided,BuildwithMaven,BuildwithMaven
80,/home/runner/work/javassist/javassist/target/runtest/test1/SetName3.class,-1,363789,363787,Not provided,BuildwithMaven,BuildwithMaven
81,/home/runner/work/javassist/javassist/target/runtest/test1/SetName2.class,-1,363785,363783,Not provided,BuildwithMaven,BuildwithMaven
82,/home/runner/work/javassist/javassist/target/runtest/test1/Freeze.class,-1,363736,363734,Not provided,BuildwithMaven,BuildwithMaven
83,/home/runner/work/javassist/javassist/target/runtest/test1/NewInterface2.class,-1,363682,363680,Not provided,BuildwithMaven,BuildwithMaven
84,/home/runner/work/javassist/javassist/target/runtest/test1/NewInterface.class,-1,363678,363676,Not provided,BuildwithMaven,BuildwithMaven
85,/home/runner/work/javassist/javassist/target/runtest/test2/MethodCall.class,-1,364167,364165,Not provided,BuildwithMaven,BuildwithMaven
86,/home/runner/work/javassist/javassist/target/runtest/test2/Inner.class,-1,364086,364084,Not provided,BuildwithMaven,BuildwithMaven
87,/home/runner/work/javassist/javassist/target/runtest/test2/Inherit.class,-1,364076,364074,Not provided,BuildwithMaven,BuildwithMaven
88,/home/runner/work/javassist/javassist/target/test-classes/javassist/compiler/LexTest.class,-1,361331,361329,Not provided,BuildwithMaven,BuildwithMaven
89,/home/runner/work/javassist/javassist/target/test-classes/scoped/jar1/ScopedAnnotationUsage.class,-1,361327,361325,Not provided,BuildwithMaven,BuildwithMaven
90,/home/runner/work/javassist/javassist/target/test-classes/test1/Point.class,-1,361315,361313,Not provided,BuildwithMaven,BuildwithMaven
91,/home/runner/work/javassist/javassist/target/test-classes/javassist/HotswapTest$Foo.class,-1,361291,361289,Not provided,BuildwithMaven,BuildwithMaven
92,/home/runner/work/javassist/javassist/target/test-classes/test2/StaticArraysMem.class,-1,361271,361269,Not provided,BuildwithMaven,BuildwithMaven
93,/home/runner/work/javassist/javassist/target/runtest/test1/MySerializableClass.class,-1,363112,363110,Not provided,BuildwithMaven,BuildwithMaven
94,/home/runner/work/javassist/javassist/target/runtest/test2/NewOp.class,-1,364271,364269,Not provided,BuildwithMaven,BuildwithMaven
95,/home/runner/work/javassist/javassist/target/runtest/test2/NullArgTest.class,-1,364275,364273,Not provided,BuildwithMaven,BuildwithMaven
96,/home/runner/work/javassist/javassist/target/runtest/test5/NestHost4$InnerClass1.class,-1,407877,407875,Not provided,BuildwithMaven,BuildwithMaven
97,/home/runner/work/javassist/javassist/target/runtest/test5/NestHost4$InnerClass1$InnerClass5.class,-1,407887,407885,Not provided,BuildwithMaven,BuildwithMaven
98,/home/runner/work/javassist/javassist/target/runtest/test5/InnerModifier$Static.class,-1,408363,408361,Not provided,BuildwithMaven,BuildwithMaven
99,/home/runner/work/javassist/javassist/target/runtest/test5/InnerModifier$NonStatic.class,-1,408356,408354,Not provided,BuildwithMaven,BuildwithMaven
100,/home/runner/work/javassist/javassist/target/runtest/test4/TestDeadcode.class,-1,365334,365332,Not provided,BuildwithMaven,BuildwithMaven
101,/home/runner/work/javassist/javassist/target/runtest/test3/PublicInner$Inner.class,-1,364575,364573,Not provided,BuildwithMaven,BuildwithMaven
102,/home/runner/work/javassist/javassist/target/runtest/test3/PublicInner.class,-1,364571,364569,Not provided,BuildwithMaven,BuildwithMaven
103,/home/runner/work/javassist/javassist/target/runtest/test2/SuperInterface3.class,-1,364400,364398,Not provided,BuildwithMaven,BuildwithMaven
104,/home/runner/work/javassist/javassist/target/runtest/test4/WrittenFile2sub.class,-1,365270,365268,Not provided,BuildwithMaven,BuildwithMaven
105,/home/runner/work/javassist/javassist/target/runtest/test4/AnnoLoad.class,-1,365217,365215,Not provided,BuildwithMaven,BuildwithMaven
106,/home/runner/work/javassist/javassist/target/runtest/test4/AnnoLoadAnno.class,-1,365210,365208,Not provided,BuildwithMaven,BuildwithMaven
107,/home/runner/work/javassist/javassist/target/runtest/test3/StaticFinalField.class,-1,364923,364921,Not provided,BuildwithMaven,BuildwithMaven
108,/home/runner/work/javassist/javassist/target/test-classes/Jassist150$1.class,-1,360607,360605,Not provided,BuildwithMaven,BuildwithMaven
109,/home/runner/work/javassist/javassist/target/test-classes/javassist/ConcurrentClassDefinitionTest.class,-1,360627,360625,Not provided,BuildwithMaven,BuildwithMaven
110,/home/runner/work/javassist/javassist/target/test-classes/javassist/ConcurrentClassDefinitionTest$Worker.class,-1,360623,360621,Not provided,BuildwithMaven,BuildwithMaven
111,/home/runner/work/javassist/javassist/target/test-classes/test/javassist/proxy/ProxySimpleTest$Default4.class,-1,360715,360713,Not provided,BuildwithMaven,BuildwithMaven
112,/home/runner/work/javassist/javassist/target/test-classes/Jassist150.class,-1,360611,360609,Not provided,BuildwithMaven,BuildwithMaven
113,/home/runner/work/javassist/javassist/target/test-classes/test3/NestedClass$1Local.class,-1,360408,360406,Not provided,BuildwithMaven,BuildwithMaven
114,/home/runner/work/javassist/javassist/target/test-classes/test3/NestedClass$1.class,-1,360404,360402,Not provided,BuildwithMaven,BuildwithMaven
115,/home/runner/work/javassist/javassist/target/test-classes/test3/NestedClass$StaticNested.class,-1,360400,360398,Not provided,BuildwithMaven,BuildwithMaven
116,/home/runner/work/javassist/javassist/target/test-classes/scoped/ScopedRepositoryTestCase.class,-1,360368,360366,Not provided,BuildwithMaven,BuildwithMaven
117,/home/runner/work/javassist/javassist/target/test-classes/test4/JIRA220intf.class,-1,360337,360335,Not provided,BuildwithMaven,BuildwithMaven
118,/home/runner/work/javassist/javassist/target/test-classes/test3/PublicInner2$PS.class,-1,360511,360509,Not provided,BuildwithMaven,BuildwithMaven
119,/home/runner/work/javassist/javassist/target/test-classes/Test.class,-1,360563,360561,Not provided,BuildwithMaven,BuildwithMaven
120,/home/runner/work/javassist/javassist/target/test-classes/InvalidStackMapFrame.class,-1,360559,360557,Not provided,BuildwithMaven,BuildwithMaven
121,/home/runner/work/javassist/javassist/target/test-classes/test4/Signature$Foo.class,-1,360551,360549,Not provided,BuildwithMaven,BuildwithMaven
122,/home/runner/work/javassist/javassist/target/test-classes/test4/ImportPac.class,-1,361121,361119,Not provided,BuildwithMaven,BuildwithMaven
123,/home/runner/work/javassist/javassist/target/test-classes/javassist/tools/reflect/ClassMetaobjectTest.class,-1,361117,361115,Not provided,BuildwithMaven,BuildwithMaven
124,/home/runner/work/javassist/javassist/target/test-classes/javassist/tools/reflect/Person.class,-1,361101,361099,Not provided,BuildwithMaven,BuildwithMaven
125,/home/runner/work/javassist/javassist/target/test-classes/test4/JIRA181$B.class,-1,361079,361077,Not provided,BuildwithMaven,BuildwithMaven
126,/home/runner/work/javassist/javassist/target/test-classes/test4/JIRA181$ICondition.class,-1,361075,361073,Not provided,BuildwithMaven,BuildwithMaven
127,/home/runner/work/javassist/javassist/target/test-classes/scoped/jar1/TestClass1.class,-1,361063,361061,Not provided,BuildwithMaven,BuildwithMaven
128,/home/runner/work/javassist/javassist/target/test-classes/test5/NestHost$Bar.class,-1,361215,361213,Not provided,BuildwithMaven,BuildwithMaven
129,/home/runner/work/javassist/javassist/target/test-classes/test5/RemoveAnno2.class,-1,360847,360845,Not provided,BuildwithMaven,BuildwithMaven
130,/home/runner/work/javassist/javassist/target/test-classes/test5/RemoveAnno1.class,-1,360843,360841,Not provided,BuildwithMaven,BuildwithMaven
131,/home/runner/work/javassist/javassist/target/test-classes/test3/PackName2.class,-1,360831,360829,Not provided,BuildwithMaven,BuildwithMaven
132,/home/runner/work/javassist/javassist/target/test-classes/test5/JIRA242.class,-1,360823,360821,Not provided,BuildwithMaven,BuildwithMaven
133,/home/runner/work/javassist/javassist/target/test-classes/javassist/bytecode/CodeAnalyzerTest.class,-1,361013,361011,Not provided,BuildwithMaven,BuildwithMaven
134,/home/runner/work/javassist/javassist/target/test-classes/test4/GetAllRefAnnoC4.class,-1,360997,360995,Not provided,BuildwithMaven,BuildwithMaven
135,/home/runner/work/javassist/javassist/target/test-classes/test4/GetAllRefAnnoC3.class,-1,360993,360991,Not provided,BuildwithMaven,BuildwithMaven
136,/home/runner/work/javassist/javassist/target/test-classes/test4/GetAllRefAnnoC2.class,-1,360989,360987,Not provided,BuildwithMaven,BuildwithMaven
137,/home/runner/work/javassist/javassist/target/test-classes/test4/GetAllRefAnnoC.class,-1,360985,360983,Not provided,BuildwithMaven,BuildwithMaven
138,/home/runner/work/javassist/javassist/target/test-classes/test4/GetAllRefAnno.class,-1,360981,360979,Not provided,BuildwithMaven,BuildwithMaven
139,/home/runner/work/javassist/javassist/target/test-classes/test4/GetAllRefEnum.class,-1,360977,360975,Not provided,BuildwithMaven,BuildwithMaven
140,/home/runner/work/javassist/javassist/target/test-classes/annotation/Tag.class,-1,360953,360951,Not provided,BuildwithMaven,BuildwithMaven
141,/home/runner/work/javassist/javassist/target/test-classes/annotation/EnumTest.class,-1,360949,360947,Not provided,BuildwithMaven,BuildwithMaven
142,/home/runner/work/javassist/javassist/tutorial/tutorial3.html,-1,2591,2589,Not provided,uses-checkout,uses-checkout
143,/home/runner/work/javassist/javassist/target/runtest/javassist/bytecode/Gap0Example2.class,-1,409062,409060,Not provided,BuildwithMaven,BuildwithMaven
144,/home/runner/work/javassist/javassist/target/runtest/reflected/javassist/tools/reflect/SuperClass.class,-1,409121,409119,Not provided,BuildwithMaven,BuildwithMaven
145,/home/runner/work/javassist/javassist/src/test/Readme.txt,-1,1339,1337,Not provided,uses-checkout,uses-checkout
146,/home/runner/work/javassist/javassist/sample/vector/VectorAssistant.java,-1,1323,1321,Not provided,uses-checkout,uses-checkout
147,/home/runner/work/javassist/javassist/sample/vector/Test.j,-1,1319,1317,Not provided,uses-checkout,uses-checkout
148,/home/runner/work/javassist/javassist/sample/vector/Sample2.java,-1,1315,1313,Not provided,uses-checkout,uses-checkout
149,/home/runner/work/javassist/javassist/sample/rmi/webdemo.html,-1,1306,1304,Not provided,uses-checkout,uses-checkout
150,/home/runner/work/javassist/javassist/sample/rmi/start.html,-1,1302,1300,Not provided,uses-checkout,uses-checkout
151,/home/runner/work/javassist/javassist/sample/rmi/inside.gif,-1,1298,1296,Not provided,uses-checkout,uses-checkout
152,/home/runner/work/javassist/javassist/sample/rmi/Counter.java,-1,1294,1292,Not provided,uses-checkout,uses-checkout
153,/home/runner/work/javassist/javassist/sample/rmi/CountApplet.java,-1,1290,1288,Not provided,uses-checkout,uses-checkout
154,/home/runner/work/javassist/javassist/target/runtest/testproxy/BridgeMethod_$$_jvst655_7.class,-1,409236,409234,Not provided,BuildwithMaven,BuildwithMaven
155,/home/runner/work/javassist/javassist/src/test/javassist/bytecode/Gap0Example.class,-1,1432,1430,Not provided,uses-checkout,uses-checkout
156,/home/runner/work/javassist/javassist/target/runtest/javassist/bytecode/StackMapTest$T8d.class,-1,409016,409014,Not provided,BuildwithMaven,BuildwithMaven
157,/home/runner/work/javassist/javassist/target/runtest/javassist/bytecode/Gap0Example.class,-1,409055,409053,Not provided,BuildwithMaven,BuildwithMaven
158,/home/runner/work/javassist/javassist/sample/reflect/VerboseMetaobj.java,-1,1280,1278,Not provided,uses-checkout,uses-checkout
159,/home/runner/work/javassist/javassist/sample/reflect/Person.java,-1,1276,1274,Not provided,uses-checkout,uses-checkout
160,/home/runner/work/javassist/javassist/sample/preproc/package.html,-1,1266,1264,Not provided,uses-checkout,uses-checkout
161,/home/runner/work/javassist/javassist/target/runtest/proxy/test/javassist/proxy/ProxySimpleTest$Default3_$$_jvst655_273d.class,-1,409756,409754,Not provided,BuildwithMaven,BuildwithMaven
162,/home/runner/work/javassist/javassist/sample/preproc/Compiler.java,-1,1262,1260,Not provided,uses-checkout,uses-checkout
163,/home/runner/work/javassist/javassist/.github/workflows/maven.yml,-1,1078,1076,Not provided,uses-checkout,uses-checkout
164,/home/runner/work/javassist/javassist/.gitignore,-1,1086,1084,Not provided,uses-checkout,uses-checkout
165,/home/runner/work/javassist/javassist/Changes.md,-1,1090,1088,Not provided,uses-checkout,uses-checkout
166,/home/runner/work/javassist/javassist/target/runtest/testproxy/Target_$$_jvst655_11.class,-1,409391,409389,Not provided,BuildwithMaven,BuildwithMaven
167,/home/runner/work/javassist/javassist/sample/hotswap/Test.java,-1,1248,1246,Not provided,uses-checkout,uses-checkout
168,/home/runner/work/javassist/javassist/sample/evolve/update.html,-1,1238,1236,Not provided,uses-checkout,uses-checkout
169,/home/runner/work/javassist/javassist/sample/evolve/start.html,-1,1234,1232,Not provided,uses-checkout,uses-checkout
170,/home/runner/work/javassist/javassist/sample/evolve/demo.html,-1,1224,1222,Not provided,uses-checkout,uses-checkout
171,/home/runner/work/javassist/javassist/sample/evolve/WebPage.java,-1,1220,1218,Not provided,uses-checkout,uses-checkout
172,/home/runner/work/javassist/javassist/sample/evolve/VersionManager.java,-1,1216,1214,Not provided,uses-checkout,uses-checkout
173,/home/runner/work/javassist/javassist/sample/evolve/Sample.java,-1,1212,1210,Not provided,uses-checkout,uses-checkout
174,/home/runner/work/javassist/javassist/sample/evolve/Evolution.java,-1,1208,1206,Not provided,uses-checkout,uses-checkout
175,/home/runner/work/javassist/javassist/sample/evolve/DemoServer.java,-1,1204,1202,Not provided,uses-checkout,uses-checkout
176,/home/runner/work/javassist/javassist/sample/evolve/DemoLoader.java,-1,1200,1198,Not provided,uses-checkout,uses-checkout
177,/home/runner/work/javassist/javassist/sample/evolve/CannotUpdateException.java,-1,1196,1194,Not provided,uses-checkout,uses-checkout
178,/home/runner/work/javassist/javassist/target/runtest/proxy/test/javassist/proxy/ProxySimpleTest$PubProxy_$$_jvst655_2734.class,-1,409664,409662,Not provided,BuildwithMaven,BuildwithMaven
179,/home/runner/work/javassist/javassist/sample/duplicate/Viewer.java,-1,1186,1184,Not provided,uses-checkout,uses-checkout
180,/home/runner/work/javassist/javassist/sample/duplicate/Main.java,-1,1182,1180,Not provided,uses-checkout,uses-checkout
181,/home/runner/work/javassist/javassist/sample/duplicate/DuplicatedObject.java,-1,1178,1176,Not provided,uses-checkout,uses-checkout
182,/home/runner/work/javassist/javassist/target/runtest/proxy/test/javassist/proxy/ProxySimpleTest$Default2_$$_jvst655_273b.class,-1,409733,409731,Not provided,BuildwithMaven,BuildwithMaven
183,/home/runner/work/javassist/javassist/build.xml,-1,1107,1105,Not provided,uses-checkout,uses-checkout
184,/home/runner/work/javassist/javassist/README.md,-1,1103,1101,Not provided,uses-checkout,uses-checkout
185,/home/runner/work/javassist/javassist/Examples.md,-1,1094,1092,Not provided,uses-checkout,uses-checkout
186,/home/runner/work/javassist/javassist/target/test-classes/Readme.txt,-1,356217,356214,Not provided,BuildwithMaven,BuildwithMaven
187,/home/runner/work/javassist/javassist/target/test-classes/test/javassist/bytecode/analysis/ScannerTest.class,-1,358422,358420,Not provided,BuildwithMaven,BuildwithMaven
188,/home/runner/work/javassist/javassist/target/runtest/test1/LocalVars2.class,-1,408387,408385,Not provided,BuildwithMaven,BuildwithMaven
189,/home/runner/work/javassist/javassist/target/test-classes/test1/RenameClass2.class,-1,358458,358456,Not provided,BuildwithMaven,BuildwithMaven
190,/home/runner/work/javassist/javassist/target/test-classes/test3/NewExprTryCatch2.class,-1,358426,358424,Not provided,BuildwithMaven,BuildwithMaven
191,/home/runner/work/javassist/javassist/target/runtest/javassist/bytecode/StackMapTest$C6.class,-1,408721,408719,Not provided,BuildwithMaven,BuildwithMaven
192,/home/runner/work/javassist/javassist/target/runtest/test5/InnerModifier.class,-1,408367,408365,Not provided,BuildwithMaven,BuildwithMaven
193,/home/runner/work/javassist/javassist/target/runtest/proxy/javassist/util/proxy/test_javassist_proxy_ProxySimpleTest$PubProxy2_$$_jvst655_273c.class,-1,409744,-1,Not provided,BuildwithMaven,Not provided
194,/home/runner/work/javassist/javassist/target/surefire-reports/javassist.JvstTest.txt,-1,409893,-1,Not provided,BuildwithMaven,Not provided
195,/home/runner/work/javassist/javassist/target/runtest/proxy/test/javassist/proxy/ProxySimpleTest$Foo_$$_jvst655_2733.class,-1,409654,-1,Not provided,BuildwithMaven,Not provided
196,/home/runner/work/javassist/javassist/target/test-classes/testproxy/sub/TargetSuper.class,-1,361031,-1,Not provided,BuildwithMaven,Not provided
197,/home/runner/work/javassist/javassist/sample/preproc/Assistant.java,-1,1258,-1,Not provided,uses-checkout,Not provided
198,/home/runner/work/javassist/javassist/sample/rmi/AlertDialog.java,-1,1286,-1,Not provided,uses-checkout,Not provided
199,/home/runner/work/javassist/javassist/sample/reflect/Main.java,-1,1272,-1,Not provided,uses-checkout,Not provided
200,/home/runner/work/javassist/javassist/sample/hotswap/HelloWorld.java,-1,1244,-1,Not provided,uses-checkout,Not provided
201,/home/runner/work/javassist/javassist/sample/evolve/CannotCreateException.java,-1,1192,-1,Not provided,uses-checkout,Not provided
202,/home/runner/work/javassist/javassist/sample/duplicate/Ball.java,-1,1174,-1,Not provided,uses-checkout,Not provided
203,/home/runner/work/javassist/javassist/sample/Test.java,-1,1168,-1,Not provided,uses-checkout,Not provided
204,/home/runner/work/javassist/javassist/target/test-classes/annotation/Id.class,-1,360945,-1,Not provided,BuildwithMaven,Not provided
