,file_name,last_access_index,last_modify_index,creation_index,last_access_step,last_modify_step,creation_step
0,/home/runner/work/javassist/javassist/target/javassist-3.29.2-GA.jar,-1,1033556,1015961,Not provided,BuildwithMaven,BuildwithMaven
1,/home/runner/work/javassist/javassist/target/javassist-3.29.2-GA-sources.jar,-1,1038400,1034613,Not provided,BuildwithMaven,BuildwithMaven
2,/home/runner/work/javassist/javassist/target/classes/META-INF/MANIFEST.MF,471590,1034583,-1,BuildwithMaven,BuildwithMaven,Not provided
3,/home/runner/work/javassist/javassist/target/runtest/test1/AnnoTest.class,-1,469799,469664,Not provided,BuildwithMaven,BuildwithMaven
4,/home/runner/work/javassist/javassist/target/runtest/test-hibernate.class,-1,470094,469996,Not provided,BuildwithMaven,BuildwithMaven
5,/home/runner/work/javassist/javassist/target/runtest/TooManyConstPoolItems.class,-1,469292,469246,Not provided,BuildwithMaven,BuildwithMaven
6,/home/runner/work/javassist/javassist/target/surefire-reports/TEST-javassist.JvstTest.xml,-1,471204,471197,Not provided,BuildwithMaven,BuildwithMaven
7,/home/runner/work/javassist/javassist/tutorial/tutorial2.html,-1,2628,2624,Not provided,uses-checkout,uses-checkout
8,/home/runner/work/javassist/javassist/tutorial/tutorial.html,-1,2622,2618,Not provided,uses-checkout,uses-checkout
9,/home/runner/work/javassist/javassist/target/maven-status/maven-compiler-plugin/compile/default-compile/inputFiles.lst,-1,4794,4790,Not provided,BuildwithMaven,BuildwithMaven
10,/home/runner/work/javassist/javassist/target/maven-status/maven-compiler-plugin/compile/default-compile/createdFiles.lst,-1,4788,4784,Not provided,BuildwithMaven,BuildwithMaven
11,/home/runner/work/javassist/javassist/target/maven-status/maven-compiler-plugin/testCompile/default-testCompile/createdFiles.lst,-1,414168,414164,Not provided,BuildwithMaven,BuildwithMaven
12,/home/runner/work/javassist/javassist/target/runtest/test3/JIRA63.class,-1,417603,417594,Not provided,BuildwithMaven,BuildwithMaven
13,/home/runner/work/javassist/javassist/target/maven-status/maven-compiler-plugin/testCompile/default-testCompile/inputFiles.lst,-1,414174,414170,Not provided,BuildwithMaven,BuildwithMaven
14,/home/runner/work/javassist/javassist/License.html,-1,1105,1102,Not provided,uses-checkout,uses-checkout
15,/home/runner/work/javassist/javassist/target/test-classes/test4/GetAllRefInnerTest$1.class,-1,412490,412488,Not provided,BuildwithMaven,BuildwithMaven
16,/home/runner/work/javassist/javassist/target/test-classes/test4/GetAllRefInnerTest2$1.class,-1,412482,412480,Not provided,BuildwithMaven,BuildwithMaven
17,/home/runner/work/javassist/javassist/target/test-classes/test4/GetAllRefInnerTest2.class,-1,412486,412484,Not provided,BuildwithMaven,BuildwithMaven
18,/home/runner/work/javassist/javassist/target/test-classes/test4/GetAllRefInnerTest$2.class,-1,412494,412492,Not provided,BuildwithMaven,BuildwithMaven
19,/home/runner/work/javassist/javassist/target/test-classes/test5/JIRA246.class,-1,412424,412422,Not provided,BuildwithMaven,BuildwithMaven
20,/home/runner/work/javassist/javassist/target/test-classes/scoped/UnscopedAnnotationDefaultUsage.class,-1,412341,412339,Not provided,BuildwithMaven,BuildwithMaven
21,/home/runner/work/javassist/javassist/target/test-classes/scoped/jar1/ScopedTestAnnotation.class,-1,412128,412126,Not provided,BuildwithMaven,BuildwithMaven
22,/home/runner/work/javassist/javassist/target/test-classes/test3/InnerClass.class,-1,412124,412122,Not provided,BuildwithMaven,BuildwithMaven
23,/home/runner/work/javassist/javassist/target/test-classes/test1/BenchProceedNew.class,-1,412313,412311,Not provided,BuildwithMaven,BuildwithMaven
24,/home/runner/work/javassist/javassist/target/test-classes/test1/BenchProceedNew3.class,-1,412309,412307,Not provided,BuildwithMaven,BuildwithMaven
25,/home/runner/work/javassist/javassist/target/test-classes/test1/BenchProceedNew2.class,-1,412305,412303,Not provided,BuildwithMaven,BuildwithMaven
26,/home/runner/work/javassist/javassist/target/test-classes/javassist/compiler/CodeTest.class,-1,412301,412299,Not provided,BuildwithMaven,BuildwithMaven
27,/home/runner/work/javassist/javassist/target/test-classes/test3/Visible2.class,-1,412273,412271,Not provided,BuildwithMaven,BuildwithMaven
28,/home/runner/work/javassist/javassist/target/test-classes/test1/StaticField.class,-1,412824,412822,Not provided,BuildwithMaven,BuildwithMaven
29,/home/runner/work/javassist/javassist/target/test-classes/scoped/jar1/FullyScopedAnnotationUsage.class,-1,412828,412826,Not provided,BuildwithMaven,BuildwithMaven
30,/home/runner/work/javassist/javassist/target/test-classes/javassist/Bench$1.class,-1,412836,412834,Not provided,BuildwithMaven,BuildwithMaven
31,/home/runner/work/javassist/javassist/target/test-classes/test5/NestHost2$Bar.class,-1,412928,412926,Not provided,BuildwithMaven,BuildwithMaven
32,/home/runner/work/javassist/javassist/target/test-classes/test2/Inner2$Child.class,-1,412916,412914,Not provided,BuildwithMaven,BuildwithMaven
33,/home/runner/work/javassist/javassist/target/test-classes/test5/InnerModifier2.class,-1,412904,412902,Not provided,BuildwithMaven,BuildwithMaven
34,/home/runner/work/javassist/javassist/target/test-classes/javassist/Bench$2.class,-1,412840,412838,Not provided,BuildwithMaven,BuildwithMaven
35,/home/runner/work/javassist/javassist/target/test-classes/javassist/Bench.class,-1,412864,412862,Not provided,BuildwithMaven,BuildwithMaven
36,/home/runner/work/javassist/javassist/target/test-classes/javassist/Bench$7.class,-1,412860,412858,Not provided,BuildwithMaven,BuildwithMaven
37,/home/runner/work/javassist/javassist/target/test-classes/javassist/Bench$6.class,-1,412856,412854,Not provided,BuildwithMaven,BuildwithMaven
38,/home/runner/work/javassist/javassist/target/test-classes/javassist/Bench$5.class,-1,412852,412850,Not provided,BuildwithMaven,BuildwithMaven
39,/home/runner/work/javassist/javassist/target/test-classes/javassist/Bench$4.class,-1,412848,412846,Not provided,BuildwithMaven,BuildwithMaven
40,/home/runner/work/javassist/javassist/target/test-classes/javassist/Bench$3.class,-1,412844,412842,Not provided,BuildwithMaven,BuildwithMaven
41,/home/runner/work/javassist/javassist/target/test-classes/scoped/jar1/FullyScopedAnnotationDefaultUsage.class,-1,412584,412582,Not provided,BuildwithMaven,BuildwithMaven
42,/home/runner/work/javassist/javassist/target/test-classes/scoped/UnscopedAnnotationUsage.class,-1,412580,412578,Not provided,BuildwithMaven,BuildwithMaven
43,/home/runner/work/javassist/javassist/target/test-classes/javassist/ClassPoolBench.class,-1,412624,412622,Not provided,BuildwithMaven,BuildwithMaven
44,/home/runner/work/javassist/javassist/target/test-classes/test2/ReplaceClassName3.class,-1,411428,411426,Not provided,BuildwithMaven,BuildwithMaven
45,/home/runner/work/javassist/javassist/target/test-classes/test2/ReplaceClassName2.class,-1,411424,411422,Not provided,BuildwithMaven,BuildwithMaven
46,/home/runner/work/javassist/javassist/target/test-classes/test/javassist/convert/InstrumentationTarget$Itr.class,-1,411416,411414,Not provided,BuildwithMaven,BuildwithMaven
47,/home/runner/work/javassist/javassist/target/test-classes/scoped/jar1/ScopedAnnotationDefaultUsage.class,-1,411496,411494,Not provided,BuildwithMaven,BuildwithMaven
48,/home/runner/work/javassist/javassist/target/test-classes/scoped/TestAnnotation.class,-1,411500,411498,Not provided,BuildwithMaven,BuildwithMaven
49,/home/runner/work/javassist/javassist/target/test-classes/test/javassist/bytecode/analysis/DomTreePrinter.class,-1,411548,411546,Not provided,BuildwithMaven,BuildwithMaven
50,/home/runner/work/javassist/javassist/target/test-classes/test2/Nested$Inner2.class,-1,411388,411386,Not provided,BuildwithMaven,BuildwithMaven
51,/home/runner/work/javassist/javassist/target/test-classes/testproxy/Target189.class,-1,411380,411378,Not provided,BuildwithMaven,BuildwithMaven
52,/home/runner/work/javassist/javassist/target/test-classes/test5/InnerClassRemove$A.class,-1,411596,411594,Not provided,BuildwithMaven,BuildwithMaven
53,/home/runner/work/javassist/javassist/target/test-classes/testproxy/Target127.class,-1,411215,411213,Not provided,BuildwithMaven,BuildwithMaven
54,/home/runner/work/javassist/javassist/target/test-classes/testproxy/Target127$RealSub.class,-1,411211,411209,Not provided,BuildwithMaven,BuildwithMaven
55,/home/runner/work/javassist/javassist/target/test-classes/test1/BenchProceed.class,-1,411352,411350,Not provided,BuildwithMaven,BuildwithMaven
56,/home/runner/work/javassist/javassist/target/test-classes/test1/BenchProceed2.class,-1,411348,411346,Not provided,BuildwithMaven,BuildwithMaven
57,/home/runner/work/javassist/javassist/target/test-classes/test1/BenchStaticMethod.class,-1,411344,411342,Not provided,BuildwithMaven,BuildwithMaven
58,/home/runner/work/javassist/javassist/target/test-classes/test3/Enhancer.class,-1,411328,411326,Not provided,BuildwithMaven,BuildwithMaven
59,/home/runner/work/javassist/javassist/target/test-classes/test3/Enhancer$Interceptor.class,-1,411324,411322,Not provided,BuildwithMaven,BuildwithMaven
60,/home/runner/work/javassist/javassist/target/test-classes/test3/Enhancer$1.class,-1,411320,411318,Not provided,BuildwithMaven,BuildwithMaven
61,/home/runner/work/javassist/javassist/target/test-classes/test3/EnhanceTest.class,-1,411313,411311,Not provided,BuildwithMaven,BuildwithMaven
62,/home/runner/work/javassist/javassist/target/test-classes/javassist/compiler/ParseTest.class,-1,411289,411287,Not provided,BuildwithMaven,BuildwithMaven
63,/home/runner/work/javassist/javassist/target/test-classes/test5/InnerClassRemove$B.class,-1,411600,411598,Not provided,BuildwithMaven,BuildwithMaven
64,/home/runner/work/javassist/javassist/target/test-classes/test/javassist/bytecode/analysis/AnalyzerTest$Dummy$A3.class,-1,411972,411970,Not provided,BuildwithMaven,BuildwithMaven
65,/home/runner/work/javassist/javassist/target/test-classes/test/javassist/bytecode/analysis/AnalyzerTest$Dummy$A2.class,-1,411968,411966,Not provided,BuildwithMaven,BuildwithMaven
66,/home/runner/work/javassist/javassist/target/test-classes/test3/NewClass2.class,-1,411952,411950,Not provided,BuildwithMaven,BuildwithMaven
67,/home/runner/work/javassist/javassist/target/test-classes/test/javassist/bytecode/analysis/ErrorFinder.class,-1,411910,411908,Not provided,BuildwithMaven,BuildwithMaven
68,/home/runner/work/javassist/javassist/target/test-classes/VisibleTop2.class,-1,412044,412042,Not provided,BuildwithMaven,BuildwithMaven
69,/home/runner/work/javassist/javassist/target/test-classes/test4/NestedClass$N.class,-1,412936,412934,Not provided,BuildwithMaven,BuildwithMaven
70,/home/runner/work/javassist/javassist/target/test-classes/test1/GetThrow2.class,-1,412004,412002,Not provided,BuildwithMaven,BuildwithMaven
71,/home/runner/work/javassist/javassist/target/test-classes/test1/GetThrow1.class,-1,412000,411998,Not provided,BuildwithMaven,BuildwithMaven
72,/home/runner/work/javassist/javassist/target/test-classes/test5/InnerClassRemove$C.class,-1,411604,411602,Not provided,BuildwithMaven,BuildwithMaven
73,/home/runner/work/javassist/javassist/target/test-classes/javassist/JvstTest4$Inner1.class,-1,411686,411684,Not provided,BuildwithMaven,BuildwithMaven
74,/home/runner/work/javassist/javassist/target/test-classes/javassist/bytecode/StackMapTest$T8dd.class,-1,411846,411844,Not provided,BuildwithMaven,BuildwithMaven
75,/home/runner/work/javassist/javassist/target/test-classes/javassist/bytecode/StackMapTest$I8d.class,-1,411842,411840,Not provided,BuildwithMaven,BuildwithMaven
76,/home/runner/work/javassist/javassist/target/test-classes/test4/NestedClass$S$S2.class,-1,412940,412938,Not provided,BuildwithMaven,BuildwithMaven
77,/home/runner/work/javassist/javassist/target/runtest/test1/SetName3.class,-1,416435,416433,Not provided,BuildwithMaven,BuildwithMaven
78,/home/runner/work/javassist/javassist/target/runtest/test1/SetName2.class,-1,416431,416429,Not provided,BuildwithMaven,BuildwithMaven
79,/home/runner/work/javassist/javassist/target/runtest/test1/Freeze.class,-1,416382,416380,Not provided,BuildwithMaven,BuildwithMaven
80,/home/runner/work/javassist/javassist/target/runtest/test1/NewInterface2.class,-1,416328,416326,Not provided,BuildwithMaven,BuildwithMaven
81,/home/runner/work/javassist/javassist/target/runtest/test1/NewInterface.class,-1,416324,416322,Not provided,BuildwithMaven,BuildwithMaven
82,/home/runner/work/javassist/javassist/target/test-classes/test4/NestedClass$S.class,-1,412944,412942,Not provided,BuildwithMaven,BuildwithMaven
83,/home/runner/work/javassist/javassist/target/runtest/test2/MethodCall.class,-1,416806,416804,Not provided,BuildwithMaven,BuildwithMaven
84,/home/runner/work/javassist/javassist/target/runtest/test2/Inner.class,-1,416729,416727,Not provided,BuildwithMaven,BuildwithMaven
85,/home/runner/work/javassist/javassist/target/runtest/test2/Inherit.class,-1,416719,416717,Not provided,BuildwithMaven,BuildwithMaven
86,/home/runner/work/javassist/javassist/target/test-classes/scoped/jar1/ScopedAnnotationUsage.class,-1,413958,413956,Not provided,BuildwithMaven,BuildwithMaven
87,/home/runner/work/javassist/javassist/target/test-classes/test1/Point.class,-1,413938,413936,Not provided,BuildwithMaven,BuildwithMaven
88,/home/runner/work/javassist/javassist/target/test-classes/javassist/HotswapTest$Foo.class,-1,413922,413920,Not provided,BuildwithMaven,BuildwithMaven
89,/home/runner/work/javassist/javassist/target/test-classes/test2/StaticArraysMem.class,-1,413914,413912,Not provided,BuildwithMaven,BuildwithMaven
90,/home/runner/work/javassist/javassist/target/test-classes/javassist/compiler/LexTest.class,-1,413962,413960,Not provided,BuildwithMaven,BuildwithMaven
91,/home/runner/work/javassist/javassist/target/runtest/test1/MySerializableClass.class,-1,415758,415756,Not provided,BuildwithMaven,BuildwithMaven
92,/home/runner/work/javassist/javassist/target/runtest/test4/TestDeadcode.class,-1,417973,417971,Not provided,BuildwithMaven,BuildwithMaven
93,/home/runner/work/javassist/javassist/target/runtest/test5/NestHost4$InnerClass1.class,-1,469150,469148,Not provided,BuildwithMaven,BuildwithMaven
94,/home/runner/work/javassist/javassist/target/runtest/test5/NestHost4$InnerClass1$InnerClass5.class,-1,469160,469158,Not provided,BuildwithMaven,BuildwithMaven
95,/home/runner/work/javassist/javassist/target/runtest/test5/InnerModifier$NonStatic.class,-1,469629,469627,Not provided,BuildwithMaven,BuildwithMaven
96,/home/runner/work/javassist/javassist/target/runtest/test4/WrittenFile2sub.class,-1,417908,417906,Not provided,BuildwithMaven,BuildwithMaven
97,/home/runner/work/javassist/javassist/target/runtest/test2/NewOp.class,-1,416909,416907,Not provided,BuildwithMaven,BuildwithMaven
98,/home/runner/work/javassist/javassist/target/runtest/test2/SuperInterface3.class,-1,417038,417036,Not provided,BuildwithMaven,BuildwithMaven
99,/home/runner/work/javassist/javassist/target/runtest/test3/PublicInner.class,-1,417202,417200,Not provided,BuildwithMaven,BuildwithMaven
100,/home/runner/work/javassist/javassist/target/runtest/test1/LocalVars2.class,-1,469660,469658,Not provided,BuildwithMaven,BuildwithMaven
101,/home/runner/work/javassist/javassist/target/runtest/test2/NullArgTest.class,-1,416913,416911,Not provided,BuildwithMaven,BuildwithMaven
102,/home/runner/work/javassist/javassist/target/runtest/test3/PublicInner$Inner.class,-1,417206,417204,Not provided,BuildwithMaven,BuildwithMaven
103,/home/runner/work/javassist/javassist/target/runtest/test4/AnnoLoad.class,-1,417835,417833,Not provided,BuildwithMaven,BuildwithMaven
104,/home/runner/work/javassist/javassist/target/runtest/test4/AnnoLoadAnno.class,-1,417828,417826,Not provided,BuildwithMaven,BuildwithMaven
105,/home/runner/work/javassist/javassist/target/runtest/test3/StaticFinalField.class,-1,417532,417530,Not provided,BuildwithMaven,BuildwithMaven
106,/home/runner/work/javassist/javassist/target/runtest/test3/Clazz67.class,-1,417403,417401,Not provided,BuildwithMaven,BuildwithMaven
107,/home/runner/work/javassist/javassist/target/test-classes/javassist/ConcurrentClassDefinitionTest.class,-1,413258,413256,Not provided,BuildwithMaven,BuildwithMaven
108,/home/runner/work/javassist/javassist/target/test-classes/javassist/ConcurrentClassDefinitionTest$Worker.class,-1,413254,413252,Not provided,BuildwithMaven,BuildwithMaven
109,/home/runner/work/javassist/javassist/target/test-classes/Jassist150.class,-1,413242,413240,Not provided,BuildwithMaven,BuildwithMaven
110,/home/runner/work/javassist/javassist/target/test-classes/Jassist150$1.class,-1,413238,413236,Not provided,BuildwithMaven,BuildwithMaven
111,/home/runner/work/javassist/javassist/target/test-classes/test/javassist/proxy/ProxySimpleTest$Default4.class,-1,413346,413344,Not provided,BuildwithMaven,BuildwithMaven
112,/home/runner/work/javassist/javassist/target/test-classes/test3/NestedClass$1.class,-1,413035,413033,Not provided,BuildwithMaven,BuildwithMaven
113,/home/runner/work/javassist/javassist/target/test-classes/test3/NestedClass$StaticNested.class,-1,413031,413029,Not provided,BuildwithMaven,BuildwithMaven
114,/home/runner/work/javassist/javassist/target/test-classes/test3/NestedClass$Inner.class,-1,413027,413025,Not provided,BuildwithMaven,BuildwithMaven
115,/home/runner/work/javassist/javassist/target/test-classes/scoped/ScopedRepositoryTestCase.class,-1,412991,412989,Not provided,BuildwithMaven,BuildwithMaven
116,/home/runner/work/javassist/javassist/target/test-classes/test4/JIRA220intf.class,-1,412968,412966,Not provided,BuildwithMaven,BuildwithMaven
117,/home/runner/work/javassist/javassist/target/test-classes/test3/NestedClass$1Local.class,-1,413039,413037,Not provided,BuildwithMaven,BuildwithMaven
118,/home/runner/work/javassist/javassist/target/test-classes/test4/Signature$Foo.class,-1,413190,413188,Not provided,BuildwithMaven,BuildwithMaven
119,/home/runner/work/javassist/javassist/target/test-classes/Test.class,-1,413186,413184,Not provided,BuildwithMaven,BuildwithMaven
120,/home/runner/work/javassist/javassist/target/test-classes/InvalidStackMapFrame.class,-1,413182,413180,Not provided,BuildwithMaven,BuildwithMaven
121,/home/runner/work/javassist/javassist/target/test-classes/test3/PublicInner2$PS.class,-1,413142,413140,Not provided,BuildwithMaven,BuildwithMaven
122,/home/runner/work/javassist/javassist/target/test-classes/javassist/tools/reflect/ClassMetaobjectTest.class,-1,413748,413746,Not provided,BuildwithMaven,BuildwithMaven
123,/home/runner/work/javassist/javassist/target/test-classes/javassist/tools/reflect/Person.class,-1,413732,413730,Not provided,BuildwithMaven,BuildwithMaven
124,/home/runner/work/javassist/javassist/target/test-classes/test4/JIRA181$B.class,-1,413718,413716,Not provided,BuildwithMaven,BuildwithMaven
125,/home/runner/work/javassist/javassist/target/test-classes/test4/JIRA181$ICondition.class,-1,413714,413712,Not provided,BuildwithMaven,BuildwithMaven
126,/home/runner/work/javassist/javassist/target/test-classes/javassist/bytecode/CodeAnalyzerTest.class,-1,413644,413642,Not provided,BuildwithMaven,BuildwithMaven
127,/home/runner/work/javassist/javassist/target/test-classes/scoped/jar1/TestClass1.class,-1,413694,413692,Not provided,BuildwithMaven,BuildwithMaven
128,/home/runner/work/javassist/javassist/target/test-classes/test4/ImportPac.class,-1,413752,413750,Not provided,BuildwithMaven,BuildwithMaven
129,/home/runner/work/javassist/javassist/target/test-classes/test5/NestHost$Bar.class,-1,413826,413824,Not provided,BuildwithMaven,BuildwithMaven
130,/home/runner/work/javassist/javassist/target/test-classes/test5/RemoveAnno2.class,-1,413478,413476,Not provided,BuildwithMaven,BuildwithMaven
131,/home/runner/work/javassist/javassist/target/test-classes/test5/RemoveAnno1.class,-1,413474,413472,Not provided,BuildwithMaven,BuildwithMaven
132,/home/runner/work/javassist/javassist/target/test-classes/test3/PackName2.class,-1,413458,413456,Not provided,BuildwithMaven,BuildwithMaven
133,/home/runner/work/javassist/javassist/target/test-classes/test5/JIRA242.class,-1,413454,413452,Not provided,BuildwithMaven,BuildwithMaven
134,/home/runner/work/javassist/javassist/target/test-classes/test4/GetAllRefAnnoC4.class,-1,413628,413626,Not provided,BuildwithMaven,BuildwithMaven
135,/home/runner/work/javassist/javassist/target/test-classes/test4/GetAllRefAnnoC3.class,-1,413624,413622,Not provided,BuildwithMaven,BuildwithMaven
136,/home/runner/work/javassist/javassist/target/test-classes/test4/GetAllRefAnnoC2.class,-1,413620,413618,Not provided,BuildwithMaven,BuildwithMaven
137,/home/runner/work/javassist/javassist/target/test-classes/test4/GetAllRefAnnoC.class,-1,413616,413614,Not provided,BuildwithMaven,BuildwithMaven
138,/home/runner/work/javassist/javassist/target/test-classes/test4/GetAllRefAnno.class,-1,413612,413610,Not provided,BuildwithMaven,BuildwithMaven
139,/home/runner/work/javassist/javassist/target/test-classes/test4/GetAllRefEnum.class,-1,413608,413606,Not provided,BuildwithMaven,BuildwithMaven
140,/home/runner/work/javassist/javassist/target/test-classes/annotation/Tag.class,-1,413584,413582,Not provided,BuildwithMaven,BuildwithMaven
141,/home/runner/work/javassist/javassist/target/test-classes/annotation/EnumTest.class,-1,413580,413578,Not provided,BuildwithMaven,BuildwithMaven
142,/home/runner/work/javassist/javassist/tutorial/tutorial3.html,-1,2632,2630,Not provided,uses-checkout,uses-checkout
143,/home/runner/work/javassist/javassist/target/runtest/testproxy/BridgeMethod_$$_jvst655_7.class,-1,470509,470507,Not provided,BuildwithMaven,BuildwithMaven
144,/home/runner/work/javassist/javassist/src/test/javassist/bytecode/Gap0Example.class,-1,1426,1424,Not provided,uses-checkout,uses-checkout
145,/home/runner/work/javassist/javassist/target/runtest/reflected/javassist/tools/reflect/SuperClass.class,-1,470394,470392,Not provided,BuildwithMaven,BuildwithMaven
146,/home/runner/work/javassist/javassist/src/test/Readme.txt,-1,1333,1331,Not provided,uses-checkout,uses-checkout
147,/home/runner/work/javassist/javassist/sample/vector/VectorAssistant.java,-1,1319,1317,Not provided,uses-checkout,uses-checkout
148,/home/runner/work/javassist/javassist/sample/vector/Test.j,-1,1315,1313,Not provided,uses-checkout,uses-checkout
149,/home/runner/work/javassist/javassist/sample/vector/Sample2.java,-1,1311,1309,Not provided,uses-checkout,uses-checkout
150,/home/runner/work/javassist/javassist/sample/rmi/webdemo.html,-1,1302,1300,Not provided,uses-checkout,uses-checkout
151,/home/runner/work/javassist/javassist/sample/rmi/start.html,-1,1298,1296,Not provided,uses-checkout,uses-checkout
152,/home/runner/work/javassist/javassist/sample/rmi/inside.gif,-1,1294,1292,Not provided,uses-checkout,uses-checkout
153,/home/runner/work/javassist/javassist/sample/rmi/Counter.java,-1,1290,1288,Not provided,uses-checkout,uses-checkout
154,/home/runner/work/javassist/javassist/target/runtest/javassist/bytecode/Gap0Example2.class,-1,470335,470333,Not provided,BuildwithMaven,BuildwithMaven
155,/home/runner/work/javassist/javassist/target/runtest/testproxy/Target_$$_jvst655_11.class,-1,470664,470662,Not provided,BuildwithMaven,BuildwithMaven
156,/home/runner/work/javassist/javassist/target/runtest/javassist/bytecode/StackMapTest$T8d.class,-1,470289,470287,Not provided,BuildwithMaven,BuildwithMaven
157,/home/runner/work/javassist/javassist/target/runtest/javassist/bytecode/Gap0Example.class,-1,470328,470326,Not provided,BuildwithMaven,BuildwithMaven
158,/home/runner/work/javassist/javassist/sample/rmi/CountApplet.java,-1,1286,1284,Not provided,uses-checkout,uses-checkout
159,/home/runner/work/javassist/javassist/sample/reflect/VerboseMetaobj.java,-1,1276,1274,Not provided,uses-checkout,uses-checkout
160,/home/runner/work/javassist/javassist/target/runtest/proxy/test/javassist/proxy/ProxySimpleTest$Default3_$$_jvst655_273d.class,-1,471062,471060,Not provided,BuildwithMaven,BuildwithMaven
161,/home/runner/work/javassist/javassist/.github/workflows/maven.yml,-1,1084,1082,Not provided,uses-checkout,uses-checkout
162,/home/runner/work/javassist/javassist/.gitignore,-1,1092,1090,Not provided,uses-checkout,uses-checkout
163,/home/runner/work/javassist/javassist/sample/reflect/Person.java,-1,1272,1270,Not provided,uses-checkout,uses-checkout
164,/home/runner/work/javassist/javassist/sample/evolve/Evolution.java,-1,1208,1206,Not provided,uses-checkout,uses-checkout
165,/home/runner/work/javassist/javassist/sample/preproc/package.html,-1,1262,1260,Not provided,uses-checkout,uses-checkout
166,/home/runner/work/javassist/javassist/sample/preproc/Compiler.java,-1,1258,1256,Not provided,uses-checkout,uses-checkout
167,/home/runner/work/javassist/javassist/target/runtest/proxy/test/javassist/proxy/ProxySimpleTest$PubProxy_$$_jvst655_2734.class,-1,470936,470934,Not provided,BuildwithMaven,BuildwithMaven
168,/home/runner/work/javassist/javassist/sample/hotswap/Test.java,-1,1244,1242,Not provided,uses-checkout,uses-checkout
169,/home/runner/work/javassist/javassist/sample/evolve/update.html,-1,1236,1234,Not provided,uses-checkout,uses-checkout
170,/home/runner/work/javassist/javassist/sample/evolve/start.html,-1,1232,1229,Not provided,uses-checkout,uses-checkout
171,/home/runner/work/javassist/javassist/sample/evolve/demo.html,-1,1224,1222,Not provided,uses-checkout,uses-checkout
172,/home/runner/work/javassist/javassist/sample/evolve/WebPage.java,-1,1220,1218,Not provided,uses-checkout,uses-checkout
173,/home/runner/work/javassist/javassist/sample/evolve/VersionManager.java,-1,1216,1214,Not provided,uses-checkout,uses-checkout
174,/home/runner/work/javassist/javassist/sample/evolve/Sample.java,-1,1212,1210,Not provided,uses-checkout,uses-checkout
175,/home/runner/work/javassist/javassist/sample/evolve/DemoServer.java,-1,1204,1202,Not provided,uses-checkout,uses-checkout
176,/home/runner/work/javassist/javassist/Changes.md,-1,1096,1094,Not provided,uses-checkout,uses-checkout
177,/home/runner/work/javassist/javassist/sample/evolve/DemoLoader.java,-1,1200,1198,Not provided,uses-checkout,uses-checkout
178,/home/runner/work/javassist/javassist/sample/evolve/CannotUpdateException.java,-1,1196,1194,Not provided,uses-checkout,uses-checkout
179,/home/runner/work/javassist/javassist/sample/duplicate/Viewer.java,-1,1187,1185,Not provided,uses-checkout,uses-checkout
180,/home/runner/work/javassist/javassist/sample/duplicate/Main.java,-1,1183,1181,Not provided,uses-checkout,uses-checkout
181,/home/runner/work/javassist/javassist/sample/duplicate/DuplicatedObject.java,-1,1179,1177,Not provided,uses-checkout,uses-checkout
182,/home/runner/work/javassist/javassist/target/runtest/proxy/test/javassist/proxy/ProxySimpleTest$Default2_$$_jvst655_273b.class,-1,471039,471037,Not provided,BuildwithMaven,BuildwithMaven
183,/home/runner/work/javassist/javassist/build.xml,-1,1113,1111,Not provided,uses-checkout,uses-checkout
184,/home/runner/work/javassist/javassist/README.md,-1,1109,1107,Not provided,uses-checkout,uses-checkout
185,/home/runner/work/javassist/javassist/Examples.md,-1,1100,1098,Not provided,uses-checkout,uses-checkout
186,/home/runner/work/javassist/javassist/target/test-classes/Readme.txt,-1,408856,408853,Not provided,BuildwithMaven,BuildwithMaven
187,/home/runner/work/javassist/javassist/target/test-classes/test1/RenameClass2.class,-1,411089,411087,Not provided,BuildwithMaven,BuildwithMaven
188,/home/runner/work/javassist/javassist/target/runtest/test5/InnerModifier.class,-1,469640,469638,Not provided,BuildwithMaven,BuildwithMaven
189,/home/runner/work/javassist/javassist/target/test-classes/test3/NewExprTryCatch2.class,-1,411057,411055,Not provided,BuildwithMaven,BuildwithMaven
190,/home/runner/work/javassist/javassist/target/test-classes/test/javassist/bytecode/analysis/ScannerTest.class,-1,411053,411051,Not provided,BuildwithMaven,BuildwithMaven
191,/home/runner/work/javassist/javassist/target/runtest/javassist/bytecode/StackMapTest$C6.class,-1,469994,469992,Not provided,BuildwithMaven,BuildwithMaven
192,/home/runner/work/javassist/javassist/target/runtest/test5/InnerModifier$Static.class,-1,469636,469634,Not provided,BuildwithMaven,BuildwithMaven
193,/home/runner/work/javassist/javassist/target/runtest/proxy/javassist/util/proxy/test_javassist_proxy_ProxySimpleTest$PubProxy2_$$_jvst655_273c.class,-1,471052,-1,Not provided,BuildwithMaven,Not provided
194,/home/runner/work/javassist/javassist/target/surefire-reports/javassist.JvstTest.txt,-1,471195,-1,Not provided,BuildwithMaven,Not provided
195,/home/runner/work/javassist/javassist/target/runtest/proxy/test/javassist/proxy/ProxySimpleTest$Foo_$$_jvst655_2733.class,-1,470926,-1,Not provided,BuildwithMaven,Not provided
196,/home/runner/work/javassist/javassist/target/test-classes/testproxy/sub/TargetSuper.class,-1,413662,-1,Not provided,BuildwithMaven,Not provided
197,/home/runner/work/javassist/javassist/sample/rmi/AlertDialog.java,-1,1282,-1,Not provided,uses-checkout,Not provided
198,/home/runner/work/javassist/javassist/sample/reflect/Main.java,-1,1268,-1,Not provided,uses-checkout,Not provided
199,/home/runner/work/javassist/javassist/sample/preproc/Assistant.java,-1,1254,-1,Not provided,uses-checkout,Not provided
200,/home/runner/work/javassist/javassist/sample/duplicate/Ball.java,-1,1175,-1,Not provided,uses-checkout,Not provided
201,/home/runner/work/javassist/javassist/sample/Test.java,-1,1169,-1,Not provided,uses-checkout,Not provided
202,/home/runner/work/javassist/javassist/target/test-classes/annotation/Id.class,-1,413576,-1,Not provided,BuildwithMaven,Not provided
