,file_name,last_access_index,last_modify_index,creation_index,last_access_step,last_modify_step,creation_step
0,/home/runner/work/javassist/javassist/target/javassist-3.29.2-GA.jar,-1,1059301,1044482,Not provided,BuildwithMaven,BuildwithMaven
1,/home/runner/work/javassist/javassist/target/javassist-3.29.2-GA-sources.jar,-1,1067574,1059468,Not provided,BuildwithMaven,BuildwithMaven
2,/home/runner/work/javassist/javassist/target/classes/META-INF/MANIFEST.MF,449345,1059306,385163,BuildwithMaven,BuildwithMaven,BuildwithMaven
3,/home/runner/work/javassist/javassist/target/runtest/test1/AnnoTest.class,-1,447459,447324,Not provided,BuildwithMaven,BuildwithMaven
4,/home/runner/work/javassist/javassist/target/runtest/test-hibernate.class,-1,447672,447623,Not provided,BuildwithMaven,BuildwithMaven
5,/home/runner/work/javassist/javassist/target/runtest/TooManyConstPoolItems.class,-1,446952,446906,Not provided,BuildwithMaven,BuildwithMaven
6,/home/runner/work/javassist/javassist/target/surefire-reports/TEST-javassist.JvstTest.xml,-1,448695,448688,Not provided,BuildwithMaven,BuildwithMaven
7,/home/runner/work/javassist/javassist/target/maven-status/maven-compiler-plugin/testCompile/default-testCompile/inputFiles.lst,-1,391924,391920,Not provided,BuildwithMaven,BuildwithMaven
8,/home/runner/work/javassist/javassist/target/runtest/test3/Clazz67.class,-1,395059,395055,Not provided,BuildwithMaven,BuildwithMaven
9,/home/runner/work/javassist/javassist/tutorial/tutorial2.html,-1,3809,3805,Not provided,uses-checkout,uses-checkout
10,/home/runner/work/javassist/javassist/target/maven-status/maven-compiler-plugin/testCompile/default-testCompile/createdFiles.lst,-1,391918,391914,Not provided,BuildwithMaven,BuildwithMaven
11,/home/runner/work/javassist/javassist/tutorial/tutorial.html,-1,3803,3799,Not provided,uses-checkout,uses-checkout
12,/home/runner/work/javassist/javassist/target/runtest/test3/JIRA63.class,-1,395260,395251,Not provided,BuildwithMaven,BuildwithMaven
13,/home/runner/work/javassist/javassist/target/maven-status/maven-compiler-plugin/compile/default-compile/createdFiles.lst,-1,7024,7020,Not provided,BuildwithMaven,BuildwithMaven
14,/home/runner/work/javassist/javassist/target/maven-status/maven-compiler-plugin/compile/default-compile/inputFiles.lst,-1,7030,7026,Not provided,BuildwithMaven,BuildwithMaven
15,/home/runner/work/javassist/javassist/License.html,-1,1210,1207,Not provided,uses-checkout,uses-checkout
16,/home/runner/work/javassist/javassist/target/test-classes/scoped/jar1/ScopedTestAnnotation.class,-1,389870,389868,Not provided,BuildwithMaven,BuildwithMaven
17,/home/runner/work/javassist/javassist/target/test-classes/test3/InnerClass.class,-1,389866,389864,Not provided,BuildwithMaven,BuildwithMaven
18,/home/runner/work/javassist/javassist/target/test-classes/test/javassist/bytecode/analysis/ErrorFinder.class,-1,389650,389648,Not provided,BuildwithMaven,BuildwithMaven
19,/home/runner/work/javassist/javassist/target/test-classes/javassist/bytecode/StackMapTest$T8dd.class,-1,389586,389584,Not provided,BuildwithMaven,BuildwithMaven
20,/home/runner/work/javassist/javassist/target/test-classes/javassist/bytecode/StackMapTest$I8d.class,-1,389582,389580,Not provided,BuildwithMaven,BuildwithMaven
21,/home/runner/work/javassist/javassist/target/test-classes/VisibleTop2.class,-1,389786,389784,Not provided,BuildwithMaven,BuildwithMaven
22,/home/runner/work/javassist/javassist/target/test-classes/test1/GetThrow2.class,-1,389746,389744,Not provided,BuildwithMaven,BuildwithMaven
23,/home/runner/work/javassist/javassist/target/test-classes/test1/GetThrow1.class,-1,389742,389740,Not provided,BuildwithMaven,BuildwithMaven
24,/home/runner/work/javassist/javassist/target/test-classes/test/javassist/bytecode/analysis/AnalyzerTest$Dummy$A3.class,-1,389714,389712,Not provided,BuildwithMaven,BuildwithMaven
25,/home/runner/work/javassist/javassist/target/test-classes/test/javassist/bytecode/analysis/AnalyzerTest$Dummy$A2.class,-1,389710,389708,Not provided,BuildwithMaven,BuildwithMaven
26,/home/runner/work/javassist/javassist/target/test-classes/test3/NewClass2.class,-1,389694,389692,Not provided,BuildwithMaven,BuildwithMaven
27,/home/runner/work/javassist/javassist/target/test-classes/javassist/ClassPoolBench.class,-1,390348,390346,Not provided,BuildwithMaven,BuildwithMaven
28,/home/runner/work/javassist/javassist/target/test-classes/scoped/jar1/FullyScopedAnnotationDefaultUsage.class,-1,390344,390342,Not provided,BuildwithMaven,BuildwithMaven
29,/home/runner/work/javassist/javassist/target/test-classes/scoped/UnscopedAnnotationUsage.class,-1,390340,390338,Not provided,BuildwithMaven,BuildwithMaven
30,/home/runner/work/javassist/javassist/target/test-classes/test4/GetAllRefInnerTest$1.class,-1,390248,390246,Not provided,BuildwithMaven,BuildwithMaven
31,/home/runner/work/javassist/javassist/target/test-classes/test4/GetAllRefInnerTest$2.class,-1,390252,390250,Not provided,BuildwithMaven,BuildwithMaven
32,/home/runner/work/javassist/javassist/target/test-classes/test4/GetAllRefInnerTest2.class,-1,390244,390242,Not provided,BuildwithMaven,BuildwithMaven
33,/home/runner/work/javassist/javassist/target/test-classes/scoped/UnscopedAnnotationDefaultUsage.class,-1,390083,390081,Not provided,BuildwithMaven,BuildwithMaven
34,/home/runner/work/javassist/javassist/target/test-classes/test1/BenchProceedNew.class,-1,390055,390053,Not provided,BuildwithMaven,BuildwithMaven
35,/home/runner/work/javassist/javassist/target/test-classes/test1/BenchProceedNew3.class,-1,390051,390049,Not provided,BuildwithMaven,BuildwithMaven
36,/home/runner/work/javassist/javassist/target/test-classes/test1/BenchProceedNew2.class,-1,390047,390045,Not provided,BuildwithMaven,BuildwithMaven
37,/home/runner/work/javassist/javassist/target/test-classes/javassist/compiler/CodeTest.class,-1,390043,390041,Not provided,BuildwithMaven,BuildwithMaven
38,/home/runner/work/javassist/javassist/target/test-classes/test3/Visible2.class,-1,390015,390013,Not provided,BuildwithMaven,BuildwithMaven
39,/home/runner/work/javassist/javassist/target/test-classes/test4/GetAllRefInnerTest2$1.class,-1,390240,390238,Not provided,BuildwithMaven,BuildwithMaven
40,/home/runner/work/javassist/javassist/target/test-classes/test5/JIRA246.class,-1,390166,390164,Not provided,BuildwithMaven,BuildwithMaven
41,/home/runner/work/javassist/javassist/target/test-classes/javassist/JvstTest4$Inner1.class,-1,389424,389422,Not provided,BuildwithMaven,BuildwithMaven
42,/home/runner/work/javassist/javassist/target/test-classes/test1/RenameClass2.class,-1,388811,388809,Not provided,BuildwithMaven,BuildwithMaven
43,/home/runner/work/javassist/javassist/target/test-classes/test3/NewExprTryCatch2.class,-1,388795,388793,Not provided,BuildwithMaven,BuildwithMaven
44,/home/runner/work/javassist/javassist/target/test-classes/test/javassist/bytecode/analysis/ScannerTest.class,-1,388791,388789,Not provided,BuildwithMaven,BuildwithMaven
45,/home/runner/work/javassist/javassist/target/test-classes/testproxy/Target127.class,-1,388953,388951,Not provided,BuildwithMaven,BuildwithMaven
46,/home/runner/work/javassist/javassist/target/test-classes/testproxy/Target127$RealSub.class,-1,388949,388947,Not provided,BuildwithMaven,BuildwithMaven
47,/home/runner/work/javassist/javassist/target/test-classes/Readme.txt,-1,386578,386575,Not provided,BuildwithMaven,BuildwithMaven
48,/home/runner/work/javassist/javassist/target/test-classes/test5/InnerClassRemove$C.class,-1,389342,389340,Not provided,BuildwithMaven,BuildwithMaven
49,/home/runner/work/javassist/javassist/target/test-classes/test5/InnerClassRemove$B.class,-1,389338,389336,Not provided,BuildwithMaven,BuildwithMaven
50,/home/runner/work/javassist/javassist/target/test-classes/test5/InnerClassRemove$A.class,-1,389334,389332,Not provided,BuildwithMaven,BuildwithMaven
51,/home/runner/work/javassist/javassist/target/test-classes/test/javassist/bytecode/analysis/DomTreePrinter.class,-1,389274,389272,Not provided,BuildwithMaven,BuildwithMaven
52,/home/runner/work/javassist/javassist/target/test-classes/scoped/TestAnnotation.class,-1,389238,389236,Not provided,BuildwithMaven,BuildwithMaven
53,/home/runner/work/javassist/javassist/target/test-classes/scoped/jar1/ScopedAnnotationDefaultUsage.class,-1,389234,389232,Not provided,BuildwithMaven,BuildwithMaven
54,/home/runner/work/javassist/javassist/target/test-classes/test1/BenchStaticMethod.class,-1,389082,389080,Not provided,BuildwithMaven,BuildwithMaven
55,/home/runner/work/javassist/javassist/target/test-classes/test3/Enhancer.class,-1,389066,389064,Not provided,BuildwithMaven,BuildwithMaven
56,/home/runner/work/javassist/javassist/target/test-classes/test3/Enhancer$Interceptor.class,-1,389062,389060,Not provided,BuildwithMaven,BuildwithMaven
57,/home/runner/work/javassist/javassist/target/test-classes/test3/Enhancer$1.class,-1,389058,389056,Not provided,BuildwithMaven,BuildwithMaven
58,/home/runner/work/javassist/javassist/target/test-classes/test3/EnhanceTest.class,-1,389051,389049,Not provided,BuildwithMaven,BuildwithMaven
59,/home/runner/work/javassist/javassist/target/test-classes/javassist/compiler/ParseTest.class,-1,389027,389025,Not provided,BuildwithMaven,BuildwithMaven
60,/home/runner/work/javassist/javassist/target/test-classes/testproxy/Target189.class,-1,389110,389108,Not provided,BuildwithMaven,BuildwithMaven
61,/home/runner/work/javassist/javassist/target/test-classes/test2/ReplaceClassName3.class,-1,389166,389164,Not provided,BuildwithMaven,BuildwithMaven
62,/home/runner/work/javassist/javassist/target/test-classes/test2/ReplaceClassName2.class,-1,389162,389160,Not provided,BuildwithMaven,BuildwithMaven
63,/home/runner/work/javassist/javassist/target/test-classes/test/javassist/convert/InstrumentationTarget$Itr.class,-1,389154,389152,Not provided,BuildwithMaven,BuildwithMaven
64,/home/runner/work/javassist/javassist/target/test-classes/test2/Nested$Inner2.class,-1,389126,389124,Not provided,BuildwithMaven,BuildwithMaven
65,/home/runner/work/javassist/javassist/target/test-classes/test1/BenchProceed.class,-1,389118,389116,Not provided,BuildwithMaven,BuildwithMaven
66,/home/runner/work/javassist/javassist/target/test-classes/test1/BenchProceed2.class,-1,389114,389112,Not provided,BuildwithMaven,BuildwithMaven
67,/home/runner/work/javassist/javassist/target/test-classes/javassist/Bench$7.class,-1,390606,390604,Not provided,BuildwithMaven,BuildwithMaven
68,/home/runner/work/javassist/javassist/target/runtest/test1/Freeze.class,-1,394001,393999,Not provided,BuildwithMaven,BuildwithMaven
69,/home/runner/work/javassist/javassist/target/runtest/test1/NewInterface2.class,-1,393947,393945,Not provided,BuildwithMaven,BuildwithMaven
70,/home/runner/work/javassist/javassist/target/runtest/test1/NewInterface.class,-1,393943,393941,Not provided,BuildwithMaven,BuildwithMaven
71,/home/runner/work/javassist/javassist/target/runtest/test1/SetName2.class,-1,394050,394048,Not provided,BuildwithMaven,BuildwithMaven
72,/home/runner/work/javassist/javassist/target/runtest/test1/SetName3.class,-1,394054,394052,Not provided,BuildwithMaven,BuildwithMaven
73,/home/runner/work/javassist/javassist/target/runtest/test2/Inner.class,-1,394351,394349,Not provided,BuildwithMaven,BuildwithMaven
74,/home/runner/work/javassist/javassist/target/runtest/test2/Inherit.class,-1,394341,394339,Not provided,BuildwithMaven,BuildwithMaven
75,/home/runner/work/javassist/javassist/target/test-classes/test5/NestHost$Bar.class,-1,391596,391594,Not provided,BuildwithMaven,BuildwithMaven
76,/home/runner/work/javassist/javassist/target/runtest/test1/MySerializableClass.class,-1,393377,393375,Not provided,BuildwithMaven,BuildwithMaven
77,/home/runner/work/javassist/javassist/target/test-classes/javassist/compiler/LexTest.class,-1,391712,391710,Not provided,BuildwithMaven,BuildwithMaven
78,/home/runner/work/javassist/javassist/target/test-classes/scoped/jar1/ScopedAnnotationUsage.class,-1,391708,391706,Not provided,BuildwithMaven,BuildwithMaven
79,/home/runner/work/javassist/javassist/target/test-classes/test1/Point.class,-1,391696,391694,Not provided,BuildwithMaven,BuildwithMaven
80,/home/runner/work/javassist/javassist/target/test-classes/javassist/HotswapTest$Foo.class,-1,391672,391670,Not provided,BuildwithMaven,BuildwithMaven
81,/home/runner/work/javassist/javassist/target/test-classes/test2/StaticArraysMem.class,-1,391664,391662,Not provided,BuildwithMaven,BuildwithMaven
82,/home/runner/work/javassist/javassist/target/runtest/test2/MethodCall.class,-1,394432,394430,Not provided,BuildwithMaven,BuildwithMaven
83,/home/runner/work/javassist/javassist/target/runtest/test5/NestHost4$InnerClass1$InnerClass5.class,-1,446820,446818,Not provided,BuildwithMaven,BuildwithMaven
84,/home/runner/work/javassist/javassist/target/runtest/test5/NestHost4$InnerClass1.class,-1,446810,446808,Not provided,BuildwithMaven,BuildwithMaven
85,/home/runner/work/javassist/javassist/target/runtest/test1/LocalVars2.class,-1,447320,447318,Not provided,BuildwithMaven,BuildwithMaven
86,/home/runner/work/javassist/javassist/target/runtest/test5/InnerModifier.class,-1,447300,447298,Not provided,BuildwithMaven,BuildwithMaven
87,/home/runner/work/javassist/javassist/target/runtest/test5/InnerModifier$Static.class,-1,447296,447294,Not provided,BuildwithMaven,BuildwithMaven
88,/home/runner/work/javassist/javassist/target/runtest/test5/InnerModifier$NonStatic.class,-1,447289,447287,Not provided,BuildwithMaven,BuildwithMaven
89,/home/runner/work/javassist/javassist/target/runtest/test4/TestDeadcode.class,-1,395633,395631,Not provided,BuildwithMaven,BuildwithMaven
90,/home/runner/work/javassist/javassist/target/runtest/test3/PublicInner.class,-1,394836,394834,Not provided,BuildwithMaven,BuildwithMaven
91,/home/runner/work/javassist/javassist/target/runtest/test2/SuperInterface3.class,-1,394665,394663,Not provided,BuildwithMaven,BuildwithMaven
92,/home/runner/work/javassist/javassist/target/runtest/test2/NullArgTest.class,-1,394540,394538,Not provided,BuildwithMaven,BuildwithMaven
93,/home/runner/work/javassist/javassist/target/runtest/test2/NewOp.class,-1,394536,394534,Not provided,BuildwithMaven,BuildwithMaven
94,/home/runner/work/javassist/javassist/target/runtest/test3/PublicInner$Inner.class,-1,394840,394838,Not provided,BuildwithMaven,BuildwithMaven
95,/home/runner/work/javassist/javassist/target/runtest/test4/WrittenFile2sub.class,-1,395568,395566,Not provided,BuildwithMaven,BuildwithMaven
96,/home/runner/work/javassist/javassist/target/runtest/test4/AnnoLoad.class,-1,395495,395493,Not provided,BuildwithMaven,BuildwithMaven
97,/home/runner/work/javassist/javassist/target/runtest/test4/AnnoLoadAnno.class,-1,395488,395486,Not provided,BuildwithMaven,BuildwithMaven
98,/home/runner/work/javassist/javassist/target/runtest/test3/StaticFinalField.class,-1,395187,395185,Not provided,BuildwithMaven,BuildwithMaven
99,/home/runner/work/javassist/javassist/target/test-classes/test3/PublicInner2$PS.class,-1,390888,390886,Not provided,BuildwithMaven,BuildwithMaven
100,/home/runner/work/javassist/javassist/target/test-classes/test3/NestedClass$1Local.class,-1,390785,390783,Not provided,BuildwithMaven,BuildwithMaven
101,/home/runner/work/javassist/javassist/target/test-classes/test3/NestedClass$1.class,-1,390781,390779,Not provided,BuildwithMaven,BuildwithMaven
102,/home/runner/work/javassist/javassist/target/test-classes/test3/NestedClass$StaticNested.class,-1,390777,390775,Not provided,BuildwithMaven,BuildwithMaven
103,/home/runner/work/javassist/javassist/target/test-classes/test3/NestedClass$Inner.class,-1,390773,390771,Not provided,BuildwithMaven,BuildwithMaven
104,/home/runner/work/javassist/javassist/target/test-classes/scoped/ScopedRepositoryTestCase.class,-1,390745,390743,Not provided,BuildwithMaven,BuildwithMaven
105,/home/runner/work/javassist/javassist/target/test-classes/test4/Signature$Foo.class,-1,390928,390926,Not provided,BuildwithMaven,BuildwithMaven
106,/home/runner/work/javassist/javassist/target/test-classes/javassist/ConcurrentClassDefinitionTest.class,-1,391004,391002,Not provided,BuildwithMaven,BuildwithMaven
107,/home/runner/work/javassist/javassist/target/test-classes/javassist/ConcurrentClassDefinitionTest$Worker.class,-1,391000,390998,Not provided,BuildwithMaven,BuildwithMaven
108,/home/runner/work/javassist/javassist/target/test-classes/Jassist150.class,-1,390988,390986,Not provided,BuildwithMaven,BuildwithMaven
109,/home/runner/work/javassist/javassist/target/test-classes/Jassist150$1.class,-1,390984,390982,Not provided,BuildwithMaven,BuildwithMaven
110,/home/runner/work/javassist/javassist/target/test-classes/Test.class,-1,390940,390938,Not provided,BuildwithMaven,BuildwithMaven
111,/home/runner/work/javassist/javassist/target/test-classes/InvalidStackMapFrame.class,-1,390936,390934,Not provided,BuildwithMaven,BuildwithMaven
112,/home/runner/work/javassist/javassist/target/test-classes/javassist/Bench$6.class,-1,390602,390600,Not provided,BuildwithMaven,BuildwithMaven
113,/home/runner/work/javassist/javassist/target/test-classes/javassist/Bench$5.class,-1,390598,390596,Not provided,BuildwithMaven,BuildwithMaven
114,/home/runner/work/javassist/javassist/target/test-classes/javassist/Bench$4.class,-1,390594,390592,Not provided,BuildwithMaven,BuildwithMaven
115,/home/runner/work/javassist/javassist/target/test-classes/javassist/Bench$3.class,-1,390590,390588,Not provided,BuildwithMaven,BuildwithMaven
116,/home/runner/work/javassist/javassist/target/test-classes/javassist/Bench$2.class,-1,390586,390584,Not provided,BuildwithMaven,BuildwithMaven
117,/home/runner/work/javassist/javassist/target/test-classes/javassist/Bench$1.class,-1,390582,390580,Not provided,BuildwithMaven,BuildwithMaven
118,/home/runner/work/javassist/javassist/target/test-classes/scoped/jar1/FullyScopedAnnotationUsage.class,-1,390574,390572,Not provided,BuildwithMaven,BuildwithMaven
119,/home/runner/work/javassist/javassist/target/test-classes/test1/StaticField.class,-1,390570,390568,Not provided,BuildwithMaven,BuildwithMaven
120,/home/runner/work/javassist/javassist/target/test-classes/javassist/Bench.class,-1,390610,390608,Not provided,BuildwithMaven,BuildwithMaven
121,/home/runner/work/javassist/javassist/target/test-classes/test4/JIRA220intf.class,-1,390714,390712,Not provided,BuildwithMaven,BuildwithMaven
122,/home/runner/work/javassist/javassist/target/test-classes/test4/NestedClass$S.class,-1,390694,390692,Not provided,BuildwithMaven,BuildwithMaven
123,/home/runner/work/javassist/javassist/target/test-classes/test4/NestedClass$S$S2.class,-1,390690,390688,Not provided,BuildwithMaven,BuildwithMaven
124,/home/runner/work/javassist/javassist/target/test-classes/test4/NestedClass$N.class,-1,390686,390684,Not provided,BuildwithMaven,BuildwithMaven
125,/home/runner/work/javassist/javassist/target/test-classes/test5/NestHost2$Bar.class,-1,390674,390672,Not provided,BuildwithMaven,BuildwithMaven
126,/home/runner/work/javassist/javassist/target/test-classes/test2/Inner2$Child.class,-1,390662,390660,Not provided,BuildwithMaven,BuildwithMaven
127,/home/runner/work/javassist/javassist/target/test-classes/test5/InnerModifier2.class,-1,390654,390652,Not provided,BuildwithMaven,BuildwithMaven
128,/home/runner/work/javassist/javassist/target/test-classes/javassist/bytecode/CodeAnalyzerTest.class,-1,391392,391390,Not provided,BuildwithMaven,BuildwithMaven
129,/home/runner/work/javassist/javassist/target/test-classes/test4/GetAllRefAnnoC4.class,-1,391376,391374,Not provided,BuildwithMaven,BuildwithMaven
130,/home/runner/work/javassist/javassist/target/test-classes/test4/GetAllRefAnnoC3.class,-1,391372,391370,Not provided,BuildwithMaven,BuildwithMaven
131,/home/runner/work/javassist/javassist/target/test-classes/test4/GetAllRefAnnoC2.class,-1,391368,391366,Not provided,BuildwithMaven,BuildwithMaven
132,/home/runner/work/javassist/javassist/target/test-classes/test4/GetAllRefAnnoC.class,-1,391364,391362,Not provided,BuildwithMaven,BuildwithMaven
133,/home/runner/work/javassist/javassist/target/test-classes/test4/GetAllRefAnno.class,-1,391360,391358,Not provided,BuildwithMaven,BuildwithMaven
134,/home/runner/work/javassist/javassist/target/test-classes/test4/GetAllRefEnum.class,-1,391356,391354,Not provided,BuildwithMaven,BuildwithMaven
135,/home/runner/work/javassist/javassist/target/test-classes/annotation/Tag.class,-1,391332,391330,Not provided,BuildwithMaven,BuildwithMaven
136,/home/runner/work/javassist/javassist/target/test-classes/annotation/EnumTest.class,-1,391328,391326,Not provided,BuildwithMaven,BuildwithMaven
137,/home/runner/work/javassist/javassist/target/test-classes/annotation/Id.class,-1,391324,391322,Not provided,BuildwithMaven,BuildwithMaven
138,/home/runner/work/javassist/javassist/target/test-classes/testproxy/sub/TargetSuper.class,-1,391412,391410,Not provided,BuildwithMaven,BuildwithMaven
139,/home/runner/work/javassist/javassist/target/test-classes/test4/ImportPac.class,-1,391502,391500,Not provided,BuildwithMaven,BuildwithMaven
140,/home/runner/work/javassist/javassist/target/test-classes/javassist/tools/reflect/ClassMetaobjectTest.class,-1,391498,391496,Not provided,BuildwithMaven,BuildwithMaven
141,/home/runner/work/javassist/javassist/target/test-classes/javassist/tools/reflect/Person.class,-1,391482,391480,Not provided,BuildwithMaven,BuildwithMaven
142,/home/runner/work/javassist/javassist/target/test-classes/test4/JIRA181$B.class,-1,391460,391458,Not provided,BuildwithMaven,BuildwithMaven
143,/home/runner/work/javassist/javassist/target/test-classes/test4/JIRA181$ICondition.class,-1,391456,391454,Not provided,BuildwithMaven,BuildwithMaven
144,/home/runner/work/javassist/javassist/target/test-classes/scoped/jar1/TestClass1.class,-1,391444,391442,Not provided,BuildwithMaven,BuildwithMaven
145,/home/runner/work/javassist/javassist/target/test-classes/test/javassist/proxy/ProxySimpleTest$Default4.class,-1,391092,391090,Not provided,BuildwithMaven,BuildwithMaven
146,/home/runner/work/javassist/javassist/target/test-classes/test5/RemoveAnno2.class,-1,391224,391222,Not provided,BuildwithMaven,BuildwithMaven
147,/home/runner/work/javassist/javassist/target/test-classes/test5/RemoveAnno1.class,-1,391220,391218,Not provided,BuildwithMaven,BuildwithMaven
148,/home/runner/work/javassist/javassist/target/test-classes/test3/PackName2.class,-1,391204,391202,Not provided,BuildwithMaven,BuildwithMaven
149,/home/runner/work/javassist/javassist/target/test-classes/test5/JIRA242.class,-1,391200,391198,Not provided,BuildwithMaven,BuildwithMaven
150,/home/runner/work/javassist/javassist/src/test/javassist/bytecode/Gap0Example.class,-1,2551,2549,Not provided,uses-checkout,uses-checkout
151,/home/runner/work/javassist/javassist/src/test/Readme.txt,-1,2451,2449,Not provided,uses-checkout,uses-checkout
152,/home/runner/work/javassist/javassist/sample/vector/Test.j,-1,1420,1418,Not provided,uses-checkout,uses-checkout
153,/home/runner/work/javassist/javassist/sample/vector/VectorAssistant.java,-1,1424,1422,Not provided,uses-checkout,uses-checkout
154,/home/runner/work/javassist/javassist/sample/vector/Sample2.java,-1,1416,1414,Not provided,uses-checkout,uses-checkout
155,/home/runner/work/javassist/javassist/Examples.md,-1,1205,1203,Not provided,uses-checkout,uses-checkout
156,/home/runner/work/javassist/javassist/Changes.md,-1,1201,1199,Not provided,uses-checkout,uses-checkout
157,/home/runner/work/javassist/javassist/.gitignore,-1,1197,1195,Not provided,uses-checkout,uses-checkout
158,/home/runner/work/javassist/javassist/.github/workflows/maven.yml,-1,1189,1187,Not provided,uses-checkout,uses-checkout
159,/home/runner/work/javassist/javassist/target/runtest/testproxy/Target_$$_jvst489_11.class,-1,448181,448179,Not provided,BuildwithMaven,BuildwithMaven
160,/home/runner/work/javassist/javassist/README.md,-1,1214,1212,Not provided,uses-checkout,uses-checkout
161,/home/runner/work/javassist/javassist/build.xml,-1,1218,1216,Not provided,uses-checkout,uses-checkout
162,/home/runner/work/javassist/javassist/sample/duplicate/DuplicatedObject.java,-1,1282,1280,Not provided,uses-checkout,uses-checkout
163,/home/runner/work/javassist/javassist/sample/rmi/webdemo.html,-1,1406,1404,Not provided,uses-checkout,uses-checkout
164,/home/runner/work/javassist/javassist/sample/rmi/start.html,-1,1402,1400,Not provided,uses-checkout,uses-checkout
165,/home/runner/work/javassist/javassist/sample/rmi/inside.gif,-1,1398,1396,Not provided,uses-checkout,uses-checkout
166,/home/runner/work/javassist/javassist/sample/rmi/Counter.java,-1,1394,1392,Not provided,uses-checkout,uses-checkout
167,/home/runner/work/javassist/javassist/sample/rmi/CountApplet.java,-1,1390,1388,Not provided,uses-checkout,uses-checkout
168,/home/runner/work/javassist/javassist/sample/reflect/VerboseMetaobj.java,-1,1380,1378,Not provided,uses-checkout,uses-checkout
169,/home/runner/work/javassist/javassist/sample/reflect/Person.java,-1,1376,1374,Not provided,uses-checkout,uses-checkout
170,/home/runner/work/javassist/javassist/target/runtest/proxy/test/javassist/proxy/ProxySimpleTest$PubProxy_$$_jvst489_2734.class,-1,448432,448430,Not provided,BuildwithMaven,BuildwithMaven
171,/home/runner/work/javassist/javassist/sample/preproc/package.html,-1,1366,1364,Not provided,uses-checkout,uses-checkout
172,/home/runner/work/javassist/javassist/sample/preproc/Compiler.java,-1,1362,1360,Not provided,uses-checkout,uses-checkout
173,/home/runner/work/javassist/javassist/target/runtest/proxy/test/javassist/proxy/ProxySimpleTest$Default2_$$_jvst489_273b.class,-1,448534,448532,Not provided,BuildwithMaven,BuildwithMaven
174,/home/runner/work/javassist/javassist/sample/hotswap/Test.java,-1,1348,1346,Not provided,uses-checkout,uses-checkout
175,/home/runner/work/javassist/javassist/sample/evolve/update.html,-1,1340,1338,Not provided,uses-checkout,uses-checkout
176,/home/runner/work/javassist/javassist/sample/evolve/start.html,-1,1336,1334,Not provided,uses-checkout,uses-checkout
177,/home/runner/work/javassist/javassist/sample/evolve/demo.html,-1,1328,1326,Not provided,uses-checkout,uses-checkout
178,/home/runner/work/javassist/javassist/sample/evolve/WebPage.java,-1,1324,1322,Not provided,uses-checkout,uses-checkout
179,/home/runner/work/javassist/javassist/sample/evolve/VersionManager.java,-1,1320,1318,Not provided,uses-checkout,uses-checkout
180,/home/runner/work/javassist/javassist/sample/evolve/Sample.java,-1,1316,1314,Not provided,uses-checkout,uses-checkout
181,/home/runner/work/javassist/javassist/sample/evolve/Evolution.java,-1,1312,1310,Not provided,uses-checkout,uses-checkout
182,/home/runner/work/javassist/javassist/sample/evolve/DemoServer.java,-1,1308,1306,Not provided,uses-checkout,uses-checkout
183,/home/runner/work/javassist/javassist/sample/evolve/DemoLoader.java,-1,1304,1302,Not provided,uses-checkout,uses-checkout
184,/home/runner/work/javassist/javassist/sample/evolve/CannotUpdateException.java,-1,1300,1298,Not provided,uses-checkout,uses-checkout
185,/home/runner/work/javassist/javassist/target/runtest/proxy/test/javassist/proxy/ProxySimpleTest$Default3_$$_jvst489_273d.class,-1,448554,448552,Not provided,BuildwithMaven,BuildwithMaven
186,/home/runner/work/javassist/javassist/sample/duplicate/Viewer.java,-1,1290,1288,Not provided,uses-checkout,uses-checkout
187,/home/runner/work/javassist/javassist/sample/duplicate/Main.java,-1,1286,1284,Not provided,uses-checkout,uses-checkout
188,/home/runner/work/javassist/javassist/target/runtest/reflected/javassist/tools/reflect/SuperClass.class,-1,447954,447952,Not provided,BuildwithMaven,BuildwithMaven
189,/home/runner/work/javassist/javassist/target/runtest/javassist/bytecode/Gap0Example2.class,-1,447913,447911,Not provided,BuildwithMaven,BuildwithMaven
190,/home/runner/work/javassist/javassist/target/runtest/javassist/bytecode/Gap0Example.class,-1,447906,447904,Not provided,BuildwithMaven,BuildwithMaven
191,/home/runner/work/javassist/javassist/target/runtest/javassist/bytecode/StackMapTest$C6.class,-1,447621,447619,Not provided,BuildwithMaven,BuildwithMaven
192,/home/runner/work/javassist/javassist/tutorial/tutorial3.html,-1,3813,3811,Not provided,uses-checkout,uses-checkout
193,/home/runner/work/javassist/javassist/target/runtest/javassist/bytecode/StackMapTest$T8d.class,-1,447867,447865,Not provided,BuildwithMaven,BuildwithMaven
194,/home/runner/work/javassist/javassist/target/surefire-reports/javassist.JvstTest.txt,-1,448686,-1,Not provided,BuildwithMaven,Not provided
195,/home/runner/work/javassist/javassist/target/runtest/proxy/test/javassist/proxy/ProxySimpleTest$Foo_$$_jvst489_2733.class,-1,448421,-1,Not provided,BuildwithMaven,Not provided
196,/home/runner/work/javassist/javassist/target/runtest/testproxy/BridgeMethod_$$_jvst489_7.class,-1,448056,-1,Not provided,BuildwithMaven,Not provided
197,/home/runner/work/javassist/javassist/sample/evolve/CannotCreateException.java,-1,1296,-1,Not provided,uses-checkout,Not provided
198,/home/runner/work/javassist/javassist/sample/preproc/Assistant.java,-1,1358,-1,Not provided,uses-checkout,Not provided
199,/home/runner/work/javassist/javassist/sample/reflect/Main.java,-1,1372,-1,Not provided,uses-checkout,Not provided
200,/home/runner/work/javassist/javassist/sample/rmi/AlertDialog.java,-1,1386,-1,Not provided,uses-checkout,Not provided
201,/home/runner/work/javassist/javassist/sample/vector/Sample.java,-1,1412,-1,Not provided,uses-checkout,Not provided
202,/home/runner/work/javassist/javassist/tutorial/brown.css,-1,3797,-1,Not provided,uses-checkout,Not provided
