,file_name,last_access_index,last_modify_index,creation_index,last_access_step,last_modify_step,creation_step
0,/home/runner/work/javassist/javassist/target/javassist-3.29.2-GA.jar,-1,1023805,995181,Not provided,BuildwithMaven,BuildwithMaven
1,/home/runner/work/javassist/javassist/target/javassist-3.29.2-GA-sources.jar,-1,1028533,1024822,Not provided,BuildwithMaven,BuildwithMaven
2,/home/runner/work/javassist/javassist/target/classes/META-INF/MANIFEST.MF,443196,1024792,379452,BuildwithMaven,BuildwithMaven,BuildwithMaven
3,/home/runner/work/javassist/javassist/target/runtest/test1/AnnoTest.class,-1,441443,441308,Not provided,BuildwithMaven,BuildwithMaven
4,/home/runner/work/javassist/javassist/target/runtest/test-hibernate.class,-1,441738,441640,Not provided,BuildwithMaven,BuildwithMaven
5,/home/runner/work/javassist/javassist/target/runtest/TooManyConstPoolItems.class,-1,440936,440890,Not provided,BuildwithMaven,BuildwithMaven
6,/home/runner/work/javassist/javassist/target/surefire-reports/TEST-javassist.JvstTest.xml,-1,442810,442803,Not provided,BuildwithMaven,BuildwithMaven
7,/home/runner/work/javassist/javassist/tutorial/tutorial2.html,-1,2659,2655,Not provided,uses-checkout,uses-checkout
8,/home/runner/work/javassist/javassist/tutorial/tutorial.html,-1,2653,2649,Not provided,uses-checkout,uses-checkout
9,/home/runner/work/javassist/javassist/target/maven-status/maven-compiler-plugin/compile/default-compile/inputFiles.lst,-1,4818,4814,Not provided,BuildwithMaven,BuildwithMaven
10,/home/runner/work/javassist/javassist/target/maven-status/maven-compiler-plugin/compile/default-compile/createdFiles.lst,-1,4812,4808,Not provided,BuildwithMaven,BuildwithMaven
11,/home/runner/work/javassist/javassist/target/maven-status/maven-compiler-plugin/testCompile/default-testCompile/createdFiles.lst,-1,386092,386088,Not provided,BuildwithMaven,BuildwithMaven
12,/home/runner/work/javassist/javassist/target/maven-status/maven-compiler-plugin/testCompile/default-testCompile/inputFiles.lst,-1,386098,386094,Not provided,BuildwithMaven,BuildwithMaven
13,/home/runner/work/javassist/javassist/target/runtest/test3/JIRA63.class,-1,389284,389275,Not provided,BuildwithMaven,BuildwithMaven
14,/home/runner/work/javassist/javassist/target/runtest/test3/Clazz67.class,-1,389085,389081,Not provided,BuildwithMaven,BuildwithMaven
15,/home/runner/work/javassist/javassist/License.html,-1,1134,1131,Not provided,uses-checkout,uses-checkout
16,/home/runner/work/javassist/javassist/target/test-classes/scoped/UnscopedAnnotationDefaultUsage.class,-1,384265,384263,Not provided,BuildwithMaven,BuildwithMaven
17,/home/runner/work/javassist/javassist/target/test-classes/test1/BenchProceedNew.class,-1,384237,384235,Not provided,BuildwithMaven,BuildwithMaven
18,/home/runner/work/javassist/javassist/target/test-classes/test1/BenchProceedNew3.class,-1,384233,384231,Not provided,BuildwithMaven,BuildwithMaven
19,/home/runner/work/javassist/javassist/target/test-classes/test5/JIRA246.class,-1,384348,384346,Not provided,BuildwithMaven,BuildwithMaven
20,/home/runner/work/javassist/javassist/target/test-classes/test1/BenchProceedNew2.class,-1,384229,384227,Not provided,BuildwithMaven,BuildwithMaven
21,/home/runner/work/javassist/javassist/target/test-classes/javassist/compiler/CodeTest.class,-1,384225,384223,Not provided,BuildwithMaven,BuildwithMaven
22,/home/runner/work/javassist/javassist/target/test-classes/scoped/jar1/ScopedTestAnnotation.class,-1,384052,384050,Not provided,BuildwithMaven,BuildwithMaven
23,/home/runner/work/javassist/javassist/target/test-classes/test3/InnerClass.class,-1,384048,384046,Not provided,BuildwithMaven,BuildwithMaven
24,/home/runner/work/javassist/javassist/target/test-classes/test3/Visible2.class,-1,384197,384195,Not provided,BuildwithMaven,BuildwithMaven
25,/home/runner/work/javassist/javassist/target/test-classes/javassist/Bench.class,-1,384788,384786,Not provided,BuildwithMaven,BuildwithMaven
26,/home/runner/work/javassist/javassist/target/test-classes/javassist/Bench$7.class,-1,384784,384782,Not provided,BuildwithMaven,BuildwithMaven
27,/home/runner/work/javassist/javassist/target/test-classes/javassist/Bench$6.class,-1,384780,384778,Not provided,BuildwithMaven,BuildwithMaven
28,/home/runner/work/javassist/javassist/target/test-classes/javassist/Bench$5.class,-1,384776,384774,Not provided,BuildwithMaven,BuildwithMaven
29,/home/runner/work/javassist/javassist/target/test-classes/javassist/Bench$4.class,-1,384772,384770,Not provided,BuildwithMaven,BuildwithMaven
30,/home/runner/work/javassist/javassist/target/test-classes/javassist/Bench$3.class,-1,384768,384766,Not provided,BuildwithMaven,BuildwithMaven
31,/home/runner/work/javassist/javassist/target/test-classes/javassist/Bench$2.class,-1,384764,384762,Not provided,BuildwithMaven,BuildwithMaven
32,/home/runner/work/javassist/javassist/target/test-classes/javassist/Bench$1.class,-1,384760,384758,Not provided,BuildwithMaven,BuildwithMaven
33,/home/runner/work/javassist/javassist/target/test-classes/scoped/jar1/FullyScopedAnnotationUsage.class,-1,384752,384750,Not provided,BuildwithMaven,BuildwithMaven
34,/home/runner/work/javassist/javassist/target/test-classes/test1/StaticField.class,-1,384748,384746,Not provided,BuildwithMaven,BuildwithMaven
35,/home/runner/work/javassist/javassist/target/test-classes/test4/GetAllRefInnerTest$2.class,-1,384434,384432,Not provided,BuildwithMaven,BuildwithMaven
36,/home/runner/work/javassist/javassist/target/test-classes/test4/GetAllRefInnerTest$1.class,-1,384430,384428,Not provided,BuildwithMaven,BuildwithMaven
37,/home/runner/work/javassist/javassist/target/test-classes/test4/GetAllRefInnerTest2.class,-1,384426,384424,Not provided,BuildwithMaven,BuildwithMaven
38,/home/runner/work/javassist/javassist/target/test-classes/test4/GetAllRefInnerTest2$1.class,-1,384422,384420,Not provided,BuildwithMaven,BuildwithMaven
39,/home/runner/work/javassist/javassist/target/test-classes/javassist/ClassPoolBench.class,-1,384528,384526,Not provided,BuildwithMaven,BuildwithMaven
40,/home/runner/work/javassist/javassist/target/test-classes/scoped/jar1/FullyScopedAnnotationDefaultUsage.class,-1,384524,384522,Not provided,BuildwithMaven,BuildwithMaven
41,/home/runner/work/javassist/javassist/target/test-classes/scoped/UnscopedAnnotationUsage.class,-1,384520,384518,Not provided,BuildwithMaven,BuildwithMaven
42,/home/runner/work/javassist/javassist/target/test-classes/test2/ReplaceClassName3.class,-1,383358,383356,Not provided,BuildwithMaven,BuildwithMaven
43,/home/runner/work/javassist/javassist/target/test-classes/test2/ReplaceClassName2.class,-1,383354,383352,Not provided,BuildwithMaven,BuildwithMaven
44,/home/runner/work/javassist/javassist/target/test-classes/test2/Nested$Inner2.class,-1,383320,383318,Not provided,BuildwithMaven,BuildwithMaven
45,/home/runner/work/javassist/javassist/target/test-classes/test1/BenchProceed.class,-1,383312,383310,Not provided,BuildwithMaven,BuildwithMaven
46,/home/runner/work/javassist/javassist/target/test-classes/test1/BenchProceed2.class,-1,383308,383306,Not provided,BuildwithMaven,BuildwithMaven
47,/home/runner/work/javassist/javassist/target/test-classes/testproxy/Target189.class,-1,383304,383302,Not provided,BuildwithMaven,BuildwithMaven
48,/home/runner/work/javassist/javassist/target/test-classes/test/javassist/bytecode/analysis/DomTreePrinter.class,-1,383460,383458,Not provided,BuildwithMaven,BuildwithMaven
49,/home/runner/work/javassist/javassist/target/test-classes/scoped/TestAnnotation.class,-1,383424,383422,Not provided,BuildwithMaven,BuildwithMaven
50,/home/runner/work/javassist/javassist/target/test-classes/testproxy/Target127.class,-1,383149,383147,Not provided,BuildwithMaven,BuildwithMaven
51,/home/runner/work/javassist/javassist/target/test-classes/testproxy/Target127$RealSub.class,-1,383145,383143,Not provided,BuildwithMaven,BuildwithMaven
52,/home/runner/work/javassist/javassist/target/runtest/test5/InnerModifier$NonStatic.class,-1,441273,441271,Not provided,BuildwithMaven,BuildwithMaven
53,/home/runner/work/javassist/javassist/target/runtest/test5/InnerModifier$Static.class,-1,441280,441278,Not provided,BuildwithMaven,BuildwithMaven
54,/home/runner/work/javassist/javassist/target/test-classes/test1/BenchStaticMethod.class,-1,383276,383274,Not provided,BuildwithMaven,BuildwithMaven
55,/home/runner/work/javassist/javassist/target/test-classes/test3/Enhancer.class,-1,383260,383258,Not provided,BuildwithMaven,BuildwithMaven
56,/home/runner/work/javassist/javassist/target/test-classes/test3/Enhancer$Interceptor.class,-1,383256,383254,Not provided,BuildwithMaven,BuildwithMaven
57,/home/runner/work/javassist/javassist/target/test-classes/test3/Enhancer$1.class,-1,383252,383250,Not provided,BuildwithMaven,BuildwithMaven
58,/home/runner/work/javassist/javassist/target/test-classes/test3/EnhanceTest.class,-1,383245,383243,Not provided,BuildwithMaven,BuildwithMaven
59,/home/runner/work/javassist/javassist/target/test-classes/test/javassist/bytecode/analysis/ErrorFinder.class,-1,383834,383832,Not provided,BuildwithMaven,BuildwithMaven
60,/home/runner/work/javassist/javassist/target/test-classes/test3/NewClass2.class,-1,383876,383874,Not provided,BuildwithMaven,BuildwithMaven
61,/home/runner/work/javassist/javassist/target/test-classes/VisibleTop2.class,-1,383968,383966,Not provided,BuildwithMaven,BuildwithMaven
62,/home/runner/work/javassist/javassist/target/test-classes/test1/GetThrow2.class,-1,383928,383926,Not provided,BuildwithMaven,BuildwithMaven
63,/home/runner/work/javassist/javassist/target/test-classes/test1/GetThrow1.class,-1,383924,383922,Not provided,BuildwithMaven,BuildwithMaven
64,/home/runner/work/javassist/javassist/target/test-classes/test/javassist/bytecode/analysis/AnalyzerTest$Dummy$A3.class,-1,383896,383894,Not provided,BuildwithMaven,BuildwithMaven
65,/home/runner/work/javassist/javassist/target/test-classes/test/javassist/bytecode/analysis/AnalyzerTest$Dummy$A2.class,-1,383892,383890,Not provided,BuildwithMaven,BuildwithMaven
66,/home/runner/work/javassist/javassist/target/test-classes/javassist/bytecode/StackMapTest$T8dd.class,-1,383770,383768,Not provided,BuildwithMaven,BuildwithMaven
67,/home/runner/work/javassist/javassist/target/test-classes/javassist/JvstTest4$Inner1.class,-1,383610,383608,Not provided,BuildwithMaven,BuildwithMaven
68,/home/runner/work/javassist/javassist/target/test-classes/test5/InnerClassRemove$C.class,-1,383528,383526,Not provided,BuildwithMaven,BuildwithMaven
69,/home/runner/work/javassist/javassist/target/test-classes/test5/InnerClassRemove$B.class,-1,383524,383522,Not provided,BuildwithMaven,BuildwithMaven
70,/home/runner/work/javassist/javassist/target/test-classes/test5/InnerClassRemove$A.class,-1,383520,383518,Not provided,BuildwithMaven,BuildwithMaven
71,/home/runner/work/javassist/javassist/target/test-classes/javassist/bytecode/StackMapTest$I8d.class,-1,383766,383764,Not provided,BuildwithMaven,BuildwithMaven
72,/home/runner/work/javassist/javassist/target/test-classes/test4/JIRA220intf.class,-1,384892,384890,Not provided,BuildwithMaven,BuildwithMaven
73,/home/runner/work/javassist/javassist/target/runtest/test1/NewInterface.class,-1,388017,388015,Not provided,BuildwithMaven,BuildwithMaven
74,/home/runner/work/javassist/javassist/target/runtest/test1/NewInterface2.class,-1,388021,388019,Not provided,BuildwithMaven,BuildwithMaven
75,/home/runner/work/javassist/javassist/target/runtest/test1/SetName3.class,-1,388120,388118,Not provided,BuildwithMaven,BuildwithMaven
76,/home/runner/work/javassist/javassist/target/runtest/test1/SetName2.class,-1,388116,388114,Not provided,BuildwithMaven,BuildwithMaven
77,/home/runner/work/javassist/javassist/target/runtest/test1/Freeze.class,-1,388067,388065,Not provided,BuildwithMaven,BuildwithMaven
78,/home/runner/work/javassist/javassist/target/test-classes/test5/NestHost$Bar.class,-1,385770,385768,Not provided,BuildwithMaven,BuildwithMaven
79,/home/runner/work/javassist/javassist/target/test-classes/test2/StaticArraysMem.class,-1,385838,385836,Not provided,BuildwithMaven,BuildwithMaven
80,/home/runner/work/javassist/javassist/target/runtest/test1/MySerializableClass.class,-1,387487,387485,Not provided,BuildwithMaven,BuildwithMaven
81,/home/runner/work/javassist/javassist/target/test-classes/javassist/compiler/LexTest.class,-1,385886,385884,Not provided,BuildwithMaven,BuildwithMaven
82,/home/runner/work/javassist/javassist/target/test-classes/scoped/jar1/ScopedAnnotationUsage.class,-1,385882,385880,Not provided,BuildwithMaven,BuildwithMaven
83,/home/runner/work/javassist/javassist/target/test-classes/test1/Point.class,-1,385870,385868,Not provided,BuildwithMaven,BuildwithMaven
84,/home/runner/work/javassist/javassist/target/test-classes/javassist/HotswapTest$Foo.class,-1,385846,385844,Not provided,BuildwithMaven,BuildwithMaven
85,/home/runner/work/javassist/javassist/target/runtest/test4/WrittenFile2sub.class,-1,389567,389565,Not provided,BuildwithMaven,BuildwithMaven
86,/home/runner/work/javassist/javassist/target/runtest/test4/TestDeadcode.class,-1,389620,389618,Not provided,BuildwithMaven,BuildwithMaven
87,/home/runner/work/javassist/javassist/target/runtest/test4/AnnoLoad.class,-1,389509,389507,Not provided,BuildwithMaven,BuildwithMaven
88,/home/runner/work/javassist/javassist/target/runtest/test4/AnnoLoadAnno.class,-1,389502,389500,Not provided,BuildwithMaven,BuildwithMaven
89,/home/runner/work/javassist/javassist/target/runtest/test5/NestHost4$InnerClass1$InnerClass5.class,-1,440804,440802,Not provided,BuildwithMaven,BuildwithMaven
90,/home/runner/work/javassist/javassist/target/runtest/test5/NestHost4$InnerClass1.class,-1,440794,440792,Not provided,BuildwithMaven,BuildwithMaven
91,/home/runner/work/javassist/javassist/target/runtest/test3/StaticFinalField.class,-1,389214,389212,Not provided,BuildwithMaven,BuildwithMaven
92,/home/runner/work/javassist/javassist/target/runtest/test2/NullArgTest.class,-1,388602,388600,Not provided,BuildwithMaven,BuildwithMaven
93,/home/runner/work/javassist/javassist/target/runtest/test2/NewOp.class,-1,388598,388596,Not provided,BuildwithMaven,BuildwithMaven
94,/home/runner/work/javassist/javassist/target/runtest/test2/MethodCall.class,-1,388494,388492,Not provided,BuildwithMaven,BuildwithMaven
95,/home/runner/work/javassist/javassist/target/runtest/test2/Inner.class,-1,388413,388411,Not provided,BuildwithMaven,BuildwithMaven
96,/home/runner/work/javassist/javassist/target/runtest/test2/Inherit.class,-1,388403,388401,Not provided,BuildwithMaven,BuildwithMaven
97,/home/runner/work/javassist/javassist/target/runtest/test3/PublicInner$Inner.class,-1,388885,388883,Not provided,BuildwithMaven,BuildwithMaven
98,/home/runner/work/javassist/javassist/target/runtest/test3/PublicInner.class,-1,388881,388879,Not provided,BuildwithMaven,BuildwithMaven
99,/home/runner/work/javassist/javassist/target/runtest/test2/SuperInterface3.class,-1,388727,388725,Not provided,BuildwithMaven,BuildwithMaven
100,/home/runner/work/javassist/javassist/target/test-classes/javassist/ConcurrentClassDefinitionTest.class,-1,385182,385180,Not provided,BuildwithMaven,BuildwithMaven
101,/home/runner/work/javassist/javassist/target/test-classes/javassist/ConcurrentClassDefinitionTest$Worker.class,-1,385178,385176,Not provided,BuildwithMaven,BuildwithMaven
102,/home/runner/work/javassist/javassist/target/test-classes/Jassist150.class,-1,385166,385164,Not provided,BuildwithMaven,BuildwithMaven
103,/home/runner/work/javassist/javassist/target/test-classes/Jassist150$1.class,-1,385162,385160,Not provided,BuildwithMaven,BuildwithMaven
104,/home/runner/work/javassist/javassist/target/test-classes/Test.class,-1,385118,385116,Not provided,BuildwithMaven,BuildwithMaven
105,/home/runner/work/javassist/javassist/target/test-classes/InvalidStackMapFrame.class,-1,385114,385112,Not provided,BuildwithMaven,BuildwithMaven
106,/home/runner/work/javassist/javassist/target/test-classes/test4/Signature$Foo.class,-1,385106,385104,Not provided,BuildwithMaven,BuildwithMaven
107,/home/runner/work/javassist/javassist/target/test-classes/test/javassist/proxy/ProxySimpleTest$Default4.class,-1,385270,385268,Not provided,BuildwithMaven,BuildwithMaven
108,/home/runner/work/javassist/javassist/target/test-classes/test4/NestedClass$S.class,-1,384872,384870,Not provided,BuildwithMaven,BuildwithMaven
109,/home/runner/work/javassist/javassist/target/test-classes/test4/NestedClass$S$S2.class,-1,384868,384866,Not provided,BuildwithMaven,BuildwithMaven
110,/home/runner/work/javassist/javassist/target/test-classes/test4/NestedClass$N.class,-1,384864,384862,Not provided,BuildwithMaven,BuildwithMaven
111,/home/runner/work/javassist/javassist/target/test-classes/test5/NestHost2$Bar.class,-1,384852,384850,Not provided,BuildwithMaven,BuildwithMaven
112,/home/runner/work/javassist/javassist/target/test-classes/test2/Inner2$Child.class,-1,384840,384838,Not provided,BuildwithMaven,BuildwithMaven
113,/home/runner/work/javassist/javassist/target/test-classes/test5/InnerModifier2.class,-1,384832,384830,Not provided,BuildwithMaven,BuildwithMaven
114,/home/runner/work/javassist/javassist/target/test-classes/scoped/ScopedRepositoryTestCase.class,-1,384923,384921,Not provided,BuildwithMaven,BuildwithMaven
115,/home/runner/work/javassist/javassist/target/test-classes/test3/PublicInner2$PS.class,-1,385066,385064,Not provided,BuildwithMaven,BuildwithMaven
116,/home/runner/work/javassist/javassist/target/test-classes/test3/NestedClass$1Local.class,-1,384963,384961,Not provided,BuildwithMaven,BuildwithMaven
117,/home/runner/work/javassist/javassist/target/test-classes/test3/NestedClass$1.class,-1,384959,384957,Not provided,BuildwithMaven,BuildwithMaven
118,/home/runner/work/javassist/javassist/target/test-classes/test3/NestedClass$StaticNested.class,-1,384955,384953,Not provided,BuildwithMaven,BuildwithMaven
119,/home/runner/work/javassist/javassist/target/test-classes/test3/NestedClass$Inner.class,-1,384951,384949,Not provided,BuildwithMaven,BuildwithMaven
120,/home/runner/work/javassist/javassist/target/test-classes/javassist/bytecode/CodeAnalyzerTest.class,-1,385568,385566,Not provided,BuildwithMaven,BuildwithMaven
121,/home/runner/work/javassist/javassist/target/test-classes/test4/GetAllRefAnnoC4.class,-1,385552,385550,Not provided,BuildwithMaven,BuildwithMaven
122,/home/runner/work/javassist/javassist/target/test-classes/test4/GetAllRefAnnoC3.class,-1,385548,385546,Not provided,BuildwithMaven,BuildwithMaven
123,/home/runner/work/javassist/javassist/target/test-classes/test4/GetAllRefAnnoC2.class,-1,385544,385542,Not provided,BuildwithMaven,BuildwithMaven
124,/home/runner/work/javassist/javassist/target/test-classes/test4/GetAllRefAnnoC.class,-1,385540,385538,Not provided,BuildwithMaven,BuildwithMaven
125,/home/runner/work/javassist/javassist/target/test-classes/test4/GetAllRefAnno.class,-1,385536,385534,Not provided,BuildwithMaven,BuildwithMaven
126,/home/runner/work/javassist/javassist/target/test-classes/test4/GetAllRefEnum.class,-1,385532,385530,Not provided,BuildwithMaven,BuildwithMaven
127,/home/runner/work/javassist/javassist/target/test-classes/scoped/jar1/TestClass1.class,-1,385618,385616,Not provided,BuildwithMaven,BuildwithMaven
128,/home/runner/work/javassist/javassist/target/test-classes/test4/ImportPac.class,-1,385676,385674,Not provided,BuildwithMaven,BuildwithMaven
129,/home/runner/work/javassist/javassist/target/test-classes/javassist/tools/reflect/ClassMetaobjectTest.class,-1,385672,385670,Not provided,BuildwithMaven,BuildwithMaven
130,/home/runner/work/javassist/javassist/target/test-classes/javassist/tools/reflect/Person.class,-1,385656,385654,Not provided,BuildwithMaven,BuildwithMaven
131,/home/runner/work/javassist/javassist/target/test-classes/test4/JIRA181$B.class,-1,385634,385632,Not provided,BuildwithMaven,BuildwithMaven
132,/home/runner/work/javassist/javassist/target/test-classes/test4/JIRA181$ICondition.class,-1,385630,385628,Not provided,BuildwithMaven,BuildwithMaven
133,/home/runner/work/javassist/javassist/target/test-classes/test5/RemoveAnno1.class,-1,385398,385396,Not provided,BuildwithMaven,BuildwithMaven
134,/home/runner/work/javassist/javassist/target/test-classes/test3/PackName2.class,-1,385382,385380,Not provided,BuildwithMaven,BuildwithMaven
135,/home/runner/work/javassist/javassist/target/test-classes/test5/JIRA242.class,-1,385378,385376,Not provided,BuildwithMaven,BuildwithMaven
136,/home/runner/work/javassist/javassist/target/test-classes/test5/RemoveAnno2.class,-1,385402,385400,Not provided,BuildwithMaven,BuildwithMaven
137,/home/runner/work/javassist/javassist/target/test-classes/annotation/Tag.class,-1,385508,385506,Not provided,BuildwithMaven,BuildwithMaven
138,/home/runner/work/javassist/javassist/target/test-classes/annotation/EnumTest.class,-1,385504,385502,Not provided,BuildwithMaven,BuildwithMaven
139,/home/runner/work/javassist/javassist/target/runtest/test5/InnerModifier.class,-1,441284,441282,Not provided,BuildwithMaven,BuildwithMaven
140,/home/runner/work/javassist/javassist/tutorial/tutorial3.html,-1,2663,2661,Not provided,uses-checkout,uses-checkout
141,/home/runner/work/javassist/javassist/target/runtest/testproxy/BridgeMethod_$$_jvst6c6_7.class,-1,442153,442151,Not provided,BuildwithMaven,BuildwithMaven
142,/home/runner/work/javassist/javassist/src/test/javassist/bytecode/Gap0Example.class,-1,1458,1456,Not provided,uses-checkout,uses-checkout
143,/home/runner/work/javassist/javassist/target/runtest/reflected/javassist/tools/reflect/SuperClass.class,-1,442038,442036,Not provided,BuildwithMaven,BuildwithMaven
144,/home/runner/work/javassist/javassist/target/runtest/testproxy/Target_$$_jvst6c6_11.class,-1,442308,442306,Not provided,BuildwithMaven,BuildwithMaven
145,/home/runner/work/javassist/javassist/src/test/Readme.txt,-1,1365,1363,Not provided,uses-checkout,uses-checkout
146,/home/runner/work/javassist/javassist/sample/vector/VectorAssistant.java,-1,1351,1349,Not provided,uses-checkout,uses-checkout
147,/home/runner/work/javassist/javassist/sample/vector/Test.j,-1,1347,1345,Not provided,uses-checkout,uses-checkout
148,/home/runner/work/javassist/javassist/sample/vector/Sample2.java,-1,1343,1341,Not provided,uses-checkout,uses-checkout
149,/home/runner/work/javassist/javassist/sample/rmi/webdemo.html,-1,1335,1333,Not provided,uses-checkout,uses-checkout
150,/home/runner/work/javassist/javassist/sample/rmi/start.html,-1,1331,1329,Not provided,uses-checkout,uses-checkout
151,/home/runner/work/javassist/javassist/sample/rmi/inside.gif,-1,1327,1325,Not provided,uses-checkout,uses-checkout
152,/home/runner/work/javassist/javassist/sample/rmi/Counter.java,-1,1323,1321,Not provided,uses-checkout,uses-checkout
153,/home/runner/work/javassist/javassist/target/runtest/javassist/bytecode/Gap0Example2.class,-1,441979,441977,Not provided,BuildwithMaven,BuildwithMaven
154,/home/runner/work/javassist/javassist/target/runtest/javassist/bytecode/StackMapTest$T8d.class,-1,441933,441931,Not provided,BuildwithMaven,BuildwithMaven
155,/home/runner/work/javassist/javassist/target/runtest/javassist/bytecode/Gap0Example.class,-1,441972,441970,Not provided,BuildwithMaven,BuildwithMaven
156,/home/runner/work/javassist/javassist/sample/rmi/CountApplet.java,-1,1319,1317,Not provided,uses-checkout,uses-checkout
157,/home/runner/work/javassist/javassist/sample/reflect/VerboseMetaobj.java,-1,1309,1307,Not provided,uses-checkout,uses-checkout
158,/home/runner/work/javassist/javassist/.github/workflows/maven.yml,-1,1113,1111,Not provided,uses-checkout,uses-checkout
159,/home/runner/work/javassist/javassist/sample/reflect/Person.java,-1,1305,1303,Not provided,uses-checkout,uses-checkout
160,/home/runner/work/javassist/javassist/.gitignore,-1,1121,1119,Not provided,uses-checkout,uses-checkout
161,/home/runner/work/javassist/javassist/Changes.md,-1,1125,1123,Not provided,uses-checkout,uses-checkout
162,/home/runner/work/javassist/javassist/Examples.md,-1,1129,1127,Not provided,uses-checkout,uses-checkout
163,/home/runner/work/javassist/javassist/README.md,-1,1138,1136,Not provided,uses-checkout,uses-checkout
164,/home/runner/work/javassist/javassist/sample/preproc/package.html,-1,1295,1293,Not provided,uses-checkout,uses-checkout
165,/home/runner/work/javassist/javassist/sample/preproc/Compiler.java,-1,1291,1289,Not provided,uses-checkout,uses-checkout
166,/home/runner/work/javassist/javassist/target/runtest/proxy/test/javassist/proxy/ProxySimpleTest$PubProxy_$$_jvst6c6_2734.class,-1,442557,442555,Not provided,BuildwithMaven,BuildwithMaven
167,/home/runner/work/javassist/javassist/sample/hotswap/Test.java,-1,1277,1275,Not provided,uses-checkout,uses-checkout
168,/home/runner/work/javassist/javassist/sample/evolve/update.html,-1,1269,1267,Not provided,uses-checkout,uses-checkout
169,/home/runner/work/javassist/javassist/sample/evolve/start.html,-1,1265,1262,Not provided,uses-checkout,uses-checkout
170,/home/runner/work/javassist/javassist/sample/evolve/demo.html,-1,1257,1255,Not provided,uses-checkout,uses-checkout
171,/home/runner/work/javassist/javassist/sample/evolve/WebPage.java,-1,1253,1251,Not provided,uses-checkout,uses-checkout
172,/home/runner/work/javassist/javassist/sample/evolve/VersionManager.java,-1,1249,1247,Not provided,uses-checkout,uses-checkout
173,/home/runner/work/javassist/javassist/sample/evolve/Sample.java,-1,1245,1243,Not provided,uses-checkout,uses-checkout
174,/home/runner/work/javassist/javassist/sample/evolve/Evolution.java,-1,1241,1239,Not provided,uses-checkout,uses-checkout
175,/home/runner/work/javassist/javassist/sample/evolve/DemoServer.java,-1,1237,1235,Not provided,uses-checkout,uses-checkout
176,/home/runner/work/javassist/javassist/sample/evolve/DemoLoader.java,-1,1233,1231,Not provided,uses-checkout,uses-checkout
177,/home/runner/work/javassist/javassist/sample/evolve/CannotUpdateException.java,-1,1229,1227,Not provided,uses-checkout,uses-checkout
178,/home/runner/work/javassist/javassist/target/runtest/proxy/test/javassist/proxy/ProxySimpleTest$Default2_$$_jvst6c6_273b.class,-1,442648,442646,Not provided,BuildwithMaven,BuildwithMaven
179,/home/runner/work/javassist/javassist/sample/duplicate/Viewer.java,-1,1219,1217,Not provided,uses-checkout,uses-checkout
180,/home/runner/work/javassist/javassist/sample/duplicate/Main.java,-1,1215,1213,Not provided,uses-checkout,uses-checkout
181,/home/runner/work/javassist/javassist/sample/duplicate/DuplicatedObject.java,-1,1211,1209,Not provided,uses-checkout,uses-checkout
182,/home/runner/work/javassist/javassist/target/runtest/proxy/test/javassist/proxy/ProxySimpleTest$Default3_$$_jvst6c6_273d.class,-1,442670,442668,Not provided,BuildwithMaven,BuildwithMaven
183,/home/runner/work/javassist/javassist/build.xml,-1,1142,1140,Not provided,uses-checkout,uses-checkout
184,/home/runner/work/javassist/javassist/target/test-classes/Readme.txt,-1,380810,380807,Not provided,BuildwithMaven,BuildwithMaven
185,/home/runner/work/javassist/javassist/target/runtest/test1/LocalVars2.class,-1,441304,441302,Not provided,BuildwithMaven,BuildwithMaven
186,/home/runner/work/javassist/javassist/target/test-classes/test3/NewExprTryCatch2.class,-1,383005,383003,Not provided,BuildwithMaven,BuildwithMaven
187,/home/runner/work/javassist/javassist/target/runtest/javassist/bytecode/StackMapTest$C6.class,-1,441638,441636,Not provided,BuildwithMaven,BuildwithMaven
188,/home/runner/work/javassist/javassist/target/surefire-reports/javassist.JvstTest.txt,-1,442801,-1,Not provided,BuildwithMaven,Not provided
189,/home/runner/work/javassist/javassist/target/runtest/proxy/javassist/util/proxy/test_javassist_proxy_ProxySimpleTest$PubProxy2_$$_jvst6c6_273c.class,-1,442660,-1,Not provided,BuildwithMaven,Not provided
190,/home/runner/work/javassist/javassist/target/runtest/proxy/test/javassist/proxy/ProxySimpleTest$Foo_$$_jvst6c6_2733.class,-1,442547,-1,Not provided,BuildwithMaven,Not provided
191,/home/runner/work/javassist/javassist/target/test-classes/testproxy/sub/TargetSuper.class,-1,385586,-1,Not provided,BuildwithMaven,Not provided
192,/home/runner/work/javassist/javassist/sample/rmi/AlertDialog.java,-1,1315,-1,Not provided,uses-checkout,Not provided
193,/home/runner/work/javassist/javassist/sample/reflect/Main.java,-1,1301,-1,Not provided,uses-checkout,Not provided
194,/home/runner/work/javassist/javassist/sample/preproc/Assistant.java,-1,1287,-1,Not provided,uses-checkout,Not provided
195,/home/runner/work/javassist/javassist/sample/evolve/CannotCreateException.java,-1,1225,-1,Not provided,uses-checkout,Not provided
196,/home/runner/work/javassist/javassist/sample/duplicate/Ball.java,-1,1207,-1,Not provided,uses-checkout,Not provided
197,/home/runner/work/javassist/javassist/sample/Test.java,-1,1201,-1,Not provided,uses-checkout,Not provided
198,/home/runner/work/javassist/javassist/target/test-classes/annotation/Id.class,-1,385500,-1,Not provided,BuildwithMaven,Not provided
199,/home/runner/work/javassist/javassist/target/test-classes/scoped/jar1/ScopedAnnotationDefaultUsage.class,-1,383420,-1,Not provided,BuildwithMaven,Not provided
200,/home/runner/work/javassist/javassist/target/test-classes/test/javassist/convert/InstrumentationTarget$Itr.class,-1,383346,-1,Not provided,BuildwithMaven,Not provided
201,/home/runner/work/javassist/javassist/target/test-classes/javassist/compiler/ParseTest.class,-1,383221,-1,Not provided,BuildwithMaven,Not provided
202,/home/runner/work/javassist/javassist/target/test-classes/test1/RenameClass2.class,-1,383019,-1,Not provided,BuildwithMaven,Not provided
203,/home/runner/work/javassist/javassist/target/test-classes/test/javassist/bytecode/analysis/ScannerTest.class,-1,383001,-1,Not provided,BuildwithMaven,Not provided
