,file_name,last_access_index,last_modify_index,creation_index,last_access_step,last_modify_step,creation_step
0,/home/runner/work/javassist/javassist/target/javassist-3.29.2-GA.jar,-1,935849,917587,Not provided,BuildwithMaven,BuildwithMaven
1,/home/runner/work/javassist/javassist/target/javassist-3.29.2-GA-sources.jar,-1,943834,936924,Not provided,BuildwithMaven,BuildwithMaven
2,/home/runner/work/javassist/javassist/target/classes/META-INF/MANIFEST.MF,405674,936762,-1,BuildwithMaven,BuildwithMaven,Not provided
3,/home/runner/work/javassist/javassist/target/runtest/test1/AnnoTest.class,-1,403692,403621,Not provided,BuildwithMaven,BuildwithMaven
4,/home/runner/work/javassist/javassist/target/runtest/test-hibernate.class,-1,403902,403853,Not provided,BuildwithMaven,BuildwithMaven
5,/home/runner/work/javassist/javassist/target/runtest/TooManyConstPoolItems.class,-1,403253,403208,Not provided,BuildwithMaven,BuildwithMaven
6,/home/runner/work/javassist/javassist/target/surefire-reports/TEST-javassist.JvstTest.xml,-1,405024,405017,Not provided,BuildwithMaven,BuildwithMaven
7,/home/runner/work/javassist/javassist/target/runtest/test3/JIRA63.class,-1,367965,367956,Not provided,BuildwithMaven,BuildwithMaven
8,/home/runner/work/javassist/javassist/target/maven-status/maven-compiler-plugin/compile/default-compile/createdFiles.lst,-1,6954,6950,Not provided,BuildwithMaven,BuildwithMaven
9,/home/runner/work/javassist/javassist/target/maven-status/maven-compiler-plugin/compile/default-compile/inputFiles.lst,-1,6960,6956,Not provided,BuildwithMaven,BuildwithMaven
10,/home/runner/work/javassist/javassist/target/runtest/test3/Clazz67.class,-1,367763,367759,Not provided,BuildwithMaven,BuildwithMaven
11,/home/runner/work/javassist/javassist/target/maven-status/maven-compiler-plugin/testCompile/default-testCompile/createdFiles.lst,-1,364669,364665,Not provided,BuildwithMaven,BuildwithMaven
12,/home/runner/work/javassist/javassist/target/maven-status/maven-compiler-plugin/testCompile/default-testCompile/inputFiles.lst,-1,364675,364671,Not provided,BuildwithMaven,BuildwithMaven
13,/home/runner/work/javassist/javassist/tutorial/tutorial2.html,-1,3736,3732,Not provided,uses21,uses21
14,/home/runner/work/javassist/javassist/tutorial/tutorial.html,-1,3730,3726,Not provided,uses21,uses21
15,/home/runner/work/javassist/javassist/License.html,-1,1187,1184,Not provided,uses21,uses21
16,/home/runner/work/javassist/javassist/target/test-classes/scoped/UnscopedAnnotationDefaultUsage.class,-1,362836,362834,Not provided,BuildwithMaven,BuildwithMaven
17,/home/runner/work/javassist/javassist/target/test-classes/test1/BenchProceedNew.class,-1,362812,362810,Not provided,BuildwithMaven,BuildwithMaven
18,/home/runner/work/javassist/javassist/target/test-classes/test1/BenchProceedNew3.class,-1,362808,362806,Not provided,BuildwithMaven,BuildwithMaven
19,/home/runner/work/javassist/javassist/target/test-classes/test1/BenchProceedNew2.class,-1,362804,362802,Not provided,BuildwithMaven,BuildwithMaven
20,/home/runner/work/javassist/javassist/target/test-classes/javassist/compiler/CodeTest.class,-1,362796,362794,Not provided,BuildwithMaven,BuildwithMaven
21,/home/runner/work/javassist/javassist/target/test-classes/test3/Visible2.class,-1,362768,362766,Not provided,BuildwithMaven,BuildwithMaven
22,/home/runner/work/javassist/javassist/target/test-classes/test1/GetThrow1.class,-1,362495,362493,Not provided,BuildwithMaven,BuildwithMaven
23,/home/runner/work/javassist/javassist/target/test-classes/test/javassist/bytecode/analysis/AnalyzerTest$Dummy$A3.class,-1,362467,362465,Not provided,BuildwithMaven,BuildwithMaven
24,/home/runner/work/javassist/javassist/target/test-classes/test/javassist/bytecode/analysis/AnalyzerTest$Dummy$A2.class,-1,362463,362461,Not provided,BuildwithMaven,BuildwithMaven
25,/home/runner/work/javassist/javassist/target/test-classes/test3/NewClass2.class,-1,362447,362445,Not provided,BuildwithMaven,BuildwithMaven
26,/home/runner/work/javassist/javassist/target/test-classes/test1/GetThrow2.class,-1,362499,362497,Not provided,BuildwithMaven,BuildwithMaven
27,/home/runner/work/javassist/javassist/target/test-classes/scoped/jar1/ScopedTestAnnotation.class,-1,362623,362621,Not provided,BuildwithMaven,BuildwithMaven
28,/home/runner/work/javassist/javassist/target/test-classes/test3/InnerClass.class,-1,362619,362617,Not provided,BuildwithMaven,BuildwithMaven
29,/home/runner/work/javassist/javassist/target/test-classes/VisibleTop2.class,-1,362539,362537,Not provided,BuildwithMaven,BuildwithMaven
30,/home/runner/work/javassist/javassist/target/test-classes/test/javassist/bytecode/analysis/ErrorFinder.class,-1,362405,362403,Not provided,BuildwithMaven,BuildwithMaven
31,/home/runner/work/javassist/javassist/target/test-classes/javassist/Bench$2.class,-1,363337,363335,Not provided,BuildwithMaven,BuildwithMaven
32,/home/runner/work/javassist/javassist/target/test-classes/javassist/Bench$1.class,-1,363333,363331,Not provided,BuildwithMaven,BuildwithMaven
33,/home/runner/work/javassist/javassist/target/test-classes/scoped/jar1/FullyScopedAnnotationUsage.class,-1,363325,363323,Not provided,BuildwithMaven,BuildwithMaven
34,/home/runner/work/javassist/javassist/target/test-classes/test1/StaticField.class,-1,363321,363319,Not provided,BuildwithMaven,BuildwithMaven
35,/home/runner/work/javassist/javassist/target/test-classes/test4/GetAllRefInnerTest2.class,-1,362993,362991,Not provided,BuildwithMaven,BuildwithMaven
36,/home/runner/work/javassist/javassist/target/test-classes/test5/JIRA246.class,-1,362919,362917,Not provided,BuildwithMaven,BuildwithMaven
37,/home/runner/work/javassist/javassist/target/test-classes/test4/GetAllRefInnerTest2$1.class,-1,362989,362987,Not provided,BuildwithMaven,BuildwithMaven
38,/home/runner/work/javassist/javassist/target/test-classes/test4/GetAllRefInnerTest$1.class,-1,362997,362995,Not provided,BuildwithMaven,BuildwithMaven
39,/home/runner/work/javassist/javassist/target/test-classes/javassist/ClassPoolBench.class,-1,363099,363097,Not provided,BuildwithMaven,BuildwithMaven
40,/home/runner/work/javassist/javassist/target/test-classes/test4/GetAllRefInnerTest$2.class,-1,363001,362999,Not provided,BuildwithMaven,BuildwithMaven
41,/home/runner/work/javassist/javassist/target/test-classes/scoped/UnscopedAnnotationUsage.class,-1,363095,363093,Not provided,BuildwithMaven,BuildwithMaven
42,/home/runner/work/javassist/javassist/target/test-classes/scoped/jar1/FullyScopedAnnotationDefaultUsage.class,-1,363091,363089,Not provided,BuildwithMaven,BuildwithMaven
43,/home/runner/work/javassist/javassist/target/test-classes/javassist/compiler/ParseTest.class,-1,361792,-1,Not provided,BuildwithMaven,Not provided
44,/home/runner/work/javassist/javassist/target/test-classes/testproxy/Target127.class,-1,361720,361718,Not provided,BuildwithMaven,BuildwithMaven
45,/home/runner/work/javassist/javassist/target/test-classes/testproxy/Target127$RealSub.class,-1,361716,361714,Not provided,BuildwithMaven,BuildwithMaven
46,/home/runner/work/javassist/javassist/target/test-classes/test2/Nested$Inner2.class,-1,361891,361889,Not provided,BuildwithMaven,BuildwithMaven
47,/home/runner/work/javassist/javassist/target/test-classes/test1/BenchProceed.class,-1,361883,361881,Not provided,BuildwithMaven,BuildwithMaven
48,/home/runner/work/javassist/javassist/target/test-classes/test1/BenchProceed2.class,-1,361879,361877,Not provided,BuildwithMaven,BuildwithMaven
49,/home/runner/work/javassist/javassist/target/test-classes/testproxy/Target189.class,-1,361875,361873,Not provided,BuildwithMaven,BuildwithMaven
50,/home/runner/work/javassist/javassist/target/test-classes/test1/BenchStaticMethod.class,-1,361847,361845,Not provided,BuildwithMaven,BuildwithMaven
51,/home/runner/work/javassist/javassist/target/test-classes/test3/Enhancer.class,-1,361831,361829,Not provided,BuildwithMaven,BuildwithMaven
52,/home/runner/work/javassist/javassist/target/test-classes/test3/Enhancer$Interceptor.class,-1,361827,361825,Not provided,BuildwithMaven,BuildwithMaven
53,/home/runner/work/javassist/javassist/target/test-classes/test3/Enhancer$1.class,-1,361823,361821,Not provided,BuildwithMaven,BuildwithMaven
54,/home/runner/work/javassist/javassist/target/test-classes/test3/EnhanceTest.class,-1,361816,361814,Not provided,BuildwithMaven,BuildwithMaven
55,/home/runner/work/javassist/javassist/target/test-classes/test3/NewExprTryCatch2.class,-1,361576,361574,Not provided,BuildwithMaven,BuildwithMaven
56,/home/runner/work/javassist/javassist/target/test-classes/test/javassist/bytecode/analysis/ScannerTest.class,-1,361572,-1,Not provided,BuildwithMaven,Not provided
57,/home/runner/work/javassist/javassist/target/test-classes/test1/RenameClass2.class,-1,361606,-1,Not provided,BuildwithMaven,Not provided
58,/home/runner/work/javassist/javassist/target/test-classes/Readme.txt,-1,359397,359394,Not provided,BuildwithMaven,BuildwithMaven
59,/home/runner/work/javassist/javassist/target/test-classes/javassist/Bench$4.class,-1,363345,363343,Not provided,BuildwithMaven,BuildwithMaven
60,/home/runner/work/javassist/javassist/target/test-classes/javassist/JvstTest4$Inner1.class,-1,362185,362183,Not provided,BuildwithMaven,BuildwithMaven
61,/home/runner/work/javassist/javassist/target/test-classes/javassist/bytecode/StackMapTest$T8dd.class,-1,362345,362343,Not provided,BuildwithMaven,BuildwithMaven
62,/home/runner/work/javassist/javassist/target/test-classes/javassist/bytecode/StackMapTest$I8d.class,-1,362341,362339,Not provided,BuildwithMaven,BuildwithMaven
63,/home/runner/work/javassist/javassist/target/test-classes/scoped/jar1/ScopedAnnotationDefaultUsage.class,-1,361991,-1,Not provided,BuildwithMaven,Not provided
64,/home/runner/work/javassist/javassist/target/test-classes/test2/ReplaceClassName3.class,-1,361929,361927,Not provided,BuildwithMaven,BuildwithMaven
65,/home/runner/work/javassist/javassist/target/test-classes/test2/ReplaceClassName2.class,-1,361925,361923,Not provided,BuildwithMaven,BuildwithMaven
66,/home/runner/work/javassist/javassist/target/test-classes/test/javassist/convert/InstrumentationTarget$Itr.class,-1,361917,-1,Not provided,BuildwithMaven,Not provided
67,/home/runner/work/javassist/javassist/target/test-classes/scoped/TestAnnotation.class,-1,361995,361993,Not provided,BuildwithMaven,BuildwithMaven
68,/home/runner/work/javassist/javassist/target/test-classes/test5/InnerClassRemove$C.class,-1,362099,362097,Not provided,BuildwithMaven,BuildwithMaven
69,/home/runner/work/javassist/javassist/target/test-classes/test5/InnerClassRemove$B.class,-1,362095,362093,Not provided,BuildwithMaven,BuildwithMaven
70,/home/runner/work/javassist/javassist/target/test-classes/test5/InnerClassRemove$A.class,-1,362091,362089,Not provided,BuildwithMaven,BuildwithMaven
71,/home/runner/work/javassist/javassist/target/test-classes/test/javassist/bytecode/analysis/DomTreePrinter.class,-1,362031,362029,Not provided,BuildwithMaven,BuildwithMaven
72,/home/runner/work/javassist/javassist/target/test-classes/javassist/Bench$3.class,-1,363341,363339,Not provided,BuildwithMaven,BuildwithMaven
73,/home/runner/work/javassist/javassist/target/test-classes/test4/JIRA220intf.class,-1,363465,363463,Not provided,BuildwithMaven,BuildwithMaven
74,/home/runner/work/javassist/javassist/target/test-classes/javassist/Bench$5.class,-1,363349,363347,Not provided,BuildwithMaven,BuildwithMaven
75,/home/runner/work/javassist/javassist/target/runtest/test2/Inner.class,-1,367056,367054,Not provided,BuildwithMaven,BuildwithMaven
76,/home/runner/work/javassist/javassist/target/runtest/test2/Inherit.class,-1,367046,367044,Not provided,BuildwithMaven,BuildwithMaven
77,/home/runner/work/javassist/javassist/target/runtest/test1/SetName3.class,-1,366759,366757,Not provided,BuildwithMaven,BuildwithMaven
78,/home/runner/work/javassist/javassist/target/runtest/test1/SetName2.class,-1,366755,366753,Not provided,BuildwithMaven,BuildwithMaven
79,/home/runner/work/javassist/javassist/target/runtest/test2/SuperInterface3.class,-1,367370,367368,Not provided,BuildwithMaven,BuildwithMaven
80,/home/runner/work/javassist/javassist/target/runtest/test2/NullArgTest.class,-1,367245,367243,Not provided,BuildwithMaven,BuildwithMaven
81,/home/runner/work/javassist/javassist/target/runtest/test2/NewOp.class,-1,367241,367239,Not provided,BuildwithMaven,BuildwithMaven
82,/home/runner/work/javassist/javassist/target/runtest/test2/MethodCall.class,-1,367137,367135,Not provided,BuildwithMaven,BuildwithMaven
83,/home/runner/work/javassist/javassist/target/runtest/test1/Freeze.class,-1,366706,366704,Not provided,BuildwithMaven,BuildwithMaven
84,/home/runner/work/javassist/javassist/target/runtest/test1/MySerializableClass.class,-1,366125,366123,Not provided,BuildwithMaven,BuildwithMaven
85,/home/runner/work/javassist/javassist/target/test-classes/javassist/compiler/LexTest.class,-1,364463,364461,Not provided,BuildwithMaven,BuildwithMaven
86,/home/runner/work/javassist/javassist/target/test-classes/scoped/jar1/ScopedAnnotationUsage.class,-1,364459,364457,Not provided,BuildwithMaven,BuildwithMaven
87,/home/runner/work/javassist/javassist/target/test-classes/test1/Point.class,-1,364447,364445,Not provided,BuildwithMaven,BuildwithMaven
88,/home/runner/work/javassist/javassist/target/test-classes/javassist/HotswapTest$Foo.class,-1,364423,364421,Not provided,BuildwithMaven,BuildwithMaven
89,/home/runner/work/javassist/javassist/target/test-classes/test2/StaticArraysMem.class,-1,364403,364401,Not provided,BuildwithMaven,BuildwithMaven
90,/home/runner/work/javassist/javassist/target/runtest/test1/NewInterface2.class,-1,366652,366650,Not provided,BuildwithMaven,BuildwithMaven
91,/home/runner/work/javassist/javassist/target/runtest/test1/NewInterface.class,-1,366648,366646,Not provided,BuildwithMaven,BuildwithMaven
92,/home/runner/work/javassist/javassist/target/runtest/test1/LocalVars2.class,-1,403617,403615,Not provided,BuildwithMaven,BuildwithMaven
93,/home/runner/work/javassist/javassist/target/runtest/test5/InnerModifier.class,-1,403598,403596,Not provided,BuildwithMaven,BuildwithMaven
94,/home/runner/work/javassist/javassist/target/runtest/test5/InnerModifier$Static.class,-1,403594,403592,Not provided,BuildwithMaven,BuildwithMaven
95,/home/runner/work/javassist/javassist/target/runtest/test5/InnerModifier$NonStatic.class,-1,403587,403585,Not provided,BuildwithMaven,BuildwithMaven
96,/home/runner/work/javassist/javassist/target/runtest/javassist/bytecode/StackMapTest$C6.class,-1,403851,403849,Not provided,BuildwithMaven,BuildwithMaven
97,/home/runner/work/javassist/javassist/target/surefire-reports/javassist.JvstTest.txt,-1,405015,-1,Not provided,BuildwithMaven,Not provided
98,/home/runner/work/javassist/javassist/target/runtest/proxy/test/javassist/proxy/ProxySimpleTest$Default3_$$_jvst489_273d.class,-1,404874,404872,Not provided,BuildwithMaven,BuildwithMaven
99,/home/runner/work/javassist/javassist/target/runtest/proxy/javassist/util/proxy/test_javassist_proxy_ProxySimpleTest$PubProxy2_$$_jvst489_273c.class,-1,404863,404861,Not provided,BuildwithMaven,BuildwithMaven
100,/home/runner/work/javassist/javassist/target/runtest/proxy/test/javassist/proxy/ProxySimpleTest$Default2_$$_jvst489_273b.class,-1,404839,404837,Not provided,BuildwithMaven,BuildwithMaven
101,/home/runner/work/javassist/javassist/target/runtest/proxy/test/javassist/proxy/ProxySimpleTest$PubProxy_$$_jvst489_2734.class,-1,404700,404698,Not provided,BuildwithMaven,BuildwithMaven
102,/home/runner/work/javassist/javassist/target/runtest/proxy/test/javassist/proxy/ProxySimpleTest$Foo_$$_jvst489_2733.class,-1,404688,404686,Not provided,BuildwithMaven,BuildwithMaven
103,/home/runner/work/javassist/javassist/target/runtest/testproxy/Target_$$_jvst489_11.class,-1,404411,404409,Not provided,BuildwithMaven,BuildwithMaven
104,/home/runner/work/javassist/javassist/target/runtest/testproxy/BridgeMethod_$$_jvst489_7.class,-1,404284,-1,Not provided,BuildwithMaven,Not provided
105,/home/runner/work/javassist/javassist/target/runtest/reflected/javassist/tools/reflect/SuperClass.class,-1,404185,404183,Not provided,BuildwithMaven,BuildwithMaven
106,/home/runner/work/javassist/javassist/target/runtest/javassist/bytecode/Gap0Example2.class,-1,404143,404141,Not provided,BuildwithMaven,BuildwithMaven
107,/home/runner/work/javassist/javassist/target/runtest/javassist/bytecode/Gap0Example.class,-1,404136,404134,Not provided,BuildwithMaven,BuildwithMaven
108,/home/runner/work/javassist/javassist/target/runtest/javassist/bytecode/StackMapTest$T8d.class,-1,404097,404095,Not provided,BuildwithMaven,BuildwithMaven
109,/home/runner/work/javassist/javassist/target/runtest/test4/WrittenFile2sub.class,-1,368273,368271,Not provided,BuildwithMaven,BuildwithMaven
110,/home/runner/work/javassist/javassist/target/runtest/test4/AnnoLoad.class,-1,368200,368198,Not provided,BuildwithMaven,BuildwithMaven
111,/home/runner/work/javassist/javassist/target/runtest/test4/AnnoLoadAnno.class,-1,368193,368191,Not provided,BuildwithMaven,BuildwithMaven
112,/home/runner/work/javassist/javassist/target/runtest/test3/StaticFinalField.class,-1,367892,367890,Not provided,BuildwithMaven,BuildwithMaven
113,/home/runner/work/javassist/javassist/target/runtest/test3/PublicInner$Inner.class,-1,367545,367543,Not provided,BuildwithMaven,BuildwithMaven
114,/home/runner/work/javassist/javassist/target/runtest/test3/PublicInner.class,-1,367541,367539,Not provided,BuildwithMaven,BuildwithMaven
115,/home/runner/work/javassist/javassist/target/runtest/test5/NestHost4$InnerClass1$InnerClass5.class,-1,403122,403120,Not provided,BuildwithMaven,BuildwithMaven
116,/home/runner/work/javassist/javassist/target/runtest/test4/TestDeadcode.class,-1,368338,368336,Not provided,BuildwithMaven,BuildwithMaven
117,/home/runner/work/javassist/javassist/target/test-classes/javassist/Bench$6.class,-1,363353,363351,Not provided,BuildwithMaven,BuildwithMaven
118,/home/runner/work/javassist/javassist/target/test-classes/javassist/ConcurrentClassDefinitionTest.class,-1,363755,363753,Not provided,BuildwithMaven,BuildwithMaven
119,/home/runner/work/javassist/javassist/target/test-classes/javassist/ConcurrentClassDefinitionTest$Worker.class,-1,363751,363749,Not provided,BuildwithMaven,BuildwithMaven
120,/home/runner/work/javassist/javassist/target/test-classes/Jassist150.class,-1,363739,363737,Not provided,BuildwithMaven,BuildwithMaven
121,/home/runner/work/javassist/javassist/target/test-classes/Jassist150$1.class,-1,363735,363733,Not provided,BuildwithMaven,BuildwithMaven
122,/home/runner/work/javassist/javassist/target/test-classes/Test.class,-1,363691,363689,Not provided,BuildwithMaven,BuildwithMaven
123,/home/runner/work/javassist/javassist/target/test-classes/InvalidStackMapFrame.class,-1,363687,363685,Not provided,BuildwithMaven,BuildwithMaven
124,/home/runner/work/javassist/javassist/target/test-classes/test4/Signature$Foo.class,-1,363679,363677,Not provided,BuildwithMaven,BuildwithMaven
125,/home/runner/work/javassist/javassist/target/test-classes/test/javassist/proxy/ProxySimpleTest$Default4.class,-1,363843,363841,Not provided,BuildwithMaven,BuildwithMaven
126,/home/runner/work/javassist/javassist/target/test-classes/test4/NestedClass$S.class,-1,363441,363439,Not provided,BuildwithMaven,BuildwithMaven
127,/home/runner/work/javassist/javassist/target/test-classes/test4/NestedClass$S$S2.class,-1,363437,363435,Not provided,BuildwithMaven,BuildwithMaven
128,/home/runner/work/javassist/javassist/target/test-classes/test4/NestedClass$N.class,-1,363433,363431,Not provided,BuildwithMaven,BuildwithMaven
129,/home/runner/work/javassist/javassist/target/test-classes/test5/NestHost2$Bar.class,-1,363425,363423,Not provided,BuildwithMaven,BuildwithMaven
130,/home/runner/work/javassist/javassist/target/test-classes/test2/Inner2$Child.class,-1,363413,363411,Not provided,BuildwithMaven,BuildwithMaven
131,/home/runner/work/javassist/javassist/target/test-classes/test5/InnerModifier2.class,-1,363401,363399,Not provided,BuildwithMaven,BuildwithMaven
132,/home/runner/work/javassist/javassist/target/test-classes/javassist/Bench.class,-1,363361,363359,Not provided,BuildwithMaven,BuildwithMaven
133,/home/runner/work/javassist/javassist/target/test-classes/javassist/Bench$7.class,-1,363357,363355,Not provided,BuildwithMaven,BuildwithMaven
134,/home/runner/work/javassist/javassist/target/test-classes/test3/PublicInner2$PS.class,-1,363639,363637,Not provided,BuildwithMaven,BuildwithMaven
135,/home/runner/work/javassist/javassist/target/test-classes/test3/NestedClass$1Local.class,-1,363536,363534,Not provided,BuildwithMaven,BuildwithMaven
136,/home/runner/work/javassist/javassist/target/test-classes/test3/NestedClass$1.class,-1,363532,363530,Not provided,BuildwithMaven,BuildwithMaven
137,/home/runner/work/javassist/javassist/target/test-classes/test3/NestedClass$StaticNested.class,-1,363528,363526,Not provided,BuildwithMaven,BuildwithMaven
138,/home/runner/work/javassist/javassist/target/test-classes/test3/NestedClass$Inner.class,-1,363524,363522,Not provided,BuildwithMaven,BuildwithMaven
139,/home/runner/work/javassist/javassist/target/test-classes/scoped/ScopedRepositoryTestCase.class,-1,363496,363494,Not provided,BuildwithMaven,BuildwithMaven
140,/home/runner/work/javassist/javassist/target/test-classes/test4/JIRA181$ICondition.class,-1,364207,364205,Not provided,BuildwithMaven,BuildwithMaven
141,/home/runner/work/javassist/javassist/target/test-classes/test4/ImportPac.class,-1,364253,364251,Not provided,BuildwithMaven,BuildwithMaven
142,/home/runner/work/javassist/javassist/target/test-classes/javassist/tools/reflect/ClassMetaobjectTest.class,-1,364249,364247,Not provided,BuildwithMaven,BuildwithMaven
143,/home/runner/work/javassist/javassist/target/test-classes/javassist/tools/reflect/Person.class,-1,364233,364231,Not provided,BuildwithMaven,BuildwithMaven
144,/home/runner/work/javassist/javassist/target/test-classes/test4/JIRA181$B.class,-1,364211,364209,Not provided,BuildwithMaven,BuildwithMaven
145,/home/runner/work/javassist/javassist/target/test-classes/scoped/jar1/TestClass1.class,-1,364195,364193,Not provided,BuildwithMaven,BuildwithMaven
146,/home/runner/work/javassist/javassist/target/test-classes/testproxy/sub/TargetSuper.class,-1,364163,364161,Not provided,BuildwithMaven,BuildwithMaven
147,/home/runner/work/javassist/javassist/target/test-classes/test5/NestHost$Bar.class,-1,364347,364345,Not provided,BuildwithMaven,BuildwithMaven
148,/home/runner/work/javassist/javassist/target/test-classes/javassist/bytecode/CodeAnalyzerTest.class,-1,364143,364141,Not provided,BuildwithMaven,BuildwithMaven
149,/home/runner/work/javassist/javassist/target/test-classes/test5/RemoveAnno2.class,-1,363975,363973,Not provided,BuildwithMaven,BuildwithMaven
150,/home/runner/work/javassist/javassist/target/test-classes/test5/RemoveAnno1.class,-1,363971,363969,Not provided,BuildwithMaven,BuildwithMaven
151,/home/runner/work/javassist/javassist/target/test-classes/test3/PackName2.class,-1,363959,363957,Not provided,BuildwithMaven,BuildwithMaven
152,/home/runner/work/javassist/javassist/target/test-classes/test5/JIRA242.class,-1,363951,363949,Not provided,BuildwithMaven,BuildwithMaven
153,/home/runner/work/javassist/javassist/target/test-classes/test4/GetAllRefAnnoC4.class,-1,364127,364125,Not provided,BuildwithMaven,BuildwithMaven
154,/home/runner/work/javassist/javassist/target/test-classes/test4/GetAllRefAnnoC3.class,-1,364123,364121,Not provided,BuildwithMaven,BuildwithMaven
155,/home/runner/work/javassist/javassist/target/test-classes/test4/GetAllRefAnnoC2.class,-1,364119,364117,Not provided,BuildwithMaven,BuildwithMaven
156,/home/runner/work/javassist/javassist/target/test-classes/test4/GetAllRefAnnoC.class,-1,364115,364113,Not provided,BuildwithMaven,BuildwithMaven
157,/home/runner/work/javassist/javassist/target/test-classes/test4/GetAllRefAnno.class,-1,364111,364109,Not provided,BuildwithMaven,BuildwithMaven
158,/home/runner/work/javassist/javassist/target/test-classes/test4/GetAllRefEnum.class,-1,364107,364105,Not provided,BuildwithMaven,BuildwithMaven
159,/home/runner/work/javassist/javassist/target/test-classes/annotation/Tag.class,-1,364083,364081,Not provided,BuildwithMaven,BuildwithMaven
160,/home/runner/work/javassist/javassist/target/test-classes/annotation/EnumTest.class,-1,364079,364077,Not provided,BuildwithMaven,BuildwithMaven
161,/home/runner/work/javassist/javassist/target/test-classes/annotation/Id.class,-1,364075,364073,Not provided,BuildwithMaven,BuildwithMaven
162,/home/runner/work/javassist/javassist/src/test/javassist/bytecode/Gap0Example.class,-1,2531,2529,Not provided,uses21,uses21
163,/home/runner/work/javassist/javassist/src/test/Readme.txt,-1,2439,2437,Not provided,uses21,uses21
164,/home/runner/work/javassist/javassist/sample/vector/VectorAssistant.java,-1,1405,1403,Not provided,uses21,uses21
165,/home/runner/work/javassist/javassist/sample/vector/Test.j,-1,1401,1399,Not provided,uses21,uses21
166,/home/runner/work/javassist/javassist/build.xml,-1,1195,1193,Not provided,uses21,uses21
167,/home/runner/work/javassist/javassist/README.md,-1,1191,1189,Not provided,uses21,uses21
168,/home/runner/work/javassist/javassist/Examples.md,-1,1182,1180,Not provided,uses21,uses21
169,/home/runner/work/javassist/javassist/Changes.md,-1,1178,1176,Not provided,uses21,uses21
170,/home/runner/work/javassist/javassist/.gitignore,-1,1174,1172,Not provided,uses21,uses21
171,/home/runner/work/javassist/javassist/.github/workflows/maven.yml,-1,1166,1164,Not provided,uses21,uses21
172,/home/runner/work/javassist/javassist/sample/duplicate/Ball.java,-1,1258,-1,Not provided,uses21,Not provided
173,/home/runner/work/javassist/javassist/sample/Test.java,-1,1252,-1,Not provided,uses21,Not provided
174,/home/runner/work/javassist/javassist/sample/duplicate/DuplicatedObject.java,-1,1262,1260,Not provided,uses21,uses21
175,/home/runner/work/javassist/javassist/sample/vector/Sample2.java,-1,1397,1395,Not provided,uses21,uses21
176,/home/runner/work/javassist/javassist/sample/preproc/Assistant.java,-1,1339,-1,Not provided,uses21,Not provided
177,/home/runner/work/javassist/javassist/sample/vector/Sample.java,-1,1393,-1,Not provided,uses21,Not provided
178,/home/runner/work/javassist/javassist/sample/rmi/webdemo.html,-1,1387,1385,Not provided,uses21,uses21
179,/home/runner/work/javassist/javassist/sample/rmi/start.html,-1,1383,1381,Not provided,uses21,uses21
180,/home/runner/work/javassist/javassist/sample/rmi/inside.gif,-1,1379,1377,Not provided,uses21,uses21
181,/home/runner/work/javassist/javassist/sample/rmi/Counter.java,-1,1375,1373,Not provided,uses21,uses21
182,/home/runner/work/javassist/javassist/sample/rmi/CountApplet.java,-1,1371,1369,Not provided,uses21,uses21
183,/home/runner/work/javassist/javassist/sample/rmi/AlertDialog.java,-1,1367,-1,Not provided,uses21,Not provided
184,/home/runner/work/javassist/javassist/sample/reflect/VerboseMetaobj.java,-1,1361,1359,Not provided,uses21,uses21
185,/home/runner/work/javassist/javassist/sample/reflect/Person.java,-1,1357,1355,Not provided,uses21,uses21
186,/home/runner/work/javassist/javassist/sample/reflect/Main.java,-1,1353,-1,Not provided,uses21,Not provided
187,/home/runner/work/javassist/javassist/sample/preproc/package.html,-1,1347,1345,Not provided,uses21,uses21
188,/home/runner/work/javassist/javassist/sample/preproc/Compiler.java,-1,1343,1341,Not provided,uses21,uses21
189,/home/runner/work/javassist/javassist/sample/hotswap/Test.java,-1,1328,1326,Not provided,uses21,uses21
190,/home/runner/work/javassist/javassist/sample/duplicate/Main.java,-1,1266,1264,Not provided,uses21,uses21
191,/home/runner/work/javassist/javassist/sample/evolve/update.html,-1,1320,1318,Not provided,uses21,uses21
192,/home/runner/work/javassist/javassist/sample/evolve/start.html,-1,1316,1314,Not provided,uses21,uses21
193,/home/runner/work/javassist/javassist/sample/evolve/demo.html,-1,1308,1306,Not provided,uses21,uses21
194,/home/runner/work/javassist/javassist/sample/evolve/WebPage.java,-1,1304,1302,Not provided,uses21,uses21
195,/home/runner/work/javassist/javassist/sample/evolve/VersionManager.java,-1,1300,1298,Not provided,uses21,uses21
196,/home/runner/work/javassist/javassist/sample/evolve/Sample.java,-1,1296,1294,Not provided,uses21,uses21
197,/home/runner/work/javassist/javassist/sample/evolve/Evolution.java,-1,1292,1290,Not provided,uses21,uses21
198,/home/runner/work/javassist/javassist/sample/evolve/DemoServer.java,-1,1288,1286,Not provided,uses21,uses21
199,/home/runner/work/javassist/javassist/sample/evolve/DemoLoader.java,-1,1284,1282,Not provided,uses21,uses21
200,/home/runner/work/javassist/javassist/sample/evolve/CannotUpdateException.java,-1,1280,1278,Not provided,uses21,uses21
201,/home/runner/work/javassist/javassist/sample/evolve/CannotCreateException.java,-1,1276,-1,Not provided,uses21,Not provided
202,/home/runner/work/javassist/javassist/sample/duplicate/Viewer.java,-1,1270,1268,Not provided,uses21,uses21
203,/home/runner/work/javassist/javassist/tutorial/tutorial3.html,-1,3740,3738,Not provided,uses21,uses21
204,/home/runner/work/javassist/javassist/tutorial/brown.css,-1,3724,-1,Not provided,uses21,Not provided
