,file_name,last_access_index,last_modify_index,creation_index,last_access_step,last_modify_step,creation_step
0,/home/runner/work/javassist/javassist/target/javassist-3.29.2-GA.jar,-1,1075240,1059788,Not provided,BuildwithMaven,BuildwithMaven
1,/home/runner/work/javassist/javassist/target/javassist-3.29.2-GA-sources.jar,-1,1081112,1076281,Not provided,BuildwithMaven,BuildwithMaven
2,/home/runner/work/javassist/javassist/target/classes/META-INF/MANIFEST.MF,486772,1076251,-1,BuildwithMaven,BuildwithMaven,Not provided
3,/home/runner/work/javassist/javassist/target/runtest/test1/AnnoTest.class,-1,485062,485006,Not provided,BuildwithMaven,BuildwithMaven
4,/home/runner/work/javassist/javassist/target/runtest/test-hibernate.class,-1,485271,485221,Not provided,BuildwithMaven,BuildwithMaven
5,/home/runner/work/javassist/javassist/target/runtest/TooManyConstPoolItems.class,-1,484639,484593,Not provided,BuildwithMaven,BuildwithMaven
6,/home/runner/work/javassist/javassist/target/surefire-reports/TEST-javassist.JvstTest.xml,-1,486386,-1,Not provided,BuildwithMaven,Not provided
7,/home/runner/work/javassist/javassist/target/maven-status/maven-compiler-plugin/compile/default-compile/createdFiles.lst,-1,4801,4797,Not provided,BuildwithMaven,BuildwithMaven
8,/home/runner/work/javassist/javassist/tutorial/tutorial.html,-1,2632,2628,Not provided,uses21,uses21
9,/home/runner/work/javassist/javassist/target/maven-status/maven-compiler-plugin/compile/default-compile/inputFiles.lst,-1,4807,4803,Not provided,BuildwithMaven,BuildwithMaven
10,/home/runner/work/javassist/javassist/target/runtest/test3/Clazz67.class,-1,434772,434768,Not provided,BuildwithMaven,BuildwithMaven
11,/home/runner/work/javassist/javassist/tutorial/tutorial2.html,-1,2638,2634,Not provided,uses21,uses21
12,/home/runner/work/javassist/javassist/target/runtest/test3/JIRA63.class,-1,434971,434962,Not provided,BuildwithMaven,BuildwithMaven
13,/home/runner/work/javassist/javassist/target/maven-status/maven-compiler-plugin/testCompile/default-testCompile/inputFiles.lst,-1,431597,431593,Not provided,BuildwithMaven,BuildwithMaven
14,/home/runner/work/javassist/javassist/target/maven-status/maven-compiler-plugin/testCompile/default-testCompile/createdFiles.lst,-1,431591,431587,Not provided,BuildwithMaven,BuildwithMaven
15,/home/runner/work/javassist/javassist/License.html,-1,1114,1111,Not provided,uses21,uses21
16,/home/runner/work/javassist/javassist/target/test-classes/test1/BenchProceedNew2.class,-1,429724,429722,Not provided,BuildwithMaven,BuildwithMaven
17,/home/runner/work/javassist/javassist/target/test-classes/test4/GetAllRefInnerTest$2.class,-1,429921,429919,Not provided,BuildwithMaven,BuildwithMaven
18,/home/runner/work/javassist/javassist/target/test-classes/test4/GetAllRefInnerTest$1.class,-1,429917,429915,Not provided,BuildwithMaven,BuildwithMaven
19,/home/runner/work/javassist/javassist/target/test-classes/test4/GetAllRefInnerTest2.class,-1,429913,429911,Not provided,BuildwithMaven,BuildwithMaven
20,/home/runner/work/javassist/javassist/target/test-classes/test4/GetAllRefInnerTest2$1.class,-1,429909,429907,Not provided,BuildwithMaven,BuildwithMaven
21,/home/runner/work/javassist/javassist/target/test-classes/javassist/ClassPoolBench.class,-1,430021,430019,Not provided,BuildwithMaven,BuildwithMaven
22,/home/runner/work/javassist/javassist/target/test-classes/scoped/UnscopedAnnotationUsage.class,-1,430017,430015,Not provided,BuildwithMaven,BuildwithMaven
23,/home/runner/work/javassist/javassist/target/test-classes/scoped/jar1/FullyScopedAnnotationDefaultUsage.class,-1,430013,430011,Not provided,BuildwithMaven,BuildwithMaven
24,/home/runner/work/javassist/javassist/target/test-classes/test3/Visible2.class,-1,429688,429686,Not provided,BuildwithMaven,BuildwithMaven
25,/home/runner/work/javassist/javassist/target/test-classes/test1/BenchProceedNew3.class,-1,429728,429726,Not provided,BuildwithMaven,BuildwithMaven
26,/home/runner/work/javassist/javassist/target/test-classes/scoped/UnscopedAnnotationDefaultUsage.class,-1,429756,429754,Not provided,BuildwithMaven,BuildwithMaven
27,/home/runner/work/javassist/javassist/target/test-classes/javassist/compiler/CodeTest.class,-1,429716,429714,Not provided,BuildwithMaven,BuildwithMaven
28,/home/runner/work/javassist/javassist/target/test-classes/test1/BenchProceedNew.class,-1,429732,429730,Not provided,BuildwithMaven,BuildwithMaven
29,/home/runner/work/javassist/javassist/target/test-classes/test5/JIRA246.class,-1,429839,429837,Not provided,BuildwithMaven,BuildwithMaven
30,/home/runner/work/javassist/javassist/target/test-classes/javassist/Bench$4.class,-1,430267,430265,Not provided,BuildwithMaven,BuildwithMaven
31,/home/runner/work/javassist/javassist/target/test-classes/test4/NestedClass$S.class,-1,430363,430361,Not provided,BuildwithMaven,BuildwithMaven
32,/home/runner/work/javassist/javassist/target/test-classes/test4/NestedClass$S$S2.class,-1,430359,430357,Not provided,BuildwithMaven,BuildwithMaven
33,/home/runner/work/javassist/javassist/target/test-classes/test4/NestedClass$N.class,-1,430355,430353,Not provided,BuildwithMaven,BuildwithMaven
34,/home/runner/work/javassist/javassist/target/test-classes/test5/NestHost2$Bar.class,-1,430347,430345,Not provided,BuildwithMaven,BuildwithMaven
35,/home/runner/work/javassist/javassist/target/test-classes/test2/Inner2$Child.class,-1,430335,430333,Not provided,BuildwithMaven,BuildwithMaven
36,/home/runner/work/javassist/javassist/target/test-classes/test5/InnerModifier2.class,-1,430323,430321,Not provided,BuildwithMaven,BuildwithMaven
37,/home/runner/work/javassist/javassist/target/test-classes/javassist/Bench.class,-1,430283,430281,Not provided,BuildwithMaven,BuildwithMaven
38,/home/runner/work/javassist/javassist/target/test-classes/javassist/Bench$7.class,-1,430279,430277,Not provided,BuildwithMaven,BuildwithMaven
39,/home/runner/work/javassist/javassist/target/test-classes/javassist/Bench$6.class,-1,430275,430273,Not provided,BuildwithMaven,BuildwithMaven
40,/home/runner/work/javassist/javassist/target/test-classes/test3/NestedClass$1Local.class,-1,430458,430456,Not provided,BuildwithMaven,BuildwithMaven
41,/home/runner/work/javassist/javassist/target/test-classes/test3/NestedClass$1.class,-1,430454,430452,Not provided,BuildwithMaven,BuildwithMaven
42,/home/runner/work/javassist/javassist/target/test-classes/test3/NestedClass$StaticNested.class,-1,430450,430448,Not provided,BuildwithMaven,BuildwithMaven
43,/home/runner/work/javassist/javassist/target/test-classes/test3/NestedClass$Inner.class,-1,430446,430444,Not provided,BuildwithMaven,BuildwithMaven
44,/home/runner/work/javassist/javassist/target/test-classes/scoped/ScopedRepositoryTestCase.class,-1,430418,430416,Not provided,BuildwithMaven,BuildwithMaven
45,/home/runner/work/javassist/javassist/target/test-classes/test4/JIRA220intf.class,-1,430387,430385,Not provided,BuildwithMaven,BuildwithMaven
46,/home/runner/work/javassist/javassist/target/test-classes/javassist/Bench$5.class,-1,430271,430269,Not provided,BuildwithMaven,BuildwithMaven
47,/home/runner/work/javassist/javassist/target/test-classes/javassist/Bench$3.class,-1,430263,430261,Not provided,BuildwithMaven,BuildwithMaven
48,/home/runner/work/javassist/javassist/target/test-classes/javassist/Bench$2.class,-1,430259,430257,Not provided,BuildwithMaven,BuildwithMaven
49,/home/runner/work/javassist/javassist/target/test-classes/javassist/Bench$1.class,-1,430255,430253,Not provided,BuildwithMaven,BuildwithMaven
50,/home/runner/work/javassist/javassist/target/test-classes/scoped/jar1/FullyScopedAnnotationUsage.class,-1,430247,430245,Not provided,BuildwithMaven,BuildwithMaven
51,/home/runner/work/javassist/javassist/target/test-classes/test1/StaticField.class,-1,430243,430241,Not provided,BuildwithMaven,BuildwithMaven
52,/home/runner/work/javassist/javassist/target/test-classes/test/javassist/bytecode/analysis/DomTreePrinter.class,-1,428947,428945,Not provided,BuildwithMaven,BuildwithMaven
53,/home/runner/work/javassist/javassist/target/test-classes/test5/InnerClassRemove$A.class,-1,429007,429005,Not provided,BuildwithMaven,BuildwithMaven
54,/home/runner/work/javassist/javassist/target/test-classes/test5/InnerClassRemove$B.class,-1,429011,429009,Not provided,BuildwithMaven,BuildwithMaven
55,/home/runner/work/javassist/javassist/target/test-classes/test5/InnerClassRemove$C.class,-1,429015,429013,Not provided,BuildwithMaven,BuildwithMaven
56,/home/runner/work/javassist/javassist/target/test-classes/javassist/JvstTest4$Inner1.class,-1,429101,429099,Not provided,BuildwithMaven,BuildwithMaven
57,/home/runner/work/javassist/javassist/target/test-classes/scoped/TestAnnotation.class,-1,428911,428909,Not provided,BuildwithMaven,BuildwithMaven
58,/home/runner/work/javassist/javassist/target/test-classes/scoped/jar1/ScopedAnnotationDefaultUsage.class,-1,428907,428905,Not provided,BuildwithMaven,BuildwithMaven
59,/home/runner/work/javassist/javassist/target/test-classes/test3/Enhancer.class,-1,428739,428737,Not provided,BuildwithMaven,BuildwithMaven
60,/home/runner/work/javassist/javassist/target/test-classes/test1/BenchStaticMethod.class,-1,428755,428753,Not provided,BuildwithMaven,BuildwithMaven
61,/home/runner/work/javassist/javassist/target/test-classes/test3/Enhancer$Interceptor.class,-1,428735,428733,Not provided,BuildwithMaven,BuildwithMaven
62,/home/runner/work/javassist/javassist/target/test-classes/test1/BenchProceed2.class,-1,428787,428785,Not provided,BuildwithMaven,BuildwithMaven
63,/home/runner/work/javassist/javassist/target/test-classes/test3/Enhancer$1.class,-1,428731,428729,Not provided,BuildwithMaven,BuildwithMaven
64,/home/runner/work/javassist/javassist/target/test-classes/test3/EnhanceTest.class,-1,428724,428722,Not provided,BuildwithMaven,BuildwithMaven
65,/home/runner/work/javassist/javassist/target/test-classes/javassist/compiler/ParseTest.class,-1,428700,428698,Not provided,BuildwithMaven,BuildwithMaven
66,/home/runner/work/javassist/javassist/target/test-classes/testproxy/Target189.class,-1,428783,428781,Not provided,BuildwithMaven,BuildwithMaven
67,/home/runner/work/javassist/javassist/target/test-classes/test1/BenchProceed.class,-1,428791,428789,Not provided,BuildwithMaven,BuildwithMaven
68,/home/runner/work/javassist/javassist/target/test-classes/test2/ReplaceClassName3.class,-1,428839,428837,Not provided,BuildwithMaven,BuildwithMaven
69,/home/runner/work/javassist/javassist/target/test-classes/test2/ReplaceClassName2.class,-1,428835,428833,Not provided,BuildwithMaven,BuildwithMaven
70,/home/runner/work/javassist/javassist/target/test-classes/test/javassist/convert/InstrumentationTarget$Itr.class,-1,428827,428825,Not provided,BuildwithMaven,BuildwithMaven
71,/home/runner/work/javassist/javassist/target/test-classes/test2/Nested$Inner2.class,-1,428799,428797,Not provided,BuildwithMaven,BuildwithMaven
72,/home/runner/work/javassist/javassist/target/test-classes/VisibleTop2.class,-1,429459,429457,Not provided,BuildwithMaven,BuildwithMaven
73,/home/runner/work/javassist/javassist/target/test-classes/test1/GetThrow2.class,-1,429419,429417,Not provided,BuildwithMaven,BuildwithMaven
74,/home/runner/work/javassist/javassist/target/test-classes/test1/GetThrow1.class,-1,429415,429413,Not provided,BuildwithMaven,BuildwithMaven
75,/home/runner/work/javassist/javassist/target/test-classes/test3/InnerClass.class,-1,429539,429537,Not provided,BuildwithMaven,BuildwithMaven
76,/home/runner/work/javassist/javassist/target/test-classes/scoped/jar1/ScopedTestAnnotation.class,-1,429543,429541,Not provided,BuildwithMaven,BuildwithMaven
77,/home/runner/work/javassist/javassist/target/test-classes/javassist/bytecode/StackMapTest$T8dd.class,-1,429263,429261,Not provided,BuildwithMaven,BuildwithMaven
78,/home/runner/work/javassist/javassist/target/test-classes/javassist/bytecode/StackMapTest$I8d.class,-1,429259,429257,Not provided,BuildwithMaven,BuildwithMaven
79,/home/runner/work/javassist/javassist/target/test-classes/test/javassist/bytecode/analysis/AnalyzerTest$Dummy$A3.class,-1,429387,429385,Not provided,BuildwithMaven,BuildwithMaven
80,/home/runner/work/javassist/javassist/target/test-classes/test/javassist/bytecode/analysis/AnalyzerTest$Dummy$A2.class,-1,429383,429381,Not provided,BuildwithMaven,BuildwithMaven
81,/home/runner/work/javassist/javassist/target/test-classes/test3/NewClass2.class,-1,429367,429365,Not provided,BuildwithMaven,BuildwithMaven
82,/home/runner/work/javassist/javassist/target/test-classes/test/javassist/bytecode/analysis/ErrorFinder.class,-1,429323,429321,Not provided,BuildwithMaven,BuildwithMaven
83,/home/runner/work/javassist/javassist/target/runtest/test2/NullArgTest.class,-1,434283,434281,Not provided,BuildwithMaven,BuildwithMaven
84,/home/runner/work/javassist/javassist/target/runtest/test2/NewOp.class,-1,434279,434277,Not provided,BuildwithMaven,BuildwithMaven
85,/home/runner/work/javassist/javassist/target/runtest/test2/MethodCall.class,-1,434175,434173,Not provided,BuildwithMaven,BuildwithMaven
86,/home/runner/work/javassist/javassist/target/runtest/test2/Inner.class,-1,434094,434092,Not provided,BuildwithMaven,BuildwithMaven
87,/home/runner/work/javassist/javassist/target/runtest/test2/Inherit.class,-1,434084,434082,Not provided,BuildwithMaven,BuildwithMaven
88,/home/runner/work/javassist/javassist/target/runtest/test3/PublicInner$Inner.class,-1,434573,434571,Not provided,BuildwithMaven,BuildwithMaven
89,/home/runner/work/javassist/javassist/target/runtest/test3/PublicInner.class,-1,434569,434567,Not provided,BuildwithMaven,BuildwithMaven
90,/home/runner/work/javassist/javassist/target/runtest/test2/SuperInterface3.class,-1,434408,434406,Not provided,BuildwithMaven,BuildwithMaven
91,/home/runner/work/javassist/javassist/target/runtest/test1/SetName3.class,-1,433799,433797,Not provided,BuildwithMaven,BuildwithMaven
92,/home/runner/work/javassist/javassist/target/runtest/test1/SetName2.class,-1,433795,433793,Not provided,BuildwithMaven,BuildwithMaven
93,/home/runner/work/javassist/javassist/target/runtest/test1/Freeze.class,-1,433746,433744,Not provided,BuildwithMaven,BuildwithMaven
94,/home/runner/work/javassist/javassist/target/runtest/test1/NewInterface2.class,-1,433692,433690,Not provided,BuildwithMaven,BuildwithMaven
95,/home/runner/work/javassist/javassist/target/runtest/test1/NewInterface.class,-1,433688,433686,Not provided,BuildwithMaven,BuildwithMaven
96,/home/runner/work/javassist/javassist/target/runtest/test5/InnerModifier$Static.class,-1,484979,484977,Not provided,BuildwithMaven,BuildwithMaven
97,/home/runner/work/javassist/javassist/target/runtest/test1/LocalVars2.class,-1,485002,485000,Not provided,BuildwithMaven,BuildwithMaven
98,/home/runner/work/javassist/javassist/target/runtest/test5/InnerModifier.class,-1,484983,484981,Not provided,BuildwithMaven,BuildwithMaven
99,/home/runner/work/javassist/javassist/target/runtest/test5/InnerModifier$NonStatic.class,-1,484972,484970,Not provided,BuildwithMaven,BuildwithMaven
100,/home/runner/work/javassist/javassist/target/runtest/javassist/bytecode/StackMapTest$C6.class,-1,485219,485217,Not provided,BuildwithMaven,BuildwithMaven
101,/home/runner/work/javassist/javassist/target/runtest/proxy/test/javassist/proxy/ProxySimpleTest$Default3_$$_jvst655_273d.class,-1,486240,486238,Not provided,BuildwithMaven,BuildwithMaven
102,/home/runner/work/javassist/javassist/target/runtest/proxy/javassist/util/proxy/test_javassist_proxy_ProxySimpleTest$PubProxy2_$$_jvst655_273c.class,-1,486229,486227,Not provided,BuildwithMaven,BuildwithMaven
103,/home/runner/work/javassist/javassist/target/runtest/proxy/test/javassist/proxy/ProxySimpleTest$Default2_$$_jvst655_273b.class,-1,486205,486203,Not provided,BuildwithMaven,BuildwithMaven
104,/home/runner/work/javassist/javassist/target/runtest/proxy/test/javassist/proxy/ProxySimpleTest$PubProxy_$$_jvst655_2734.class,-1,486066,486064,Not provided,BuildwithMaven,BuildwithMaven
105,/home/runner/work/javassist/javassist/target/runtest/proxy/test/javassist/proxy/ProxySimpleTest$Foo_$$_jvst655_2733.class,-1,486054,486052,Not provided,BuildwithMaven,BuildwithMaven
106,/home/runner/work/javassist/javassist/target/runtest/testproxy/Target_$$_jvst655_11.class,-1,485779,485777,Not provided,BuildwithMaven,BuildwithMaven
107,/home/runner/work/javassist/javassist/target/runtest/testproxy/BridgeMethod_$$_jvst655_7.class,-1,485656,-1,Not provided,BuildwithMaven,Not provided
108,/home/runner/work/javassist/javassist/target/runtest/reflected/javassist/tools/reflect/SuperClass.class,-1,485554,485552,Not provided,BuildwithMaven,BuildwithMaven
109,/home/runner/work/javassist/javassist/target/runtest/javassist/bytecode/Gap0Example2.class,-1,485512,485510,Not provided,BuildwithMaven,BuildwithMaven
110,/home/runner/work/javassist/javassist/target/runtest/javassist/bytecode/Gap0Example.class,-1,485505,485503,Not provided,BuildwithMaven,BuildwithMaven
111,/home/runner/work/javassist/javassist/target/runtest/javassist/bytecode/StackMapTest$T8d.class,-1,485466,485464,Not provided,BuildwithMaven,BuildwithMaven
112,/home/runner/work/javassist/javassist/target/runtest/test4/AnnoLoad.class,-1,435206,435204,Not provided,BuildwithMaven,BuildwithMaven
113,/home/runner/work/javassist/javassist/target/runtest/test4/TestDeadcode.class,-1,435344,435342,Not provided,BuildwithMaven,BuildwithMaven
114,/home/runner/work/javassist/javassist/target/runtest/test4/WrittenFile2sub.class,-1,435279,435277,Not provided,BuildwithMaven,BuildwithMaven
115,/home/runner/work/javassist/javassist/target/runtest/test4/AnnoLoadAnno.class,-1,435199,435197,Not provided,BuildwithMaven,BuildwithMaven
116,/home/runner/work/javassist/javassist/target/runtest/test3/StaticFinalField.class,-1,434900,434898,Not provided,BuildwithMaven,BuildwithMaven
117,/home/runner/work/javassist/javassist/target/runtest/test5/NestHost4$InnerClass1$InnerClass5.class,-1,484507,484505,Not provided,BuildwithMaven,BuildwithMaven
118,/home/runner/work/javassist/javassist/target/test-classes/test3/PublicInner2$PS.class,-1,430561,430559,Not provided,BuildwithMaven,BuildwithMaven
119,/home/runner/work/javassist/javassist/target/test-classes/test/javassist/proxy/ProxySimpleTest$Default4.class,-1,430765,430763,Not provided,BuildwithMaven,BuildwithMaven
120,/home/runner/work/javassist/javassist/target/test-classes/test5/JIRA242.class,-1,430873,430871,Not provided,BuildwithMaven,BuildwithMaven
121,/home/runner/work/javassist/javassist/target/test-classes/test5/RemoveAnno2.class,-1,430897,430895,Not provided,BuildwithMaven,BuildwithMaven
122,/home/runner/work/javassist/javassist/target/test-classes/test5/RemoveAnno1.class,-1,430893,430891,Not provided,BuildwithMaven,BuildwithMaven
123,/home/runner/work/javassist/javassist/target/test-classes/test3/PackName2.class,-1,430881,430879,Not provided,BuildwithMaven,BuildwithMaven
124,/home/runner/work/javassist/javassist/target/runtest/test1/MySerializableClass.class,-1,433151,433149,Not provided,BuildwithMaven,BuildwithMaven
125,/home/runner/work/javassist/javassist/target/test-classes/InvalidStackMapFrame.class,-1,430609,430607,Not provided,BuildwithMaven,BuildwithMaven
126,/home/runner/work/javassist/javassist/target/test-classes/Test.class,-1,430613,430611,Not provided,BuildwithMaven,BuildwithMaven
127,/home/runner/work/javassist/javassist/target/test-classes/Jassist150$1.class,-1,430657,430655,Not provided,BuildwithMaven,BuildwithMaven
128,/home/runner/work/javassist/javassist/target/test-classes/test4/Signature$Foo.class,-1,430601,430599,Not provided,BuildwithMaven,BuildwithMaven
129,/home/runner/work/javassist/javassist/target/test-classes/Jassist150.class,-1,430661,430659,Not provided,BuildwithMaven,BuildwithMaven
130,/home/runner/work/javassist/javassist/target/test-classes/javassist/ConcurrentClassDefinitionTest.class,-1,430677,430675,Not provided,BuildwithMaven,BuildwithMaven
131,/home/runner/work/javassist/javassist/target/test-classes/javassist/ConcurrentClassDefinitionTest$Worker.class,-1,430673,430671,Not provided,BuildwithMaven,BuildwithMaven
132,/home/runner/work/javassist/javassist/target/test-classes/test5/NestHost$Bar.class,-1,431269,431267,Not provided,BuildwithMaven,BuildwithMaven
133,/home/runner/work/javassist/javassist/target/test-classes/javassist/compiler/LexTest.class,-1,431385,431383,Not provided,BuildwithMaven,BuildwithMaven
134,/home/runner/work/javassist/javassist/target/test-classes/scoped/jar1/ScopedAnnotationUsage.class,-1,431381,431379,Not provided,BuildwithMaven,BuildwithMaven
135,/home/runner/work/javassist/javassist/target/test-classes/test1/Point.class,-1,431369,431367,Not provided,BuildwithMaven,BuildwithMaven
136,/home/runner/work/javassist/javassist/target/test-classes/javassist/HotswapTest$Foo.class,-1,431345,431343,Not provided,BuildwithMaven,BuildwithMaven
137,/home/runner/work/javassist/javassist/target/test-classes/test2/StaticArraysMem.class,-1,431325,431323,Not provided,BuildwithMaven,BuildwithMaven
138,/home/runner/work/javassist/javassist/target/test-classes/test4/GetAllRefAnnoC2.class,-1,431041,431039,Not provided,BuildwithMaven,BuildwithMaven
139,/home/runner/work/javassist/javassist/target/test-classes/testproxy/sub/TargetSuper.class,-1,431085,431083,Not provided,BuildwithMaven,BuildwithMaven
140,/home/runner/work/javassist/javassist/target/test-classes/javassist/bytecode/CodeAnalyzerTest.class,-1,431065,431063,Not provided,BuildwithMaven,BuildwithMaven
141,/home/runner/work/javassist/javassist/target/test-classes/test4/GetAllRefAnnoC4.class,-1,431049,431047,Not provided,BuildwithMaven,BuildwithMaven
142,/home/runner/work/javassist/javassist/target/test-classes/test4/GetAllRefAnnoC3.class,-1,431045,431043,Not provided,BuildwithMaven,BuildwithMaven
143,/home/runner/work/javassist/javassist/target/test-classes/test4/GetAllRefAnnoC.class,-1,431037,431035,Not provided,BuildwithMaven,BuildwithMaven
144,/home/runner/work/javassist/javassist/target/test-classes/test4/GetAllRefAnno.class,-1,431033,431031,Not provided,BuildwithMaven,BuildwithMaven
145,/home/runner/work/javassist/javassist/target/test-classes/test4/GetAllRefEnum.class,-1,431029,431027,Not provided,BuildwithMaven,BuildwithMaven
146,/home/runner/work/javassist/javassist/target/test-classes/annotation/Tag.class,-1,431005,431003,Not provided,BuildwithMaven,BuildwithMaven
147,/home/runner/work/javassist/javassist/target/test-classes/annotation/EnumTest.class,-1,431001,430999,Not provided,BuildwithMaven,BuildwithMaven
148,/home/runner/work/javassist/javassist/target/test-classes/annotation/Id.class,-1,430997,430995,Not provided,BuildwithMaven,BuildwithMaven
149,/home/runner/work/javassist/javassist/target/test-classes/test4/ImportPac.class,-1,431175,431173,Not provided,BuildwithMaven,BuildwithMaven
150,/home/runner/work/javassist/javassist/target/test-classes/javassist/tools/reflect/ClassMetaobjectTest.class,-1,431171,431169,Not provided,BuildwithMaven,BuildwithMaven
151,/home/runner/work/javassist/javassist/target/test-classes/javassist/tools/reflect/Person.class,-1,431155,431153,Not provided,BuildwithMaven,BuildwithMaven
152,/home/runner/work/javassist/javassist/target/test-classes/test4/JIRA181$B.class,-1,431133,431131,Not provided,BuildwithMaven,BuildwithMaven
153,/home/runner/work/javassist/javassist/target/test-classes/test4/JIRA181$ICondition.class,-1,431129,431127,Not provided,BuildwithMaven,BuildwithMaven
154,/home/runner/work/javassist/javassist/target/test-classes/scoped/jar1/TestClass1.class,-1,431117,431115,Not provided,BuildwithMaven,BuildwithMaven
155,/home/runner/work/javassist/javassist/tutorial/tutorial3.html,-1,2642,2640,Not provided,uses21,uses21
156,/home/runner/work/javassist/javassist/sample/rmi/start.html,-1,1306,1304,Not provided,uses21,uses21
157,/home/runner/work/javassist/javassist/src/test/javassist/bytecode/Gap0Example.class,-1,1434,1432,Not provided,uses21,uses21
158,/home/runner/work/javassist/javassist/src/test/Readme.txt,-1,1342,1340,Not provided,uses21,uses21
159,/home/runner/work/javassist/javassist/sample/vector/VectorAssistant.java,-1,1326,1324,Not provided,uses21,uses21
160,/home/runner/work/javassist/javassist/sample/vector/Test.j,-1,1322,1320,Not provided,uses21,uses21
161,/home/runner/work/javassist/javassist/sample/vector/Sample2.java,-1,1318,1316,Not provided,uses21,uses21
162,/home/runner/work/javassist/javassist/sample/rmi/webdemo.html,-1,1310,1308,Not provided,uses21,uses21
163,/home/runner/work/javassist/javassist/sample/rmi/inside.gif,-1,1302,1300,Not provided,uses21,uses21
164,/home/runner/work/javassist/javassist/sample/rmi/Counter.java,-1,1298,1296,Not provided,uses21,uses21
165,/home/runner/work/javassist/javassist/Examples.md,-1,1109,1107,Not provided,uses21,uses21
166,/home/runner/work/javassist/javassist/Changes.md,-1,1105,1103,Not provided,uses21,uses21
167,/home/runner/work/javassist/javassist/.gitignore,-1,1101,1099,Not provided,uses21,uses21
168,/home/runner/work/javassist/javassist/.github/workflows/maven.yml,-1,1093,1091,Not provided,uses21,uses21
169,/home/runner/work/javassist/javassist/README.md,-1,1118,1116,Not provided,uses21,uses21
170,/home/runner/work/javassist/javassist/build.xml,-1,1122,1120,Not provided,uses21,uses21
171,/home/runner/work/javassist/javassist/sample/evolve/demo.html,-1,1233,1231,Not provided,uses21,uses21
172,/home/runner/work/javassist/javassist/sample/rmi/CountApplet.java,-1,1294,1292,Not provided,uses21,uses21
173,/home/runner/work/javassist/javassist/sample/reflect/VerboseMetaobj.java,-1,1286,1284,Not provided,uses21,uses21
174,/home/runner/work/javassist/javassist/sample/reflect/Person.java,-1,1282,1280,Not provided,uses21,uses21
175,/home/runner/work/javassist/javassist/sample/reflect/Main.java,-1,1278,-1,Not provided,uses21,Not provided
176,/home/runner/work/javassist/javassist/sample/preproc/package.html,-1,1272,1270,Not provided,uses21,uses21
177,/home/runner/work/javassist/javassist/sample/preproc/Compiler.java,-1,1268,1266,Not provided,uses21,uses21
178,/home/runner/work/javassist/javassist/sample/preproc/Assistant.java,-1,1264,-1,Not provided,uses21,Not provided
179,/home/runner/work/javassist/javassist/sample/hotswap/Test.java,-1,1254,1252,Not provided,uses21,uses21
180,/home/runner/work/javassist/javassist/sample/evolve/update.html,-1,1246,1244,Not provided,uses21,uses21
181,/home/runner/work/javassist/javassist/sample/evolve/start.html,-1,1242,1238,Not provided,uses21,uses21
182,/home/runner/work/javassist/javassist/sample/evolve/WebPage.java,-1,1229,1227,Not provided,uses21,uses21
183,/home/runner/work/javassist/javassist/sample/Test.java,-1,1179,-1,Not provided,uses21,Not provided
184,/home/runner/work/javassist/javassist/sample/evolve/VersionManager.java,-1,1225,1223,Not provided,uses21,uses21
185,/home/runner/work/javassist/javassist/sample/evolve/Sample.java,-1,1221,1219,Not provided,uses21,uses21
186,/home/runner/work/javassist/javassist/sample/evolve/Evolution.java,-1,1217,1215,Not provided,uses21,uses21
187,/home/runner/work/javassist/javassist/sample/evolve/DemoServer.java,-1,1213,1211,Not provided,uses21,uses21
188,/home/runner/work/javassist/javassist/sample/evolve/DemoLoader.java,-1,1209,1207,Not provided,uses21,uses21
189,/home/runner/work/javassist/javassist/sample/evolve/CannotUpdateException.java,-1,1205,1203,Not provided,uses21,uses21
190,/home/runner/work/javassist/javassist/sample/duplicate/Viewer.java,-1,1197,1195,Not provided,uses21,uses21
191,/home/runner/work/javassist/javassist/sample/duplicate/Main.java,-1,1193,1191,Not provided,uses21,uses21
192,/home/runner/work/javassist/javassist/sample/duplicate/DuplicatedObject.java,-1,1189,1187,Not provided,uses21,uses21
193,/home/runner/work/javassist/javassist/sample/duplicate/Ball.java,-1,1185,-1,Not provided,uses21,Not provided
194,/home/runner/work/javassist/javassist/target/test-classes/test1/RenameClass2.class,-1,428500,428498,Not provided,BuildwithMaven,BuildwithMaven
195,/home/runner/work/javassist/javassist/target/test-classes/test3/NewExprTryCatch2.class,-1,428468,428466,Not provided,BuildwithMaven,BuildwithMaven
196,/home/runner/work/javassist/javassist/target/test-classes/test/javassist/bytecode/analysis/ScannerTest.class,-1,428464,428462,Not provided,BuildwithMaven,BuildwithMaven
197,/home/runner/work/javassist/javassist/target/test-classes/testproxy/Target127.class,-1,428626,428624,Not provided,BuildwithMaven,BuildwithMaven
198,/home/runner/work/javassist/javassist/target/test-classes/testproxy/Target127$RealSub.class,-1,428622,428620,Not provided,BuildwithMaven,BuildwithMaven
199,/home/runner/work/javassist/javassist/target/test-classes/Readme.txt,-1,426273,426270,Not provided,BuildwithMaven,BuildwithMaven
