,file_name,last_access_index,last_modify_index,creation_index,last_access_step,last_modify_step,creation_step
0,/home/runner/work/javassist/javassist/target/javassist-3.29.2-GA.jar,-1,923004,905489,Not provided,BuildwithMaven,BuildwithMaven
1,/home/runner/work/javassist/javassist/target/javassist-3.29.2-GA-sources.jar,-1,928130,924058,Not provided,BuildwithMaven,BuildwithMaven
2,/home/runner/work/javassist/javassist/target/classes/META-INF/MANIFEST.MF,400298,924028,350143,BuildwithMaven,BuildwithMaven,BuildwithMaven
3,/home/runner/work/javassist/javassist/target/runtest/test1/AnnoTest.class,-1,398523,398388,Not provided,BuildwithMaven,BuildwithMaven
4,/home/runner/work/javassist/javassist/target/runtest/test-hibernate.class,-1,398818,398720,Not provided,BuildwithMaven,BuildwithMaven
5,/home/runner/work/javassist/javassist/target/runtest/TooManyConstPoolItems.class,-1,398016,397970,Not provided,BuildwithMaven,BuildwithMaven
6,/home/runner/work/javassist/javassist/target/surefire-reports/TEST-javassist.JvstTest.xml,-1,399912,-1,Not provided,BuildwithMaven,Not provided
7,/home/runner/work/javassist/javassist/target/maven-status/maven-compiler-plugin/compile/default-compile/createdFiles.lst,-1,4877,4873,Not provided,BuildwithMaven,BuildwithMaven
8,/home/runner/work/javassist/javassist/target/maven-status/maven-compiler-plugin/compile/default-compile/inputFiles.lst,-1,4883,4879,Not provided,BuildwithMaven,BuildwithMaven
9,/home/runner/work/javassist/javassist/tutorial/tutorial.html,-1,2722,2718,Not provided,uses-checkout,uses-checkout
10,/home/runner/work/javassist/javassist/target/runtest/test3/Clazz67.class,-1,360049,360045,Not provided,BuildwithMaven,BuildwithMaven
11,/home/runner/work/javassist/javassist/target/maven-status/maven-compiler-plugin/testCompile/default-testCompile/createdFiles.lst,-1,356781,356777,Not provided,BuildwithMaven,BuildwithMaven
12,/home/runner/work/javassist/javassist/target/maven-status/maven-compiler-plugin/testCompile/default-testCompile/inputFiles.lst,-1,356787,356783,Not provided,BuildwithMaven,BuildwithMaven
13,/home/runner/work/javassist/javassist/target/runtest/test3/JIRA63.class,-1,360249,360240,Not provided,BuildwithMaven,BuildwithMaven
14,/home/runner/work/javassist/javassist/tutorial/tutorial2.html,-1,2728,2724,Not provided,uses-checkout,uses-checkout
15,/home/runner/work/javassist/javassist/License.html,-1,1208,1205,Not provided,uses-checkout,uses-checkout
16,/home/runner/work/javassist/javassist/target/test-classes/test4/GetAllRefInnerTest$1.class,-1,355107,355105,Not provided,BuildwithMaven,BuildwithMaven
17,/home/runner/work/javassist/javassist/target/test-classes/test4/GetAllRefInnerTest2.class,-1,355103,355101,Not provided,BuildwithMaven,BuildwithMaven
18,/home/runner/work/javassist/javassist/target/test-classes/test4/GetAllRefInnerTest2$1.class,-1,355099,355097,Not provided,BuildwithMaven,BuildwithMaven
19,/home/runner/work/javassist/javassist/target/test-classes/test5/JIRA246.class,-1,355029,355027,Not provided,BuildwithMaven,BuildwithMaven
20,/home/runner/work/javassist/javassist/target/test-classes/scoped/UnscopedAnnotationDefaultUsage.class,-1,354946,354944,Not provided,BuildwithMaven,BuildwithMaven
21,/home/runner/work/javassist/javassist/target/test-classes/scoped/jar1/ScopedTestAnnotation.class,-1,354733,354731,Not provided,BuildwithMaven,BuildwithMaven
22,/home/runner/work/javassist/javassist/target/test-classes/test3/InnerClass.class,-1,354729,354727,Not provided,BuildwithMaven,BuildwithMaven
23,/home/runner/work/javassist/javassist/target/test-classes/test1/BenchProceedNew.class,-1,354922,354920,Not provided,BuildwithMaven,BuildwithMaven
24,/home/runner/work/javassist/javassist/target/test-classes/test1/BenchProceedNew3.class,-1,354918,354916,Not provided,BuildwithMaven,BuildwithMaven
25,/home/runner/work/javassist/javassist/target/test-classes/test1/BenchProceedNew2.class,-1,354914,354912,Not provided,BuildwithMaven,BuildwithMaven
26,/home/runner/work/javassist/javassist/target/test-classes/javassist/compiler/CodeTest.class,-1,354906,354904,Not provided,BuildwithMaven,BuildwithMaven
27,/home/runner/work/javassist/javassist/target/test-classes/test3/Visible2.class,-1,354878,354876,Not provided,BuildwithMaven,BuildwithMaven
28,/home/runner/work/javassist/javassist/target/test-classes/test4/GetAllRefInnerTest$2.class,-1,355111,355109,Not provided,BuildwithMaven,BuildwithMaven
29,/home/runner/work/javassist/javassist/target/test-classes/test1/StaticField.class,-1,355433,355431,Not provided,BuildwithMaven,BuildwithMaven
30,/home/runner/work/javassist/javassist/target/test-classes/scoped/jar1/FullyScopedAnnotationUsage.class,-1,355437,355435,Not provided,BuildwithMaven,BuildwithMaven
31,/home/runner/work/javassist/javassist/target/test-classes/javassist/Bench$1.class,-1,355445,355443,Not provided,BuildwithMaven,BuildwithMaven
32,/home/runner/work/javassist/javassist/target/test-classes/test5/NestHost2$Bar.class,-1,355537,355535,Not provided,BuildwithMaven,BuildwithMaven
33,/home/runner/work/javassist/javassist/target/test-classes/test2/Inner2$Child.class,-1,355525,355523,Not provided,BuildwithMaven,BuildwithMaven
34,/home/runner/work/javassist/javassist/target/test-classes/test5/InnerModifier2.class,-1,355513,355511,Not provided,BuildwithMaven,BuildwithMaven
35,/home/runner/work/javassist/javassist/target/test-classes/javassist/Bench$2.class,-1,355449,355447,Not provided,BuildwithMaven,BuildwithMaven
36,/home/runner/work/javassist/javassist/target/test-classes/javassist/Bench.class,-1,355473,355471,Not provided,BuildwithMaven,BuildwithMaven
37,/home/runner/work/javassist/javassist/target/test-classes/javassist/Bench$7.class,-1,355469,355467,Not provided,BuildwithMaven,BuildwithMaven
38,/home/runner/work/javassist/javassist/target/test-classes/javassist/Bench$6.class,-1,355465,355463,Not provided,BuildwithMaven,BuildwithMaven
39,/home/runner/work/javassist/javassist/target/test-classes/javassist/Bench$5.class,-1,355461,355459,Not provided,BuildwithMaven,BuildwithMaven
40,/home/runner/work/javassist/javassist/target/test-classes/javassist/Bench$4.class,-1,355457,355455,Not provided,BuildwithMaven,BuildwithMaven
41,/home/runner/work/javassist/javassist/target/test-classes/javassist/Bench$3.class,-1,355453,355451,Not provided,BuildwithMaven,BuildwithMaven
42,/home/runner/work/javassist/javassist/target/test-classes/javassist/ClassPoolBench.class,-1,355211,355209,Not provided,BuildwithMaven,BuildwithMaven
43,/home/runner/work/javassist/javassist/target/test-classes/scoped/UnscopedAnnotationUsage.class,-1,355207,355205,Not provided,BuildwithMaven,BuildwithMaven
44,/home/runner/work/javassist/javassist/target/test-classes/scoped/jar1/FullyScopedAnnotationDefaultUsage.class,-1,355203,355201,Not provided,BuildwithMaven,BuildwithMaven
45,/home/runner/work/javassist/javassist/target/test-classes/test2/Nested$Inner2.class,-1,353989,353987,Not provided,BuildwithMaven,BuildwithMaven
46,/home/runner/work/javassist/javassist/target/test-classes/test2/ReplaceClassName3.class,-1,354029,354027,Not provided,BuildwithMaven,BuildwithMaven
47,/home/runner/work/javassist/javassist/target/test-classes/test2/ReplaceClassName2.class,-1,354025,354023,Not provided,BuildwithMaven,BuildwithMaven
48,/home/runner/work/javassist/javassist/target/test-classes/test/javassist/convert/InstrumentationTarget$Itr.class,-1,354017,354015,Not provided,BuildwithMaven,BuildwithMaven
49,/home/runner/work/javassist/javassist/target/test-classes/scoped/jar1/ScopedAnnotationDefaultUsage.class,-1,354097,354095,Not provided,BuildwithMaven,BuildwithMaven
50,/home/runner/work/javassist/javassist/target/test-classes/scoped/TestAnnotation.class,-1,354101,354099,Not provided,BuildwithMaven,BuildwithMaven
51,/home/runner/work/javassist/javassist/target/test-classes/test/javassist/bytecode/analysis/DomTreePrinter.class,-1,354137,354135,Not provided,BuildwithMaven,BuildwithMaven
52,/home/runner/work/javassist/javassist/target/test-classes/test5/InnerClassRemove$B.class,-1,354201,354199,Not provided,BuildwithMaven,BuildwithMaven
53,/home/runner/work/javassist/javassist/target/test-classes/testproxy/Target127$RealSub.class,-1,353812,353810,Not provided,BuildwithMaven,BuildwithMaven
54,/home/runner/work/javassist/javassist/target/test-classes/testproxy/Target127.class,-1,353816,353814,Not provided,BuildwithMaven,BuildwithMaven
55,/home/runner/work/javassist/javassist/target/test-classes/test1/BenchProceed.class,-1,353981,353979,Not provided,BuildwithMaven,BuildwithMaven
56,/home/runner/work/javassist/javassist/target/test-classes/javassist/compiler/ParseTest.class,-1,353890,353888,Not provided,BuildwithMaven,BuildwithMaven
57,/home/runner/work/javassist/javassist/target/test-classes/test1/BenchProceed2.class,-1,353977,353975,Not provided,BuildwithMaven,BuildwithMaven
58,/home/runner/work/javassist/javassist/target/test-classes/testproxy/Target189.class,-1,353973,353971,Not provided,BuildwithMaven,BuildwithMaven
59,/home/runner/work/javassist/javassist/target/test-classes/test1/BenchStaticMethod.class,-1,353945,353943,Not provided,BuildwithMaven,BuildwithMaven
60,/home/runner/work/javassist/javassist/target/test-classes/test3/Enhancer.class,-1,353929,353927,Not provided,BuildwithMaven,BuildwithMaven
61,/home/runner/work/javassist/javassist/target/test-classes/test3/Enhancer$Interceptor.class,-1,353925,353923,Not provided,BuildwithMaven,BuildwithMaven
62,/home/runner/work/javassist/javassist/target/test-classes/test3/Enhancer$1.class,-1,353921,353919,Not provided,BuildwithMaven,BuildwithMaven
63,/home/runner/work/javassist/javassist/target/test-classes/test3/EnhanceTest.class,-1,353914,353912,Not provided,BuildwithMaven,BuildwithMaven
64,/home/runner/work/javassist/javassist/target/test-classes/test5/InnerClassRemove$A.class,-1,354197,354195,Not provided,BuildwithMaven,BuildwithMaven
65,/home/runner/work/javassist/javassist/target/test-classes/test5/InnerClassRemove$C.class,-1,354205,354203,Not provided,BuildwithMaven,BuildwithMaven
66,/home/runner/work/javassist/javassist/target/test-classes/test/javassist/bytecode/analysis/AnalyzerTest$Dummy$A3.class,-1,354577,354575,Not provided,BuildwithMaven,BuildwithMaven
67,/home/runner/work/javassist/javassist/target/test-classes/test/javassist/bytecode/analysis/AnalyzerTest$Dummy$A2.class,-1,354573,354571,Not provided,BuildwithMaven,BuildwithMaven
68,/home/runner/work/javassist/javassist/target/test-classes/test3/NewClass2.class,-1,354557,354555,Not provided,BuildwithMaven,BuildwithMaven
69,/home/runner/work/javassist/javassist/target/test-classes/test/javassist/bytecode/analysis/ErrorFinder.class,-1,354513,354511,Not provided,BuildwithMaven,BuildwithMaven
70,/home/runner/work/javassist/javassist/target/test-classes/VisibleTop2.class,-1,354649,354647,Not provided,BuildwithMaven,BuildwithMaven
71,/home/runner/work/javassist/javassist/target/test-classes/test4/NestedClass$N.class,-1,355545,355543,Not provided,BuildwithMaven,BuildwithMaven
72,/home/runner/work/javassist/javassist/target/test-classes/test1/GetThrow2.class,-1,354609,354607,Not provided,BuildwithMaven,BuildwithMaven
73,/home/runner/work/javassist/javassist/target/test-classes/test1/GetThrow1.class,-1,354605,354603,Not provided,BuildwithMaven,BuildwithMaven
74,/home/runner/work/javassist/javassist/target/test-classes/javassist/JvstTest4$Inner1.class,-1,354291,354289,Not provided,BuildwithMaven,BuildwithMaven
75,/home/runner/work/javassist/javassist/target/test-classes/javassist/bytecode/StackMapTest$T8dd.class,-1,354453,354451,Not provided,BuildwithMaven,BuildwithMaven
76,/home/runner/work/javassist/javassist/target/test-classes/javassist/bytecode/StackMapTest$I8d.class,-1,354449,354447,Not provided,BuildwithMaven,BuildwithMaven
77,/home/runner/work/javassist/javassist/target/test-classes/test4/NestedClass$S$S2.class,-1,355549,355547,Not provided,BuildwithMaven,BuildwithMaven
78,/home/runner/work/javassist/javassist/target/runtest/test1/NewInterface2.class,-1,358982,358980,Not provided,BuildwithMaven,BuildwithMaven
79,/home/runner/work/javassist/javassist/target/runtest/test1/SetName3.class,-1,359081,359079,Not provided,BuildwithMaven,BuildwithMaven
80,/home/runner/work/javassist/javassist/target/runtest/test1/SetName2.class,-1,359077,359075,Not provided,BuildwithMaven,BuildwithMaven
81,/home/runner/work/javassist/javassist/target/runtest/test1/Freeze.class,-1,359028,359026,Not provided,BuildwithMaven,BuildwithMaven
82,/home/runner/work/javassist/javassist/target/runtest/test1/NewInterface.class,-1,358978,358976,Not provided,BuildwithMaven,BuildwithMaven
83,/home/runner/work/javassist/javassist/target/runtest/test2/MethodCall.class,-1,359452,359450,Not provided,BuildwithMaven,BuildwithMaven
84,/home/runner/work/javassist/javassist/target/runtest/test2/Inner.class,-1,359374,359372,Not provided,BuildwithMaven,BuildwithMaven
85,/home/runner/work/javassist/javassist/target/runtest/test2/Inherit.class,-1,359364,359362,Not provided,BuildwithMaven,BuildwithMaven
86,/home/runner/work/javassist/javassist/target/test-classes/test1/Point.class,-1,356559,356557,Not provided,BuildwithMaven,BuildwithMaven
87,/home/runner/work/javassist/javassist/target/test-classes/javassist/HotswapTest$Foo.class,-1,356535,356533,Not provided,BuildwithMaven,BuildwithMaven
88,/home/runner/work/javassist/javassist/target/test-classes/test2/StaticArraysMem.class,-1,356515,356513,Not provided,BuildwithMaven,BuildwithMaven
89,/home/runner/work/javassist/javassist/target/test-classes/scoped/jar1/ScopedAnnotationUsage.class,-1,356571,356569,Not provided,BuildwithMaven,BuildwithMaven
90,/home/runner/work/javassist/javassist/target/test-classes/javassist/compiler/LexTest.class,-1,356575,356573,Not provided,BuildwithMaven,BuildwithMaven
91,/home/runner/work/javassist/javassist/target/runtest/test1/MySerializableClass.class,-1,358412,358410,Not provided,BuildwithMaven,BuildwithMaven
92,/home/runner/work/javassist/javassist/target/runtest/test5/NestHost4$InnerClass1.class,-1,397874,397872,Not provided,BuildwithMaven,BuildwithMaven
93,/home/runner/work/javassist/javassist/target/runtest/test5/NestHost4$InnerClass1$InnerClass5.class,-1,397884,397882,Not provided,BuildwithMaven,BuildwithMaven
94,/home/runner/work/javassist/javassist/target/runtest/test5/InnerModifier$Static.class,-1,398360,398358,Not provided,BuildwithMaven,BuildwithMaven
95,/home/runner/work/javassist/javassist/target/runtest/test5/InnerModifier$NonStatic.class,-1,398353,398351,Not provided,BuildwithMaven,BuildwithMaven
96,/home/runner/work/javassist/javassist/target/runtest/test4/TestDeadcode.class,-1,360613,360611,Not provided,BuildwithMaven,BuildwithMaven
97,/home/runner/work/javassist/javassist/target/runtest/test3/PublicInner.class,-1,359846,359844,Not provided,BuildwithMaven,BuildwithMaven
98,/home/runner/work/javassist/javassist/target/runtest/test2/SuperInterface3.class,-1,359685,359683,Not provided,BuildwithMaven,BuildwithMaven
99,/home/runner/work/javassist/javassist/target/runtest/test4/WrittenFile2sub.class,-1,360548,360546,Not provided,BuildwithMaven,BuildwithMaven
100,/home/runner/work/javassist/javassist/target/runtest/test2/NullArgTest.class,-1,359560,359558,Not provided,BuildwithMaven,BuildwithMaven
101,/home/runner/work/javassist/javassist/target/runtest/test2/NewOp.class,-1,359556,359554,Not provided,BuildwithMaven,BuildwithMaven
102,/home/runner/work/javassist/javassist/target/runtest/test3/PublicInner$Inner.class,-1,359850,359848,Not provided,BuildwithMaven,BuildwithMaven
103,/home/runner/work/javassist/javassist/target/runtest/test4/AnnoLoad.class,-1,360483,360481,Not provided,BuildwithMaven,BuildwithMaven
104,/home/runner/work/javassist/javassist/target/runtest/test4/AnnoLoadAnno.class,-1,360476,360474,Not provided,BuildwithMaven,BuildwithMaven
105,/home/runner/work/javassist/javassist/target/runtest/test3/StaticFinalField.class,-1,360178,360176,Not provided,BuildwithMaven,BuildwithMaven
106,/home/runner/work/javassist/javassist/target/test-classes/test4/NestedClass$S.class,-1,355553,355551,Not provided,BuildwithMaven,BuildwithMaven
107,/home/runner/work/javassist/javassist/target/test-classes/javassist/ConcurrentClassDefinitionTest.class,-1,355867,355865,Not provided,BuildwithMaven,BuildwithMaven
108,/home/runner/work/javassist/javassist/target/test-classes/javassist/ConcurrentClassDefinitionTest$Worker.class,-1,355863,355861,Not provided,BuildwithMaven,BuildwithMaven
109,/home/runner/work/javassist/javassist/target/test-classes/Jassist150.class,-1,355851,355849,Not provided,BuildwithMaven,BuildwithMaven
110,/home/runner/work/javassist/javassist/target/test-classes/Jassist150$1.class,-1,355847,355845,Not provided,BuildwithMaven,BuildwithMaven
111,/home/runner/work/javassist/javassist/target/test-classes/test/javassist/proxy/ProxySimpleTest$Default4.class,-1,355955,355953,Not provided,BuildwithMaven,BuildwithMaven
112,/home/runner/work/javassist/javassist/target/test-classes/test3/NestedClass$1.class,-1,355644,355642,Not provided,BuildwithMaven,BuildwithMaven
113,/home/runner/work/javassist/javassist/target/test-classes/test3/NestedClass$StaticNested.class,-1,355640,355638,Not provided,BuildwithMaven,BuildwithMaven
114,/home/runner/work/javassist/javassist/target/test-classes/test3/NestedClass$Inner.class,-1,355636,355634,Not provided,BuildwithMaven,BuildwithMaven
115,/home/runner/work/javassist/javassist/target/test-classes/scoped/ScopedRepositoryTestCase.class,-1,355608,355606,Not provided,BuildwithMaven,BuildwithMaven
116,/home/runner/work/javassist/javassist/target/test-classes/test4/JIRA220intf.class,-1,355577,355575,Not provided,BuildwithMaven,BuildwithMaven
117,/home/runner/work/javassist/javassist/target/test-classes/test3/NestedClass$1Local.class,-1,355648,355646,Not provided,BuildwithMaven,BuildwithMaven
118,/home/runner/work/javassist/javassist/target/test-classes/Test.class,-1,355803,355801,Not provided,BuildwithMaven,BuildwithMaven
119,/home/runner/work/javassist/javassist/target/test-classes/InvalidStackMapFrame.class,-1,355799,355797,Not provided,BuildwithMaven,BuildwithMaven
120,/home/runner/work/javassist/javassist/target/test-classes/test4/Signature$Foo.class,-1,355791,355789,Not provided,BuildwithMaven,BuildwithMaven
121,/home/runner/work/javassist/javassist/target/test-classes/test3/PublicInner2$PS.class,-1,355751,355749,Not provided,BuildwithMaven,BuildwithMaven
122,/home/runner/work/javassist/javassist/target/test-classes/javassist/tools/reflect/Person.class,-1,356345,356343,Not provided,BuildwithMaven,BuildwithMaven
123,/home/runner/work/javassist/javassist/target/test-classes/test4/JIRA181$B.class,-1,356323,356321,Not provided,BuildwithMaven,BuildwithMaven
124,/home/runner/work/javassist/javassist/target/test-classes/test4/JIRA181$ICondition.class,-1,356319,356317,Not provided,BuildwithMaven,BuildwithMaven
125,/home/runner/work/javassist/javassist/target/test-classes/scoped/jar1/TestClass1.class,-1,356307,356305,Not provided,BuildwithMaven,BuildwithMaven
126,/home/runner/work/javassist/javassist/target/test-classes/javassist/bytecode/CodeAnalyzerTest.class,-1,356255,356253,Not provided,BuildwithMaven,BuildwithMaven
127,/home/runner/work/javassist/javassist/target/test-classes/testproxy/sub/TargetSuper.class,-1,356275,356273,Not provided,BuildwithMaven,BuildwithMaven
128,/home/runner/work/javassist/javassist/target/test-classes/javassist/tools/reflect/ClassMetaobjectTest.class,-1,356361,356359,Not provided,BuildwithMaven,BuildwithMaven
129,/home/runner/work/javassist/javassist/target/test-classes/test4/ImportPac.class,-1,356365,356363,Not provided,BuildwithMaven,BuildwithMaven
130,/home/runner/work/javassist/javassist/target/test-classes/test5/NestHost$Bar.class,-1,356459,356457,Not provided,BuildwithMaven,BuildwithMaven
131,/home/runner/work/javassist/javassist/target/test-classes/test5/RemoveAnno2.class,-1,356087,356085,Not provided,BuildwithMaven,BuildwithMaven
132,/home/runner/work/javassist/javassist/target/test-classes/test5/RemoveAnno1.class,-1,356083,356081,Not provided,BuildwithMaven,BuildwithMaven
133,/home/runner/work/javassist/javassist/target/test-classes/test3/PackName2.class,-1,356071,356069,Not provided,BuildwithMaven,BuildwithMaven
134,/home/runner/work/javassist/javassist/target/test-classes/test5/JIRA242.class,-1,356063,356061,Not provided,BuildwithMaven,BuildwithMaven
135,/home/runner/work/javassist/javassist/target/test-classes/test4/GetAllRefAnnoC4.class,-1,356239,356237,Not provided,BuildwithMaven,BuildwithMaven
136,/home/runner/work/javassist/javassist/target/test-classes/test4/GetAllRefAnnoC3.class,-1,356235,356233,Not provided,BuildwithMaven,BuildwithMaven
137,/home/runner/work/javassist/javassist/target/test-classes/test4/GetAllRefAnnoC2.class,-1,356231,356229,Not provided,BuildwithMaven,BuildwithMaven
138,/home/runner/work/javassist/javassist/target/test-classes/test4/GetAllRefAnnoC.class,-1,356227,356225,Not provided,BuildwithMaven,BuildwithMaven
139,/home/runner/work/javassist/javassist/target/test-classes/test4/GetAllRefAnno.class,-1,356223,356221,Not provided,BuildwithMaven,BuildwithMaven
140,/home/runner/work/javassist/javassist/target/test-classes/test4/GetAllRefEnum.class,-1,356219,356217,Not provided,BuildwithMaven,BuildwithMaven
141,/home/runner/work/javassist/javassist/target/test-classes/annotation/Tag.class,-1,356195,356193,Not provided,BuildwithMaven,BuildwithMaven
142,/home/runner/work/javassist/javassist/target/test-classes/annotation/EnumTest.class,-1,356191,356189,Not provided,BuildwithMaven,BuildwithMaven
143,/home/runner/work/javassist/javassist/target/test-classes/annotation/Id.class,-1,356187,356185,Not provided,BuildwithMaven,BuildwithMaven
144,/home/runner/work/javassist/javassist/tutorial/tutorial3.html,-1,2732,2730,Not provided,uses-checkout,uses-checkout
145,/home/runner/work/javassist/javassist/target/runtest/javassist/bytecode/Gap0Example.class,-1,399052,399050,Not provided,BuildwithMaven,BuildwithMaven
146,/home/runner/work/javassist/javassist/target/runtest/javassist/bytecode/Gap0Example2.class,-1,399059,399057,Not provided,BuildwithMaven,BuildwithMaven
147,/home/runner/work/javassist/javassist/src/test/Readme.txt,-1,1440,1438,Not provided,uses-checkout,uses-checkout
148,/home/runner/work/javassist/javassist/target/runtest/reflected/javassist/tools/reflect/SuperClass.class,-1,399118,399116,Not provided,BuildwithMaven,BuildwithMaven
149,/home/runner/work/javassist/javassist/sample/vector/VectorAssistant.java,-1,1426,1424,Not provided,uses-checkout,uses-checkout
150,/home/runner/work/javassist/javassist/sample/vector/Test.j,-1,1422,1420,Not provided,uses-checkout,uses-checkout
151,/home/runner/work/javassist/javassist/sample/vector/Sample2.java,-1,1418,1416,Not provided,uses-checkout,uses-checkout
152,/home/runner/work/javassist/javassist/sample/rmi/webdemo.html,-1,1410,1408,Not provided,uses-checkout,uses-checkout
153,/home/runner/work/javassist/javassist/sample/rmi/start.html,-1,1406,1404,Not provided,uses-checkout,uses-checkout
154,/home/runner/work/javassist/javassist/sample/rmi/inside.gif,-1,1402,1400,Not provided,uses-checkout,uses-checkout
155,/home/runner/work/javassist/javassist/sample/rmi/Counter.java,-1,1398,1396,Not provided,uses-checkout,uses-checkout
156,/home/runner/work/javassist/javassist/sample/rmi/CountApplet.java,-1,1394,1392,Not provided,uses-checkout,uses-checkout
157,/home/runner/work/javassist/javassist/target/runtest/testproxy/BridgeMethod_$$_jvst655_7.class,-1,399233,399231,Not provided,BuildwithMaven,BuildwithMaven
158,/home/runner/work/javassist/javassist/src/test/javassist/bytecode/Gap0Example.class,-1,1532,1530,Not provided,uses-checkout,uses-checkout
159,/home/runner/work/javassist/javassist/sample/reflect/Person.java,-1,1380,1378,Not provided,uses-checkout,uses-checkout
160,/home/runner/work/javassist/javassist/target/runtest/javassist/bytecode/StackMapTest$T8d.class,-1,399013,399011,Not provided,BuildwithMaven,BuildwithMaven
161,/home/runner/work/javassist/javassist/sample/reflect/VerboseMetaobj.java,-1,1384,1382,Not provided,uses-checkout,uses-checkout
162,/home/runner/work/javassist/javassist/sample/preproc/package.html,-1,1370,1368,Not provided,uses-checkout,uses-checkout
163,/home/runner/work/javassist/javassist/target/runtest/proxy/javassist/util/proxy/test_javassist_proxy_ProxySimpleTest$PubProxy2_$$_jvst655_273c.class,-1,399766,399764,Not provided,BuildwithMaven,BuildwithMaven
164,/home/runner/work/javassist/javassist/target/runtest/proxy/test/javassist/proxy/ProxySimpleTest$Default3_$$_jvst655_273d.class,-1,399777,399775,Not provided,BuildwithMaven,BuildwithMaven
165,/home/runner/work/javassist/javassist/.github/workflows/maven.yml,-1,1187,1185,Not provided,uses-checkout,uses-checkout
166,/home/runner/work/javassist/javassist/sample/preproc/Compiler.java,-1,1366,1364,Not provided,uses-checkout,uses-checkout
167,/home/runner/work/javassist/javassist/sample/evolve/DemoLoader.java,-1,1308,1306,Not provided,uses-checkout,uses-checkout
168,/home/runner/work/javassist/javassist/target/runtest/testproxy/Target_$$_jvst655_11.class,-1,399388,399386,Not provided,BuildwithMaven,BuildwithMaven
169,/home/runner/work/javassist/javassist/sample/hotswap/Test.java,-1,1352,1350,Not provided,uses-checkout,uses-checkout
170,/home/runner/work/javassist/javassist/sample/evolve/update.html,-1,1344,1342,Not provided,uses-checkout,uses-checkout
171,/home/runner/work/javassist/javassist/sample/evolve/start.html,-1,1340,1338,Not provided,uses-checkout,uses-checkout
172,/home/runner/work/javassist/javassist/sample/evolve/demo.html,-1,1332,1330,Not provided,uses-checkout,uses-checkout
173,/home/runner/work/javassist/javassist/sample/evolve/WebPage.java,-1,1328,1326,Not provided,uses-checkout,uses-checkout
174,/home/runner/work/javassist/javassist/sample/evolve/VersionManager.java,-1,1324,1322,Not provided,uses-checkout,uses-checkout
175,/home/runner/work/javassist/javassist/sample/evolve/Sample.java,-1,1320,1318,Not provided,uses-checkout,uses-checkout
176,/home/runner/work/javassist/javassist/sample/evolve/Evolution.java,-1,1316,1314,Not provided,uses-checkout,uses-checkout
177,/home/runner/work/javassist/javassist/sample/evolve/DemoServer.java,-1,1312,1310,Not provided,uses-checkout,uses-checkout
178,/home/runner/work/javassist/javassist/sample/evolve/CannotUpdateException.java,-1,1304,1302,Not provided,uses-checkout,uses-checkout
179,/home/runner/work/javassist/javassist/.gitignore,-1,1195,1193,Not provided,uses-checkout,uses-checkout
180,/home/runner/work/javassist/javassist/sample/duplicate/Viewer.java,-1,1294,1292,Not provided,uses-checkout,uses-checkout
181,/home/runner/work/javassist/javassist/sample/duplicate/Main.java,-1,1290,1288,Not provided,uses-checkout,uses-checkout
182,/home/runner/work/javassist/javassist/sample/duplicate/DuplicatedObject.java,-1,1286,1284,Not provided,uses-checkout,uses-checkout
183,/home/runner/work/javassist/javassist/target/runtest/proxy/test/javassist/proxy/ProxySimpleTest$PubProxy_$$_jvst655_2734.class,-1,399636,399634,Not provided,BuildwithMaven,BuildwithMaven
184,/home/runner/work/javassist/javassist/target/runtest/proxy/test/javassist/proxy/ProxySimpleTest$Default2_$$_jvst655_273b.class,-1,399742,399740,Not provided,BuildwithMaven,BuildwithMaven
185,/home/runner/work/javassist/javassist/build.xml,-1,1216,1214,Not provided,uses-checkout,uses-checkout
186,/home/runner/work/javassist/javassist/README.md,-1,1212,1210,Not provided,uses-checkout,uses-checkout
187,/home/runner/work/javassist/javassist/Examples.md,-1,1203,1201,Not provided,uses-checkout,uses-checkout
188,/home/runner/work/javassist/javassist/Changes.md,-1,1199,1197,Not provided,uses-checkout,uses-checkout
189,/home/runner/work/javassist/javassist/target/test-classes/Readme.txt,-1,351449,351446,Not provided,BuildwithMaven,BuildwithMaven
190,/home/runner/work/javassist/javassist/target/test-classes/test1/RenameClass2.class,-1,353690,353688,Not provided,BuildwithMaven,BuildwithMaven
191,/home/runner/work/javassist/javassist/target/runtest/test1/LocalVars2.class,-1,398384,398382,Not provided,BuildwithMaven,BuildwithMaven
192,/home/runner/work/javassist/javassist/target/test-classes/test3/NewExprTryCatch2.class,-1,353658,353656,Not provided,BuildwithMaven,BuildwithMaven
193,/home/runner/work/javassist/javassist/target/test-classes/test/javassist/bytecode/analysis/ScannerTest.class,-1,353654,353652,Not provided,BuildwithMaven,BuildwithMaven
194,/home/runner/work/javassist/javassist/target/runtest/javassist/bytecode/StackMapTest$C6.class,-1,398718,398716,Not provided,BuildwithMaven,BuildwithMaven
195,/home/runner/work/javassist/javassist/target/runtest/test5/InnerModifier.class,-1,398364,398362,Not provided,BuildwithMaven,BuildwithMaven
196,/home/runner/work/javassist/javassist/target/runtest/proxy/test/javassist/proxy/ProxySimpleTest$Foo_$$_jvst655_2733.class,-1,399626,-1,Not provided,BuildwithMaven,Not provided
197,/home/runner/work/javassist/javassist/sample/reflect/Main.java,-1,1376,-1,Not provided,uses-checkout,Not provided
198,/home/runner/work/javassist/javassist/sample/rmi/AlertDialog.java,-1,1390,-1,Not provided,uses-checkout,Not provided
199,/home/runner/work/javassist/javassist/sample/preproc/Assistant.java,-1,1362,-1,Not provided,uses-checkout,Not provided
200,/home/runner/work/javassist/javassist/sample/evolve/CannotCreateException.java,-1,1300,-1,Not provided,uses-checkout,Not provided
201,/home/runner/work/javassist/javassist/sample/duplicate/Ball.java,-1,1282,-1,Not provided,uses-checkout,Not provided
202,/home/runner/work/javassist/javassist/sample/Test.java,-1,1276,-1,Not provided,uses-checkout,Not provided
