,file_name
198,/home/runner/work/javassist/javassist/sample/vector/Sample.java
199,/home/runner/work/javassist/javassist/sample/rmi/AlertDialog.java
200,/home/runner/work/javassist/javassist/sample/reflect/Main.java
201,/home/runner/work/javassist/javassist/sample/preproc/Assistant.java
202,/home/runner/work/javassist/javassist/sample/evolve/CannotCreateException.java
203,/home/runner/work/javassist/javassist/sample/duplicate/Ball.java
204,/home/runner/work/javassist/javassist/sample/Test.java
205,/home/runner/work/javassist/javassist/tutorial/brown.css
