,file_name
8,/home/runner/work/javassist/javassist/tutorial/tutorial.html
13,/home/runner/work/javassist/javassist/tutorial/tutorial2.html
15,/home/runner/work/javassist/javassist/License.html
147,/home/runner/work/javassist/javassist/src/test/javassist/bytecode/Gap0Example.class
148,/home/runner/work/javassist/javassist/src/test/Readme.txt
151,/home/runner/work/javassist/javassist/sample/vector/VectorAssistant.java
152,/home/runner/work/javassist/javassist/sample/vector/Test.j
153,/home/runner/work/javassist/javassist/sample/vector/Sample2.java
154,/home/runner/work/javassist/javassist/sample/rmi/start.html
155,/home/runner/work/javassist/javassist/sample/rmi/webdemo.html
156,/home/runner/work/javassist/javassist/sample/rmi/inside.gif
157,/home/runner/work/javassist/javassist/README.md
158,/home/runner/work/javassist/javassist/Changes.md
159,/home/runner/work/javassist/javassist/.gitignore
160,/home/runner/work/javassist/javassist/.github/workflows/maven.yml
161,/home/runner/work/javassist/javassist/Examples.md
162,/home/runner/work/javassist/javassist/build.xml
163,/home/runner/work/javassist/javassist/sample/rmi/Counter.java
164,/home/runner/work/javassist/javassist/sample/rmi/CountApplet.java
166,/home/runner/work/javassist/javassist/sample/reflect/VerboseMetaobj.java
167,/home/runner/work/javassist/javassist/sample/reflect/Person.java
169,/home/runner/work/javassist/javassist/sample/preproc/package.html
170,/home/runner/work/javassist/javassist/sample/preproc/Compiler.java
172,/home/runner/work/javassist/javassist/sample/hotswap/Test.java
173,/home/runner/work/javassist/javassist/sample/evolve/update.html
174,/home/runner/work/javassist/javassist/sample/evolve/start.html
175,/home/runner/work/javassist/javassist/sample/evolve/demo.html
176,/home/runner/work/javassist/javassist/sample/evolve/WebPage.java
177,/home/runner/work/javassist/javassist/sample/evolve/VersionManager.java
178,/home/runner/work/javassist/javassist/sample/evolve/Sample.java
179,/home/runner/work/javassist/javassist/sample/evolve/Evolution.java
180,/home/runner/work/javassist/javassist/sample/evolve/DemoServer.java
181,/home/runner/work/javassist/javassist/sample/evolve/DemoLoader.java
182,/home/runner/work/javassist/javassist/sample/evolve/CannotUpdateException.java
184,/home/runner/work/javassist/javassist/sample/duplicate/Viewer.java
185,/home/runner/work/javassist/javassist/sample/duplicate/Main.java
186,/home/runner/work/javassist/javassist/sample/duplicate/DuplicatedObject.java
195,/home/runner/work/javassist/javassist/tutorial/tutorial3.html
