,file_name
9,/home/runner/work/javassist/javassist/tutorial/tutorial.html
14,/home/runner/work/javassist/javassist/tutorial/tutorial2.html
15,/home/runner/work/javassist/javassist/License.html
144,/home/runner/work/javassist/javassist/tutorial/tutorial3.html
147,/home/runner/work/javassist/javassist/src/test/Readme.txt
149,/home/runner/work/javassist/javassist/sample/vector/VectorAssistant.java
150,/home/runner/work/javassist/javassist/sample/vector/Test.j
151,/home/runner/work/javassist/javassist/sample/vector/Sample2.java
152,/home/runner/work/javassist/javassist/sample/rmi/webdemo.html
153,/home/runner/work/javassist/javassist/sample/rmi/start.html
154,/home/runner/work/javassist/javassist/sample/rmi/inside.gif
155,/home/runner/work/javassist/javassist/sample/rmi/Counter.java
156,/home/runner/work/javassist/javassist/sample/rmi/CountApplet.java
158,/home/runner/work/javassist/javassist/src/test/javassist/bytecode/Gap0Example.class
159,/home/runner/work/javassist/javassist/sample/reflect/Person.java
161,/home/runner/work/javassist/javassist/sample/reflect/VerboseMetaobj.java
162,/home/runner/work/javassist/javassist/sample/preproc/package.html
165,/home/runner/work/javassist/javassist/.github/workflows/maven.yml
166,/home/runner/work/javassist/javassist/sample/preproc/Compiler.java
167,/home/runner/work/javassist/javassist/sample/evolve/DemoLoader.java
169,/home/runner/work/javassist/javassist/sample/hotswap/Test.java
170,/home/runner/work/javassist/javassist/sample/evolve/update.html
171,/home/runner/work/javassist/javassist/sample/evolve/start.html
172,/home/runner/work/javassist/javassist/sample/evolve/demo.html
173,/home/runner/work/javassist/javassist/sample/evolve/WebPage.java
174,/home/runner/work/javassist/javassist/sample/evolve/VersionManager.java
175,/home/runner/work/javassist/javassist/sample/evolve/Sample.java
176,/home/runner/work/javassist/javassist/sample/evolve/Evolution.java
177,/home/runner/work/javassist/javassist/sample/evolve/DemoServer.java
178,/home/runner/work/javassist/javassist/sample/evolve/CannotUpdateException.java
179,/home/runner/work/javassist/javassist/.gitignore
180,/home/runner/work/javassist/javassist/sample/duplicate/Viewer.java
181,/home/runner/work/javassist/javassist/sample/duplicate/Main.java
182,/home/runner/work/javassist/javassist/sample/duplicate/DuplicatedObject.java
185,/home/runner/work/javassist/javassist/build.xml
186,/home/runner/work/javassist/javassist/README.md
187,/home/runner/work/javassist/javassist/Examples.md
188,/home/runner/work/javassist/javassist/Changes.md
