,file_name
35,/home/runner/work/javassist/javassist/src/test/javassist/bytecode/BytecodeTest.java
62,/home/runner/work/javassist/javassist/src/test/javassist/tools/CallbackTest.java
69,/home/runner/work/javassist/javassist/src/test/javassist/compiler/CodeTest.java
99,/home/runner/work/javassist/javassist/src/test/javassist/tools/reflect/ClassMetaobjectTest.java
106,/home/runner/work/javassist/javassist/src/test/test/javassist/tools/DefineClassCapability.java
118,/home/runner/work/javassist/javassist/src/test/test/javassist/proxy/Foo.java
119,/home/runner/work/javassist/javassist/src/test/scoped/ScopedRepositoryTestCase.java
121,/home/runner/work/javassist/javassist/src/test/test/javassist/convert/ArrayAccessReplaceTest.java
126,/home/runner/work/javassist/javassist/src/test/test/javassist/bytecode/analysis/AnalyzerTest.java
163,/home/runner/work/javassist/javassist/src/test/resources/Readme.txt
176,/home/runner/work/javassist/javassist/src/test/test5/BoolTest.java
218,/home/runner/work/javassist/javassist/src/test/testproxy/sub/TargetSuper.java
221,/home/runner/work/javassist/javassist/src/test/testproxy/BridgeMethod.java
261,/home/runner/work/javassist/javassist/src/test/test3/Anno.java
281,/home/runner/work/javassist/javassist/src/test/test4/Aaload.java
343,/home/runner/work/javassist/javassist/src/main/javassist/bytecode/AccessFlag.java
354,/home/runner/work/javassist/javassist/src/main/javassist/bytecode/annotation/Annotation.java
378,/home/runner/work/javassist/javassist/src/main/javassist/bytecode/analysis/Analyzer.java
394,/home/runner/work/javassist/javassist/sample/duplicate/Ball.java
398,/home/runner/work/javassist/javassist/sample/evolve/CannotCreateException.java
409,/home/runner/work/javassist/javassist/src/main/javassist/ByteArrayClassPath.java
423,/home/runner/work/javassist/javassist/sample/rmi/AlertDialog.java
426,/home/runner/work/javassist/javassist/sample/reflect/Main.java
429,/home/runner/work/javassist/javassist/sample/preproc/Assistant.java
439,/home/runner/work/javassist/javassist/src/main/javassist/tools/rmi/AppletServer.java
460,/home/runner/work/javassist/javassist/src/main/javassist/scopedpool/ScopedClassPool.java
467,/home/runner/work/javassist/javassist/src/main/javassist/tools/Callback.java
471,/home/runner/work/javassist/javassist/src/main/javassist/tools/reflect/CannotCreateException.java
473,/home/runner/work/javassist/javassist/src/main/javassist/tools/web/BadHttpRequest.java
475,/home/runner/work/javassist/javassist/src/test/javassist/Bench.java
480,/home/runner/work/javassist/javassist/src/test/annotation/Test.java
501,/home/runner/work/javassist/javassist/src/main/javassist/util/proxy/DefineClassHelper.java
504,/home/runner/work/javassist/javassist/src/main/javassist/util/HotSwapAgent.java
513,/home/runner/work/javassist/javassist/src/main/javassist/compiler/ast/ASTList.java
527,/home/runner/work/javassist/javassist/src/main/javassist/bytecode/stackmap/BasicBlock.java
538,/home/runner/work/javassist/javassist/src/main/javassist/compiler/AccessorMaker.java
549,/home/runner/work/javassist/javassist/src/main/javassist/expr/Cast.java
567,/home/runner/work/javassist/javassist/src/main/javassist/convert/TransformAccessArrayField.java
