,file_name
36,/home/runner/work/javassist/javassist/src/test/javassist/bytecode/BytecodeTest.java
63,/home/runner/work/javassist/javassist/src/test/javassist/tools/CallbackTest.java
70,/home/runner/work/javassist/javassist/src/test/javassist/compiler/CodeTest.java
99,/home/runner/work/javassist/javassist/src/test/javassist/tools/reflect/ClassMetaobjectTest.java
106,/home/runner/work/javassist/javassist/src/test/test/javassist/tools/DefineClassCapability.java
120,/home/runner/work/javassist/javassist/src/test/test/javassist/proxy/Foo.java
123,/home/runner/work/javassist/javassist/src/test/test/javassist/convert/ArrayAccessReplaceTest.java
128,/home/runner/work/javassist/javassist/src/test/test/javassist/bytecode/analysis/AnalyzerTest.java
153,/home/runner/work/javassist/javassist/src/test/scoped/ScopedRepositoryTestCase.java
163,/home/runner/work/javassist/javassist/src/test/resources/Readme.txt
177,/home/runner/work/javassist/javassist/src/test/test5/BoolTest.java
219,/home/runner/work/javassist/javassist/src/test/testproxy/sub/TargetSuper.java
222,/home/runner/work/javassist/javassist/src/test/testproxy/BridgeMethod.java
262,/home/runner/work/javassist/javassist/src/test/test3/Anno.java
282,/home/runner/work/javassist/javassist/src/test/test4/Aaload.java
345,/home/runner/work/javassist/javassist/src/main/javassist/bytecode/AccessFlag.java
355,/home/runner/work/javassist/javassist/src/main/javassist/bytecode/annotation/Annotation.java
379,/home/runner/work/javassist/javassist/src/main/javassist/bytecode/analysis/Analyzer.java
395,/home/runner/work/javassist/javassist/sample/Test.java
396,/home/runner/work/javassist/javassist/sample/duplicate/Ball.java
407,/home/runner/work/javassist/javassist/sample/vector/Sample.java
411,/home/runner/work/javassist/javassist/src/main/javassist/ByteArrayClassPath.java
424,/home/runner/work/javassist/javassist/sample/rmi/AlertDialog.java
427,/home/runner/work/javassist/javassist/sample/reflect/Main.java
430,/home/runner/work/javassist/javassist/sample/preproc/Assistant.java
440,/home/runner/work/javassist/javassist/src/main/javassist/tools/rmi/AppletServer.java
461,/home/runner/work/javassist/javassist/src/main/javassist/scopedpool/ScopedClassPool.java
468,/home/runner/work/javassist/javassist/src/main/javassist/tools/Callback.java
472,/home/runner/work/javassist/javassist/src/main/javassist/tools/reflect/CannotCreateException.java
474,/home/runner/work/javassist/javassist/src/main/javassist/tools/web/BadHttpRequest.java
476,/home/runner/work/javassist/javassist/src/test/javassist/Bench.java
481,/home/runner/work/javassist/javassist/src/test/annotation/Test.java
502,/home/runner/work/javassist/javassist/src/main/javassist/util/proxy/DefineClassHelper.java
505,/home/runner/work/javassist/javassist/src/main/javassist/util/HotSwapAgent.java
508,/home/runner/work/javassist/javassist/src/main/javassist/runtime/Cflow.java
514,/home/runner/work/javassist/javassist/src/main/javassist/compiler/ast/ASTList.java
528,/home/runner/work/javassist/javassist/src/main/javassist/bytecode/stackmap/BasicBlock.java
539,/home/runner/work/javassist/javassist/src/main/javassist/compiler/AccessorMaker.java
550,/home/runner/work/javassist/javassist/src/main/javassist/expr/Cast.java
568,/home/runner/work/javassist/javassist/src/main/javassist/convert/TransformAccessArrayField.java
