,file_name
0,/home/runner/work/javassist/javassist/javassist.jar
1,/home/runner/work/javassist/javassist/src/test/test3/Switch.java
2,/home/runner/work/javassist/javassist/src/main/javassist/compiler/CodeGen.java
3,/home/runner/work/javassist/javassist/src/main/javassist/bytecode/CodeIterator.java
4,/home/runner/work/javassist/javassist/src/main/javassist/bytecode/ConstPool.java
5,/home/runner/work/javassist/javassist/src/main/javassist/CtClassType.java
6,/home/runner/work/javassist/javassist/src/main/javassist/util/proxy/ProxyFactory.java
7,/home/runner/work/javassist/javassist/src/test/javassist/JvstTest2.java
8,/home/runner/work/javassist/javassist/src/main/javassist/bytecode/SignatureAttribute.java
9,/home/runner/work/javassist/javassist/src/test/javassist/JvstTest.java
10,/home/runner/work/javassist/javassist/src/main/javassist/CtField.java
11,/home/runner/work/javassist/javassist/src/main/javassist/bytecode/StackMapTable.java
12,/home/runner/work/javassist/javassist/src/test/javassist/JvstTest3.java
13,/home/runner/work/javassist/javassist/src/main/javassist/bytecode/Bytecode.java
14,/home/runner/work/javassist/javassist/src/test/javassist/JvstTest4.java
15,/home/runner/work/javassist/javassist/src/main/javassist/CtClass.java
16,/home/runner/work/javassist/javassist/src/main/javassist/CtBehavior.java
17,/home/runner/work/javassist/javassist/src/main/javassist/compiler/Parser.java
18,/home/runner/work/javassist/javassist/src/main/javassist/compiler/MemberCodeGen.java
19,/home/runner/work/javassist/javassist/tutorial/tutorial2.html
20,/home/runner/work/javassist/javassist/src/main/javassist/ClassPool.java
21,/home/runner/work/javassist/javassist/src/main/javassist/CodeConverter.java
22,/home/runner/work/javassist/javassist/src/main/javassist/bytecode/AnnotationsAttribute.java
23,/home/runner/work/javassist/javassist/src/test/javassist/bytecode/StackMapTest.java
24,/home/runner/work/javassist/javassist/src/main/javassist/bytecode/ClassFile.java
25,/home/runner/work/javassist/javassist/src/main/javassist/bytecode/ClassFileWriter.java
26,/home/runner/work/javassist/javassist/src/main/javassist/bytecode/Descriptor.java
27,/home/runner/work/javassist/javassist/src/main/javassist/bytecode/analysis/Executor.java
28,/home/runner/work/javassist/javassist/src/main/javassist/compiler/TypeChecker.java
29,/home/runner/work/javassist/javassist/src/main/javassist/compiler/JvstCodeGen.java
30,/home/runner/work/javassist/javassist/src/main/javassist/compiler/Javac.java
31,/home/runner/work/javassist/javassist/src/main/javassist/bytecode/stackmap/TypeData.java
32,/home/runner/work/javassist/javassist/src/test/test/javassist/convert/InstrumentationTarget.java
33,/home/runner/work/javassist/javassist/src/main/javassist/bytecode/stackmap/Tracer.java
34,/home/runner/work/javassist/javassist/src/test/javassist/JvstTest5.java
35,/home/runner/work/javassist/javassist/License.html
36,/home/runner/work/javassist/javassist/src/test/javassist/bytecode/BytecodeTest.java
37,/home/runner/work/javassist/javassist/tutorial/tutorial.html
38,/home/runner/work/javassist/javassist/src/test/test2/ArrayLenTest.java
39,/home/runner/work/javassist/javassist/src/test/test2/AddLocalVar.java
40,/home/runner/work/javassist/javassist/src/test/test2/AddMethod.java
41,/home/runner/work/javassist/javassist/src/test/test2/Anon.java
42,/home/runner/work/javassist/javassist/src/test/test2/ArrayAndNull.java
43,/home/runner/work/javassist/javassist/src/test/scoped/UnscopedAnnotationUsage.java
44,/home/runner/work/javassist/javassist/src/test/test2/Brennan.java
45,/home/runner/work/javassist/javassist/src/test/test2/CodeGen.java
46,/home/runner/work/javassist/javassist/src/test/test1/Subtype.java
47,/home/runner/work/javassist/javassist/src/test/test2/ConstBody.java
48,/home/runner/work/javassist/javassist/src/test/test2/ConstField.java
49,/home/runner/work/javassist/javassist/src/test/test1/TryCatch.java
50,/home/runner/work/javassist/javassist/src/test/test1/StaticConsBody.java
51,/home/runner/work/javassist/javassist/src/test/test1/StaticField.java
52,/home/runner/work/javassist/javassist/src/test/test2/DefineClassCapability.java
53,/home/runner/work/javassist/javassist/src/test/test1/SigType.java
54,/home/runner/work/javassist/javassist/src/test/test1/SetName.java
55,/home/runner/work/javassist/javassist/src/test/javassist/proxyfactory/ProxyFactoryTest.java
56,/home/runner/work/javassist/javassist/src/test/test1/SetBody.java
57,/home/runner/work/javassist/javassist/src/test/test1/RenameClass.java
58,/home/runner/work/javassist/javassist/src/test/test1/Proceed3.java
59,/home/runner/work/javassist/javassist/src/test/test1/Proceed2.java
60,/home/runner/work/javassist/javassist/src/test/javassist/proxyfactory/Tester.java
61,/home/runner/work/javassist/javassist/src/test/test1/Proceed.java
62,/home/runner/work/javassist/javassist/src/test/test1/Point.java
63,/home/runner/work/javassist/javassist/src/test/javassist/tools/CallbackTest.java
64,/home/runner/work/javassist/javassist/src/test/test1/Pac.java
65,/home/runner/work/javassist/javassist/src/test/test1/NewInterface.java
66,/home/runner/work/javassist/javassist/src/test/test2/Construct.java
67,/home/runner/work/javassist/javassist/src/test/test2/Inherit.java
68,/home/runner/work/javassist/javassist/src/test/test2/Finally.java
69,/home/runner/work/javassist/javassist/src/test/test1/MySerializableClass.java
70,/home/runner/work/javassist/javassist/src/test/javassist/compiler/CodeTest.java
71,/home/runner/work/javassist/javassist/src/test/test2/SuperCall.java
72,/home/runner/work/javassist/javassist/src/test/test2/StaticMember2.java
73,/home/runner/work/javassist/javassist/src/test/test2/StaticMember.java
74,/home/runner/work/javassist/javassist/src/test/javassist/compiler/CompTest.java
75,/home/runner/work/javassist/javassist/src/test/test2/StaticArraysMem.java
76,/home/runner/work/javassist/javassist/src/test/javassist/compiler/LexTest.java
77,/home/runner/work/javassist/javassist/src/test/test2/SetExceptions.java
78,/home/runner/work/javassist/javassist/src/test/test2/ReplaceClassName.java
79,/home/runner/work/javassist/javassist/src/test/test2/RemoveCall.java
80,/home/runner/work/javassist/javassist/src/test/test2/Remove.java
81,/home/runner/work/javassist/javassist/src/test/test2/Prune.java
82,/home/runner/work/javassist/javassist/src/test/javassist/compiler/ParseTest.java
83,/home/runner/work/javassist/javassist/src/test/test2/PrivateMethod.java
84,/home/runner/work/javassist/javassist/src/test/test2/NewOp.java
85,/home/runner/work/javassist/javassist/src/test/test2/NewExprTry.java
86,/home/runner/work/javassist/javassist/src/test/test2/NewExprInTry.java
87,/home/runner/work/javassist/javassist/src/test/javassist/proxyfactory/MyCls.java
88,/home/runner/work/javassist/javassist/src/test/test2/NewArray.java
89,/home/runner/work/javassist/javassist/src/test/test2/Nested4.java
90,/home/runner/work/javassist/javassist/src/test/test2/Nested3.java
91,/home/runner/work/javassist/javassist/src/test/test2/Nested2.java
92,/home/runner/work/javassist/javassist/src/test/test2/Nested.java
93,/home/runner/work/javassist/javassist/src/test/test2/MethodCall.java
94,/home/runner/work/javassist/javassist/src/test/test2/LocalVar.java
95,/home/runner/work/javassist/javassist/src/test/test2/InsertLocal.java
96,/home/runner/work/javassist/javassist/src/test/test2/InsertAt.java
97,/home/runner/work/javassist/javassist/src/test/test2/Inner2.java
98,/home/runner/work/javassist/javassist/src/test/test2/Inner.java
99,/home/runner/work/javassist/javassist/src/test/javassist/tools/reflect/ClassMetaobjectTest.java
100,/home/runner/work/javassist/javassist/src/test/javassist/tools/reflect/LoaderTest.java
101,/home/runner/work/javassist/javassist/src/test/scoped/jar1/FullyScopedAnnotationUsage.java
102,/home/runner/work/javassist/javassist/src/test/test1/BenchProceed.java
103,/home/runner/work/javassist/javassist/src/test/test/javassist/proxy/ProxyFactoryCompatibilityTest.java
104,/home/runner/work/javassist/javassist/src/test/test/javassist/proxy/ProxySerializationTest.java
105,/home/runner/work/javassist/javassist/src/test/test/javassist/proxy/ProxySimpleTest.java
106,/home/runner/work/javassist/javassist/src/test/test/javassist/tools/DefineClassCapability.java
107,/home/runner/work/javassist/javassist/src/test/test/javassist/tools/DummyClass.java
108,/home/runner/work/javassist/javassist/src/test/test1/ArrayAccess.java
109,/home/runner/work/javassist/javassist/src/test/test1/BenchProceedNew.java
110,/home/runner/work/javassist/javassist/src/test/javassist/tools/reflect/Person.java
111,/home/runner/work/javassist/javassist/src/test/test1/BenchStaticMethod.java
112,/home/runner/work/javassist/javassist/src/test/test1/CalleeAfter.java
113,/home/runner/work/javassist/javassist/src/test/test1/CalleeAfter2.java
114,/home/runner/work/javassist/javassist/src/test/test1/CalleeAfter3.java
115,/home/runner/work/javassist/javassist/src/test/test1/CalleeBefore.java
116,/home/runner/work/javassist/javassist/src/test/test1/CalleeCatch.java
117,/home/runner/work/javassist/javassist/src/test/test/javassist/proxy/ProxyCacheGCTest.java
118,/home/runner/work/javassist/javassist/src/test/test/javassist/proxy/JBPAPP9257Test.java
119,/home/runner/work/javassist/javassist/src/test/test/javassist/proxy/JASSIST113RegressionTest.java
120,/home/runner/work/javassist/javassist/src/test/test/javassist/proxy/Foo.java
121,/home/runner/work/javassist/javassist/src/test/scoped/TestAnnotation.java
122,/home/runner/work/javassist/javassist/src/test/test/javassist/convert/ArrayAccessReplaceTest2.java
123,/home/runner/work/javassist/javassist/src/test/test/javassist/convert/ArrayAccessReplaceTest.java
124,/home/runner/work/javassist/javassist/src/test/test/javassist/bytecode/analysis/ScannerTest.java
125,/home/runner/work/javassist/javassist/src/test/test/javassist/bytecode/analysis/ErrorFinder.java
126,/home/runner/work/javassist/javassist/src/test/test/javassist/bytecode/analysis/DomTreeTest.java
127,/home/runner/work/javassist/javassist/src/test/test/javassist/bytecode/analysis/DomTreePrinter.java
128,/home/runner/work/javassist/javassist/src/test/test/javassist/bytecode/analysis/AnalyzerTest.java
129,/home/runner/work/javassist/javassist/src/test/scoped/jar1/TestClass1.java
130,/home/runner/work/javassist/javassist/src/test/scoped/jar1/ScopedTestAnnotation.java
131,/home/runner/work/javassist/javassist/src/test/scoped/jar1/ScopedAnnotationUsage.java
132,/home/runner/work/javassist/javassist/src/test/scoped/UnscopedAnnotationDefaultUsage.java
133,/home/runner/work/javassist/javassist/src/test/scoped/jar1/ScopedAnnotationDefaultUsage.java
134,/home/runner/work/javassist/javassist/src/test/test1/Cflow.java
135,/home/runner/work/javassist/javassist/src/test/test1/Clinit.java
136,/home/runner/work/javassist/javassist/src/test/test1/Clinit2.java
137,/home/runner/work/javassist/javassist/src/test/test1/ExprEdit6.java
138,/home/runner/work/javassist/javassist/src/test/test1/MakeClass.java
139,/home/runner/work/javassist/javassist/src/test/test1/LocalVars.java
140,/home/runner/work/javassist/javassist/src/test/test1/LineNumber.java
141,/home/runner/work/javassist/javassist/src/test/test1/InvokeInt.java
142,/home/runner/work/javassist/javassist/src/test/test1/Howard.java
143,/home/runner/work/javassist/javassist/src/test/javassist/tools/reflect/SubClass.java
144,/home/runner/work/javassist/javassist/src/test/test1/Handler.java
145,/home/runner/work/javassist/javassist/src/test/test1/GetThrowables.java
146,/home/runner/work/javassist/javassist/src/test/test1/Freeze.java
147,/home/runner/work/javassist/javassist/src/test/test1/FieldMod.java
148,/home/runner/work/javassist/javassist/src/test/test1/FieldInit2.java
149,/home/runner/work/javassist/javassist/src/test/test1/FieldInit.java
150,/home/runner/work/javassist/javassist/src/test/test1/ExprEdit8.java
151,/home/runner/work/javassist/javassist/src/test/test1/ExprEdit7.java
152,/home/runner/work/javassist/javassist/src/test/test1/ExprEdit5.java
153,/home/runner/work/javassist/javassist/src/test/scoped/ScopedRepositoryTestCase.java
154,/home/runner/work/javassist/javassist/src/test/test2/SuperInterface1.java
155,/home/runner/work/javassist/javassist/src/test/test1/ExprEdit3.java
156,/home/runner/work/javassist/javassist/src/test/test1/ExprEdit2.java
157,/home/runner/work/javassist/javassist/src/test/test1/ExprEdit.java
158,/home/runner/work/javassist/javassist/src/test/test1/EmptyBody.java
159,/home/runner/work/javassist/javassist/src/test/test1/DollarClass.java
160,/home/runner/work/javassist/javassist/src/test/test1/Dispatch.java
161,/home/runner/work/javassist/javassist/src/test/javassist/tools/reflect/SuperClass.java
162,/home/runner/work/javassist/javassist/src/test/test1/Delegator.java
163,/home/runner/work/javassist/javassist/src/test/resources/Readme.txt
164,/home/runner/work/javassist/javassist/src/test/resources/empty.jar
165,/home/runner/work/javassist/javassist/src/test/test1/DefineClassCapability.java
166,/home/runner/work/javassist/javassist/src/test/resources/simple.jar
167,/home/runner/work/javassist/javassist/src/test/test1/CodeConv.java
168,/home/runner/work/javassist/javassist/src/test/test1/ExprEdit4.java
169,/home/runner/work/javassist/javassist/src/test/test2/SuperInterface2.java
170,/home/runner/work/javassist/javassist/src/test/test4/MultiCatch.java
171,/home/runner/work/javassist/javassist/src/test/test4/NewImportPac.java
172,/home/runner/work/javassist/javassist/src/test/test4/NewRemover.java
173,/home/runner/work/javassist/javassist/src/test/test4/Rename.java
174,/home/runner/work/javassist/javassist/src/test/test4/Signature.java
175,/home/runner/work/javassist/javassist/src/test/test4/VarArgs.java
176,/home/runner/work/javassist/javassist/src/test/test4/length.java
177,/home/runner/work/javassist/javassist/src/test/test5/BoolTest.java
178,/home/runner/work/javassist/javassist/src/test/test5/DefaultMethod.java
179,/home/runner/work/javassist/javassist/src/test/test5/DefineClassCapability.java
180,/home/runner/work/javassist/javassist/src/test/test5/Entity.java
181,/home/runner/work/javassist/javassist/src/test/test5/InnerClassRemove.java
182,/home/runner/work/javassist/javassist/src/test/test5/InnerModifier.java
183,/home/runner/work/javassist/javassist/src/test/test5/InnerModifier2.java
184,/home/runner/work/javassist/javassist/src/test/test5/InsertAfter.java
185,/home/runner/work/javassist/javassist/src/test/test5/InsertBeforeDollarR.java
186,/home/runner/work/javassist/javassist/src/test/test4/NestedClass.java
187,/home/runner/work/javassist/javassist/src/test/test4/MethodParamTest.java
188,/home/runner/work/javassist/javassist/src/test/test2/Where.java
189,/home/runner/work/javassist/javassist/src/test/test4/MakeMethod.java
190,/home/runner/work/javassist/javassist/src/test/test4/ImportPac.java
191,/home/runner/work/javassist/javassist/src/test/test4/InvokeDyn.java
192,/home/runner/work/javassist/javassist/src/test/test4/JIRA152.java
193,/home/runner/work/javassist/javassist/src/test/test4/JIRA158.java
194,/home/runner/work/javassist/javassist/src/test/test4/JIRA166.java
195,/home/runner/work/javassist/javassist/src/test/test4/JIRA181.java
196,/home/runner/work/javassist/javassist/src/test/test4/JIRA181b.java
197,/home/runner/work/javassist/javassist/src/test/test4/JIRA186.java
198,/home/runner/work/javassist/javassist/src/test/test4/JIRA195.java
199,/home/runner/work/javassist/javassist/src/test/test4/JIRA207.java
200,/home/runner/work/javassist/javassist/src/test/test4/JIRA212.java
201,/home/runner/work/javassist/javassist/src/test/test4/JIRA220.java
202,/home/runner/work/javassist/javassist/src/test/test4/JIRA93.java
203,/home/runner/work/javassist/javassist/src/test/test4/LocalVars.java
204,/home/runner/work/javassist/javassist/src/test/test4/Lvtt.java
205,/home/runner/work/javassist/javassist/src/test/test5/InvalidCastDollar.java
206,/home/runner/work/javassist/javassist/src/test/test5/Issue155.java
207,/home/runner/work/javassist/javassist/src/test/test5/JIRA241.java
208,/home/runner/work/javassist/javassist/src/test/test5/JIRA242.java
209,/home/runner/work/javassist/javassist/src/test/testproxy/ProxyTester.java
210,/home/runner/work/javassist/javassist/src/test/testproxy/Target.java
211,/home/runner/work/javassist/javassist/src/test/testproxy/Target1.java
212,/home/runner/work/javassist/javassist/src/test/testproxy/Target127.java
213,/home/runner/work/javassist/javassist/src/test/testproxy/Target189.java
214,/home/runner/work/javassist/javassist/src/test/testproxy/Target2.java
215,/home/runner/work/javassist/javassist/src/test/testproxy/Target3.java
216,/home/runner/work/javassist/javassist/src/test/testproxy/Target4.java
217,/home/runner/work/javassist/javassist/src/test/testproxy/Target5.java
218,/home/runner/work/javassist/javassist/src/test/testproxy/TargetInit.java
219,/home/runner/work/javassist/javassist/src/test/testproxy/sub/TargetSuper.java
220,/home/runner/work/javassist/javassist/tutorial/tutorial3.html
221,/home/runner/work/javassist/javassist/src/test/testproxy/ProxyFactoryPerformanceTest.java
222,/home/runner/work/javassist/javassist/src/test/testproxy/BridgeMethod.java
223,/home/runner/work/javassist/javassist/src/test/test5/VarArgsMethod.java
224,/home/runner/work/javassist/javassist/src/test/test5/NestHost2.java
225,/home/runner/work/javassist/javassist/src/test/test5/JIRA246.java
226,/home/runner/work/javassist/javassist/src/test/test5/JIRA248.java
227,/home/runner/work/javassist/javassist/src/test/test5/JIRA250Super.java
228,/home/runner/work/javassist/javassist/src/test/test5/JIRA250Super2.java
229,/home/runner/work/javassist/javassist/src/test/test5/JavassistInvalidCastTest.java
230,/home/runner/work/javassist/javassist/src/test/test5/NestHost.java
231,/home/runner/work/javassist/javassist/src/test/test5/NestHost3.java
232,/home/runner/work/javassist/javassist/src/test/test5/TypeAnnoA.java
233,/home/runner/work/javassist/javassist/src/test/test5/NestHost4.java
234,/home/runner/work/javassist/javassist/src/test/test5/ProceedDefault.java
235,/home/runner/work/javassist/javassist/src/test/test5/RemoveAnnotation.java
236,/home/runner/work/javassist/javassist/src/test/test5/StackmapWithArray83.java
237,/home/runner/work/javassist/javassist/src/test/test5/SwitchCase.java
238,/home/runner/work/javassist/javassist/src/test/test5/TypeAnno.java
239,/home/runner/work/javassist/javassist/src/test/test4/GetFieldDesc.java
240,/home/runner/work/javassist/javassist/src/test/test4/GetAllRefInnerTest.java
241,/home/runner/work/javassist/javassist/src/test/test4/GetAllRefEnum2.java
242,/home/runner/work/javassist/javassist/src/test/test3/Mods.java
243,/home/runner/work/javassist/javassist/src/test/test3/FieldCopy.java
244,/home/runner/work/javassist/javassist/src/test/test3/Frozen.java
245,/home/runner/work/javassist/javassist/src/test/test3/GetMethods.java
246,/home/runner/work/javassist/javassist/src/test/test3/InheritCons.java
247,/home/runner/work/javassist/javassist/src/test/test3/InnerClass.java
248,/home/runner/work/javassist/javassist/src/test/test3/InnerMethod.java
249,/home/runner/work/javassist/javassist/src/test/test3/InsParam.java
250,/home/runner/work/javassist/javassist/src/test/test3/InsertAfter.java
251,/home/runner/work/javassist/javassist/src/test/test3/InsertBeforeType.java
252,/home/runner/work/javassist/javassist/src/test/test3/InvokeArray.java
253,/home/runner/work/javassist/javassist/src/test/test3/InvokeIntf.java
254,/home/runner/work/javassist/javassist/src/test/test3/JIRA63.java
255,/home/runner/work/javassist/javassist/src/test/test3/JIRA63Helper.java
256,/home/runner/work/javassist/javassist/src/test/test3/MethodRedirect.java
257,/home/runner/work/javassist/javassist/src/test/test3/MethodRedirect2.java
258,/home/runner/work/javassist/javassist/src/test/test3/FieldAccessType.java
259,/home/runner/work/javassist/javassist/src/test/test3/Erasure.java
260,/home/runner/work/javassist/javassist/src/test/test3/Enhancer.java
261,/home/runner/work/javassist/javassist/src/test/test3/CheckModify.java
262,/home/runner/work/javassist/javassist/src/test/test3/Anno.java
263,/home/runner/work/javassist/javassist/src/test/test3/Anno2.java
264,/home/runner/work/javassist/javassist/src/test/test3/Anno3.java
265,/home/runner/work/javassist/javassist/src/test/test3/Anno6.java
266,/home/runner/work/javassist/javassist/src/test/test3/AnnoTest.java
267,/home/runner/work/javassist/javassist/src/test/test3/AnnoTest6.java
268,/home/runner/work/javassist/javassist/src/test/test3/ChibaAnnotation.java
269,/home/runner/work/javassist/javassist/src/test/test3/EmptyConstructor.java
270,/home/runner/work/javassist/javassist/src/test/test3/ColorName.java
271,/home/runner/work/javassist/javassist/src/test/test3/Constructor.java
272,/home/runner/work/javassist/javassist/src/test/test3/Constructor2.java
273,/home/runner/work/javassist/javassist/src/test/javassist/bytecode/SignatureAttributeTest.java
274,/home/runner/work/javassist/javassist/src/test/test3/DefineClassCapability.java
275,/home/runner/work/javassist/javassist/src/test/test3/EmptyCatch.java
276,/home/runner/work/javassist/javassist/src/test/test3/MethodRedirectToStatic.java
277,/home/runner/work/javassist/javassist/src/test/test3/Name.java
278,/home/runner/work/javassist/javassist/src/test/test4/GetAllRefAnno2.java
279,/home/runner/work/javassist/javassist/src/test/test3/NestedClass.java
280,/home/runner/work/javassist/javassist/src/test/test3/VoidReturn.java
281,/home/runner/work/javassist/javassist/src/test/test3/sub/Visible.java
282,/home/runner/work/javassist/javassist/src/test/test4/Aaload.java
283,/home/runner/work/javassist/javassist/src/test/test4/AfterTest.java
284,/home/runner/work/javassist/javassist/src/test/test4/Anno.java
285,/home/runner/work/javassist/javassist/src/test/test4/Anno1.java
286,/home/runner/work/javassist/javassist/src/test/test4/AnnoArg.java
287,/home/runner/work/javassist/javassist/src/test/test4/AnnoLoad.java
288,/home/runner/work/javassist/javassist/src/test/test4/CodeConv.java
289,/home/runner/work/javassist/javassist/src/test/test4/CodeConv2.java
290,/home/runner/work/javassist/javassist/src/test/test4/CtArrayTest.java
291,/home/runner/work/javassist/javassist/src/test/test4/DeclMethodsList.java
292,/home/runner/work/javassist/javassist/src/test/test4/DefineClassCapability.java
293,/home/runner/work/javassist/javassist/src/test/test4/GapSwitch.java
294,/home/runner/work/javassist/javassist/src/test/test4/GetAllRef.java
295,/home/runner/work/javassist/javassist/src/test/test3/VisibleAnno.java
296,/home/runner/work/javassist/javassist/src/test/test3/Visible.java
297,/home/runner/work/javassist/javassist/src/test/test3/Unique.java
298,/home/runner/work/javassist/javassist/src/test/test3/RecReplace2.java
299,/home/runner/work/javassist/javassist/src/test/test3/NewClass2.java
300,/home/runner/work/javassist/javassist/src/test/test3/NewExprTryCatch.java
301,/home/runner/work/javassist/javassist/src/test/test3/PackName.java
302,/home/runner/work/javassist/javassist/src/test/test3/ParamAnno.java
303,/home/runner/work/javassist/javassist/src/test/test3/PublicInner.java
304,/home/runner/work/javassist/javassist/src/test/test3/RecReplace.java
305,/home/runner/work/javassist/javassist/src/test/test3/ReplaceNew.java
306,/home/runner/work/javassist/javassist/src/test/test3/TransformRead.java
307,/home/runner/work/javassist/javassist/src/test/test3/SetModifiers.java
308,/home/runner/work/javassist/javassist/src/test/test3/SigAttribute.java
309,/home/runner/work/javassist/javassist/src/test/test3/StrBuild.java
310,/home/runner/work/javassist/javassist/src/test/test3/SubValue.java
311,/home/runner/work/javassist/javassist/src/test/test3/Superclass.java
312,/home/runner/work/javassist/javassist/src/test/test3/TransNewClass.java
313,/home/runner/work/javassist/javassist/src/test/test3/CopyAnno.java
314,/home/runner/work/javassist/javassist/src/test/VisibleTop.java
315,/home/runner/work/javassist/javassist/src/test/javassist/bytecode/InsertGap0.java
316,/home/runner/work/javassist/javassist/src/main/javassist/bytecode/ExceptionTable.java
317,/home/runner/work/javassist/javassist/src/main/javassist/bytecode/CodeAnalyzer.java
318,/home/runner/work/javassist/javassist/src/main/javassist/bytecode/CodeAttribute.java
319,/home/runner/work/javassist/javassist/src/main/javassist/bytecode/ConstantAttribute.java
320,/home/runner/work/javassist/javassist/src/main/javassist/bytecode/DeprecatedAttribute.java
321,/home/runner/work/javassist/javassist/src/main/javassist/bytecode/DuplicateMemberException.java
322,/home/runner/work/javassist/javassist/src/main/javassist/bytecode/EnclosingMethodAttribute.java
323,/home/runner/work/javassist/javassist/src/main/javassist/bytecode/ExceptionsAttribute.java
324,/home/runner/work/javassist/javassist/src/main/javassist/bytecode/ByteStream.java
325,/home/runner/work/javassist/javassist/src/main/javassist/bytecode/FieldInfo.java
326,/home/runner/work/javassist/javassist/src/main/javassist/bytecode/InnerClassesAttribute.java
327,/home/runner/work/javassist/javassist/src/main/javassist/bytecode/InstructionPrinter.java
328,/home/runner/work/javassist/javassist/src/main/javassist/bytecode/LineNumberAttribute.java
329,/home/runner/work/javassist/javassist/src/main/javassist/bytecode/LocalVariableAttribute.java
330,/home/runner/work/javassist/javassist/src/main/javassist/bytecode/LocalVariableTypeAttribute.java
331,/home/runner/work/javassist/javassist/src/main/javassist/bytecode/ClassFilePrinter.java
332,/home/runner/work/javassist/javassist/src/main/javassist/bytecode/ByteArray.java
333,/home/runner/work/javassist/javassist/src/main/javassist/bytecode/MethodInfo.java
334,/home/runner/work/javassist/javassist/src/main/javassist/NotFoundException.java
335,/home/runner/work/javassist/javassist/src/main/javassist/CtNewWrappedConstructor.java
336,/home/runner/work/javassist/javassist/src/main/javassist/CtNewWrappedMethod.java
337,/home/runner/work/javassist/javassist/src/main/javassist/CtPrimitiveType.java
338,/home/runner/work/javassist/javassist/src/main/javassist/Loader.java
339,/home/runner/work/javassist/javassist/src/main/javassist/LoaderClassPath.java
340,/home/runner/work/javassist/javassist/src/main/javassist/Modifier.java
341,/home/runner/work/javassist/javassist/src/main/javassist/SerialVersionUID.java
342,/home/runner/work/javassist/javassist/src/main/javassist/bytecode/BootstrapMethodsAttribute.java
343,/home/runner/work/javassist/javassist/src/main/javassist/Translator.java
344,/home/runner/work/javassist/javassist/src/main/javassist/URLClassPath.java
345,/home/runner/work/javassist/javassist/src/main/javassist/bytecode/AccessFlag.java
346,/home/runner/work/javassist/javassist/src/main/javassist/bytecode/AnnotationDefaultAttribute.java
347,/home/runner/work/javassist/javassist/src/main/javassist/bytecode/AttributeInfo.java
348,/home/runner/work/javassist/javassist/src/main/javassist/bytecode/BadBytecode.java
349,/home/runner/work/javassist/javassist/src/main/javassist/bytecode/LongVector.java
350,/home/runner/work/javassist/javassist/src/main/javassist/bytecode/MethodParametersAttribute.java
351,/home/runner/work/javassist/javassist/src/test/javassist/bytecode/Gap0Example.class
352,/home/runner/work/javassist/javassist/src/main/javassist/bytecode/annotation/ArrayMemberValue.java
353,/home/runner/work/javassist/javassist/src/main/javassist/bytecode/analysis/Util.java
354,/home/runner/work/javassist/javassist/src/main/javassist/bytecode/analysis/package.html
355,/home/runner/work/javassist/javassist/src/main/javassist/bytecode/annotation/Annotation.java
356,/home/runner/work/javassist/javassist/src/main/javassist/bytecode/annotation/AnnotationImpl.java
357,/home/runner/work/javassist/javassist/src/main/javassist/bytecode/annotation/AnnotationMemberValue.java
358,/home/runner/work/javassist/javassist/src/main/javassist/bytecode/annotation/AnnotationsWriter.java
359,/home/runner/work/javassist/javassist/src/main/javassist/bytecode/annotation/BooleanMemberValue.java
360,/home/runner/work/javassist/javassist/src/main/javassist/bytecode/analysis/SubroutineScanner.java
361,/home/runner/work/javassist/javassist/src/main/javassist/bytecode/annotation/ByteMemberValue.java
362,/home/runner/work/javassist/javassist/src/main/javassist/bytecode/annotation/CharMemberValue.java
363,/home/runner/work/javassist/javassist/src/main/javassist/bytecode/annotation/ClassMemberValue.java
364,/home/runner/work/javassist/javassist/src/main/javassist/bytecode/annotation/DoubleMemberValue.java
365,/home/runner/work/javassist/javassist/src/main/javassist/bytecode/annotation/EnumMemberValue.java
366,/home/runner/work/javassist/javassist/src/main/javassist/bytecode/annotation/FloatMemberValue.java
367,/home/runner/work/javassist/javassist/src/main/javassist/bytecode/analysis/Type.java
368,/home/runner/work/javassist/javassist/src/main/javassist/bytecode/analysis/Subroutine.java
369,/home/runner/work/javassist/javassist/src/main/javassist/bytecode/Mnemonic.java
370,/home/runner/work/javassist/javassist/src/main/javassist/bytecode/SyntheticAttribute.java
371,/home/runner/work/javassist/javassist/src/main/javassist/bytecode/NestHostAttribute.java
372,/home/runner/work/javassist/javassist/src/main/javassist/bytecode/NestMembersAttribute.java
373,/home/runner/work/javassist/javassist/src/main/javassist/bytecode/Opcode.java
374,/home/runner/work/javassist/javassist/src/main/javassist/bytecode/ParameterAnnotationsAttribute.java
375,/home/runner/work/javassist/javassist/src/main/javassist/bytecode/SourceFileAttribute.java
376,/home/runner/work/javassist/javassist/src/main/javassist/bytecode/StackMap.java
377,/home/runner/work/javassist/javassist/src/main/javassist/bytecode/TypeAnnotationsAttribute.java
378,/home/runner/work/javassist/javassist/src/main/javassist/bytecode/analysis/MultiType.java
379,/home/runner/work/javassist/javassist/src/main/javassist/bytecode/analysis/Analyzer.java
380,/home/runner/work/javassist/javassist/src/main/javassist/bytecode/analysis/ControlFlow.java
381,/home/runner/work/javassist/javassist/src/main/javassist/bytecode/analysis/Frame.java
382,/home/runner/work/javassist/javassist/src/main/javassist/bytecode/analysis/FramePrinter.java
383,/home/runner/work/javassist/javassist/src/main/javassist/bytecode/analysis/IntQueue.java
384,/home/runner/work/javassist/javassist/src/main/javassist/bytecode/analysis/MultiArrayType.java
385,/home/runner/work/javassist/javassist/src/main/javassist/CtNewMethod.java
386,/home/runner/work/javassist/javassist/src/main/javassist/CtNewConstructor.java
387,/home/runner/work/javassist/javassist/src/main/javassist/CtNewClass.java
388,/home/runner/work/javassist/javassist/build.xml
389,/home/runner/work/javassist/javassist/.github/workflows/maven.yml
390,/home/runner/work/javassist/javassist/.gitignore
391,/home/runner/work/javassist/javassist/Changes.md
392,/home/runner/work/javassist/javassist/Examples.md
393,/home/runner/work/javassist/javassist/README.md
394,/home/runner/work/javassist/javassist/pom.xml
395,/home/runner/work/javassist/javassist/sample/Test.java
396,/home/runner/work/javassist/javassist/sample/duplicate/Ball.java
397,/home/runner/work/javassist/javassist/sample/duplicate/DuplicatedObject.java
398,/home/runner/work/javassist/javassist/sample/duplicate/Main.java
399,/home/runner/work/javassist/javassist/sample/duplicate/Viewer.java
400,/home/runner/work/javassist/javassist/sample/evolve/CannotUpdateException.java
401,/home/runner/work/javassist/javassist/src/main/javassist/CtMethod.java
402,/home/runner/work/javassist/javassist/sample/evolve/DemoLoader.java
403,/home/runner/work/javassist/javassist/sample/evolve/DemoServer.java
404,/home/runner/work/javassist/javassist/sample/evolve/Evolution.java
405,/home/runner/work/javassist/javassist/src/main/javassist/CannotCompileException.java
406,/home/runner/work/javassist/javassist/sample/rmi/webdemo.html
407,/home/runner/work/javassist/javassist/sample/vector/Sample.java
408,/home/runner/work/javassist/javassist/sample/vector/Sample2.java
409,/home/runner/work/javassist/javassist/sample/vector/Test.j
410,/home/runner/work/javassist/javassist/sample/vector/VectorAssistant.java
411,/home/runner/work/javassist/javassist/src/main/javassist/ByteArrayClassPath.java
412,/home/runner/work/javassist/javassist/src/main/javassist/ClassClassPath.java
413,/home/runner/work/javassist/javassist/sample/evolve/Sample.java
414,/home/runner/work/javassist/javassist/src/main/javassist/ClassMap.java
415,/home/runner/work/javassist/javassist/src/main/javassist/ClassPath.java
416,/home/runner/work/javassist/javassist/src/main/javassist/ClassPoolTail.java
417,/home/runner/work/javassist/javassist/src/main/javassist/CtArray.java
418,/home/runner/work/javassist/javassist/src/main/javassist/CtConstructor.java
419,/home/runner/work/javassist/javassist/src/main/javassist/CtMember.java
420,/home/runner/work/javassist/javassist/sample/rmi/start.html
421,/home/runner/work/javassist/javassist/sample/rmi/inside.gif
422,/home/runner/work/javassist/javassist/sample/rmi/Counter.java
423,/home/runner/work/javassist/javassist/sample/rmi/CountApplet.java
424,/home/runner/work/javassist/javassist/sample/rmi/AlertDialog.java
425,/home/runner/work/javassist/javassist/sample/reflect/VerboseMetaobj.java
426,/home/runner/work/javassist/javassist/sample/reflect/Person.java
427,/home/runner/work/javassist/javassist/sample/reflect/Main.java
428,/home/runner/work/javassist/javassist/sample/preproc/package.html
429,/home/runner/work/javassist/javassist/sample/preproc/Compiler.java
430,/home/runner/work/javassist/javassist/sample/preproc/Assistant.java
431,/home/runner/work/javassist/javassist/sample/hotswap/Test.java
432,/home/runner/work/javassist/javassist/sample/evolve/update.html
433,/home/runner/work/javassist/javassist/sample/evolve/start.html
434,/home/runner/work/javassist/javassist/sample/evolve/demo.html
435,/home/runner/work/javassist/javassist/sample/evolve/WebPage.java
436,/home/runner/work/javassist/javassist/sample/evolve/VersionManager.java
437,/home/runner/work/javassist/javassist/src/main/javassist/bytecode/annotation/IntegerMemberValue.java
438,/home/runner/work/javassist/javassist/src/main/javassist/bytecode/annotation/LongMemberValue.java
439,/home/runner/work/javassist/javassist/src/main/javassist/bytecode/annotation/MemberValue.java
440,/home/runner/work/javassist/javassist/src/main/javassist/tools/rmi/AppletServer.java
441,/home/runner/work/javassist/javassist/src/main/javassist/tools/reflect/Loader.java
442,/home/runner/work/javassist/javassist/src/main/javassist/tools/reflect/Metalevel.java
443,/home/runner/work/javassist/javassist/src/main/javassist/tools/reflect/Metaobject.java
444,/home/runner/work/javassist/javassist/src/main/javassist/tools/reflect/Reflection.java
445,/home/runner/work/javassist/javassist/src/main/javassist/tools/reflect/Sample.java
446,/home/runner/work/javassist/javassist/src/main/javassist/tools/reflect/package.html
447,/home/runner/work/javassist/javassist/src/main/javassist/tools/rmi/ObjectImporter.java
448,/home/runner/work/javassist/javassist/src/main/javassist/tools/reflect/ClassMetaobject.java
449,/home/runner/work/javassist/javassist/src/main/javassist/tools/rmi/ObjectNotFoundException.java
450,/home/runner/work/javassist/javassist/src/main/javassist/tools/rmi/Proxy.java
451,/home/runner/work/javassist/javassist/src/main/javassist/tools/rmi/RemoteException.java
452,/home/runner/work/javassist/javassist/src/main/javassist/tools/rmi/RemoteRef.java
453,/home/runner/work/javassist/javassist/src/main/javassist/tools/rmi/Sample.java
454,/home/runner/work/javassist/javassist/src/main/javassist/tools/rmi/StubGenerator.java
455,/home/runner/work/javassist/javassist/src/main/javassist/tools/reflect/Compiler.java
456,/home/runner/work/javassist/javassist/src/main/javassist/tools/reflect/CannotReflectException.java
457,/home/runner/work/javassist/javassist/src/main/javassist/runtime/Desc.java
458,/home/runner/work/javassist/javassist/src/main/javassist/scopedpool/ScopedClassPoolRepositoryImpl.java
459,/home/runner/work/javassist/javassist/src/main/javassist/runtime/Inner.java
460,/home/runner/work/javassist/javassist/src/main/javassist/runtime/package.html
461,/home/runner/work/javassist/javassist/src/main/javassist/scopedpool/ScopedClassPool.java
462,/home/runner/work/javassist/javassist/src/main/javassist/scopedpool/ScopedClassPoolFactory.java
463,/home/runner/work/javassist/javassist/src/main/javassist/scopedpool/ScopedClassPoolFactoryImpl.java
464,/home/runner/work/javassist/javassist/src/main/javassist/scopedpool/ScopedClassPoolRepository.java
465,/home/runner/work/javassist/javassist/src/main/javassist/scopedpool/SoftValueHashMap.java
466,/home/runner/work/javassist/javassist/src/main/javassist/tools/reflect/CannotInvokeException.java
467,/home/runner/work/javassist/javassist/src/main/javassist/scopedpool/package.html
468,/home/runner/work/javassist/javassist/src/main/javassist/tools/Callback.java
469,/home/runner/work/javassist/javassist/src/main/javassist/tools/Dump.java
470,/home/runner/work/javassist/javassist/src/main/javassist/tools/framedump.java
471,/home/runner/work/javassist/javassist/src/main/javassist/tools/package.html
472,/home/runner/work/javassist/javassist/src/main/javassist/tools/reflect/CannotCreateException.java
473,/home/runner/work/javassist/javassist/src/main/javassist/tools/rmi/package.html
474,/home/runner/work/javassist/javassist/src/main/javassist/tools/web/BadHttpRequest.java
475,/home/runner/work/javassist/javassist/src/main/javassist/tools/web/Viewer.java
476,/home/runner/work/javassist/javassist/src/test/javassist/Bench.java
477,/home/runner/work/javassist/javassist/src/test/Jassist150.java
478,/home/runner/work/javassist/javassist/src/test/Readme.txt
479,/home/runner/work/javassist/javassist/src/test/Test.java
480,/home/runner/work/javassist/javassist/src/test/VisibleTop2.java
481,/home/runner/work/javassist/javassist/src/test/annotation/Test.java
482,/home/runner/work/javassist/javassist/src/test/javassist/ClassPoolBench.java
483,/home/runner/work/javassist/javassist/src/main/javassist/tools/web/Webserver.java
484,/home/runner/work/javassist/javassist/src/test/javassist/ConcurrentClassDefinitionTest.java
485,/home/runner/work/javassist/javassist/src/test/javassist/HotswapTest.java
486,/home/runner/work/javassist/javassist/src/test/javassist/JvstTestRoot.java
487,/home/runner/work/javassist/javassist/src/test/javassist/LoaderTestByRandall.java
488,/home/runner/work/javassist/javassist/src/test/javassist/SetterTest.java
489,/home/runner/work/javassist/javassist/src/test/javassist/bytecode/CodeAnalyzerTest.java
490,/home/runner/work/javassist/javassist/src/main/javassist/util/proxy/package.html
491,/home/runner/work/javassist/javassist/src/main/javassist/util/proxy/SerializedProxy.java
492,/home/runner/work/javassist/javassist/src/main/javassist/util/proxy/SecurityActions.java
493,/home/runner/work/javassist/javassist/src/main/javassist/util/proxy/RuntimeSupport.java
494,/home/runner/work/javassist/javassist/src/main/javassist/util/proxy/ProxyObjectOutputStream.java
495,/home/runner/work/javassist/javassist/src/main/javassist/util/proxy/ProxyObjectInputStream.java
496,/home/runner/work/javassist/javassist/src/main/javassist/util/proxy/ProxyObject.java
497,/home/runner/work/javassist/javassist/src/main/javassist/util/proxy/Proxy.java
498,/home/runner/work/javassist/javassist/src/main/javassist/util/proxy/MethodHandler.java
499,/home/runner/work/javassist/javassist/src/main/javassist/util/proxy/MethodFilter.java
500,/home/runner/work/javassist/javassist/src/main/javassist/util/proxy/FactoryHelper.java
501,/home/runner/work/javassist/javassist/src/main/javassist/util/proxy/DefinePackageHelper.java
502,/home/runner/work/javassist/javassist/src/main/javassist/util/proxy/DefineClassHelper.java
503,/home/runner/work/javassist/javassist/src/main/javassist/util/package.html
504,/home/runner/work/javassist/javassist/src/main/javassist/util/HotSwapper.java
505,/home/runner/work/javassist/javassist/src/main/javassist/util/HotSwapAgent.java
506,/home/runner/work/javassist/javassist/src/main/javassist/tools/web/package.html
507,/home/runner/work/javassist/javassist/src/main/javassist/runtime/DotClass.java
508,/home/runner/work/javassist/javassist/src/main/javassist/runtime/Cflow.java
509,/home/runner/work/javassist/javassist/src/main/javassist/bytecode/annotation/MemberValueVisitor.java
510,/home/runner/work/javassist/javassist/src/main/javassist/compiler/ast/AssignExpr.java
511,/home/runner/work/javassist/javassist/src/main/javassist/compiler/SymbolTable.java
512,/home/runner/work/javassist/javassist/src/main/javassist/compiler/SyntaxError.java
513,/home/runner/work/javassist/javassist/src/main/javassist/compiler/TokenId.java
514,/home/runner/work/javassist/javassist/src/main/javassist/compiler/ast/ASTList.java
515,/home/runner/work/javassist/javassist/src/main/javassist/compiler/ast/ASTree.java
516,/home/runner/work/javassist/javassist/src/main/javassist/compiler/ast/ArrayInit.java
517,/home/runner/work/javassist/javassist/src/main/javassist/compiler/ast/BinExpr.java
518,/home/runner/work/javassist/javassist/src/main/javassist/compiler/NoFieldException.java
519,/home/runner/work/javassist/javassist/src/main/javassist/compiler/ast/CallExpr.java
520,/home/runner/work/javassist/javassist/src/main/javassist/compiler/ast/CastExpr.java
521,/home/runner/work/javassist/javassist/src/main/javassist/compiler/ast/CondExpr.java
522,/home/runner/work/javassist/javassist/src/main/javassist/compiler/ast/Declarator.java
523,/home/runner/work/javassist/javassist/src/main/javassist/compiler/ast/DoubleConst.java
524,/home/runner/work/javassist/javassist/src/main/javassist/compiler/ast/Expr.java
525,/home/runner/work/javassist/javassist/src/main/javassist/compiler/ProceedHandler.java
526,/home/runner/work/javassist/javassist/src/main/javassist/compiler/MemberResolver.java
527,/home/runner/work/javassist/javassist/src/main/javassist/package.html
528,/home/runner/work/javassist/javassist/src/main/javassist/bytecode/stackmap/BasicBlock.java
529,/home/runner/work/javassist/javassist/src/main/javassist/bytecode/annotation/NoSuchClassError.java
530,/home/runner/work/javassist/javassist/src/main/javassist/bytecode/annotation/ShortMemberValue.java
531,/home/runner/work/javassist/javassist/src/main/javassist/bytecode/annotation/StringMemberValue.java
532,/home/runner/work/javassist/javassist/src/main/javassist/bytecode/annotation/TypeAnnotationsWriter.java
533,/home/runner/work/javassist/javassist/src/main/javassist/bytecode/annotation/package.html
534,/home/runner/work/javassist/javassist/src/main/javassist/bytecode/package.html
535,/home/runner/work/javassist/javassist/src/main/javassist/bytecode/stackmap/MapMaker.java
536,/home/runner/work/javassist/javassist/src/main/javassist/compiler/Lex.java
537,/home/runner/work/javassist/javassist/src/main/javassist/bytecode/stackmap/TypeTag.java
538,/home/runner/work/javassist/javassist/src/main/javassist/bytecode/stackmap/TypedBlock.java
539,/home/runner/work/javassist/javassist/src/main/javassist/compiler/AccessorMaker.java
540,/home/runner/work/javassist/javassist/src/main/javassist/compiler/CompileError.java
541,/home/runner/work/javassist/javassist/src/main/javassist/compiler/JvstTypeChecker.java
542,/home/runner/work/javassist/javassist/src/main/javassist/compiler/KeywordTable.java
543,/home/runner/work/javassist/javassist/src/main/javassist/compiler/ast/FieldDecl.java
544,/home/runner/work/javassist/javassist/src/main/javassist/compiler/ast/InstanceOfExpr.java
545,/home/runner/work/javassist/javassist/src/main/javassist/compiler/ast/IntConst.java
546,/home/runner/work/javassist/javassist/src/main/javassist/expr/ExprEditor.java
547,/home/runner/work/javassist/javassist/src/main/javassist/convert/TransformReadField.java
548,/home/runner/work/javassist/javassist/src/main/javassist/convert/TransformWriteField.java
549,/home/runner/work/javassist/javassist/src/main/javassist/convert/Transformer.java
550,/home/runner/work/javassist/javassist/src/main/javassist/expr/Cast.java
551,/home/runner/work/javassist/javassist/src/main/javassist/expr/ConstructorCall.java
552,/home/runner/work/javassist/javassist/src/main/javassist/expr/Expr.java
553,/home/runner/work/javassist/javassist/src/main/javassist/expr/FieldAccess.java
554,/home/runner/work/javassist/javassist/src/main/javassist/compiler/ast/Keyword.java
555,/home/runner/work/javassist/javassist/src/main/javassist/expr/Handler.java
556,/home/runner/work/javassist/javassist/src/main/javassist/expr/Instanceof.java
557,/home/runner/work/javassist/javassist/src/main/javassist/expr/MethodCall.java
558,/home/runner/work/javassist/javassist/src/main/javassist/expr/NewArray.java
559,/home/runner/work/javassist/javassist/src/main/javassist/expr/NewExpr.java
560,/home/runner/work/javassist/javassist/src/main/javassist/expr/package.html
561,/home/runner/work/javassist/javassist/src/main/javassist/convert/TransformNewClass.java
562,/home/runner/work/javassist/javassist/src/main/javassist/convert/TransformNew.java
563,/home/runner/work/javassist/javassist/src/main/javassist/convert/TransformFieldAccess.java
564,/home/runner/work/javassist/javassist/src/main/javassist/convert/TransformCallToStatic.java
565,/home/runner/work/javassist/javassist/src/main/javassist/convert/TransformCall.java
566,/home/runner/work/javassist/javassist/src/main/javassist/convert/TransformBefore.java
567,/home/runner/work/javassist/javassist/src/main/javassist/convert/TransformAfter.java
568,/home/runner/work/javassist/javassist/src/main/javassist/convert/TransformAccessArrayField.java
569,/home/runner/work/javassist/javassist/src/main/javassist/compiler/ast/Visitor.java
570,/home/runner/work/javassist/javassist/src/main/javassist/compiler/ast/Variable.java
571,/home/runner/work/javassist/javassist/src/main/javassist/compiler/ast/Symbol.java
572,/home/runner/work/javassist/javassist/src/main/javassist/compiler/ast/StringL.java
573,/home/runner/work/javassist/javassist/src/main/javassist/compiler/ast/Stmnt.java
574,/home/runner/work/javassist/javassist/src/main/javassist/compiler/ast/Pair.java
575,/home/runner/work/javassist/javassist/src/main/javassist/compiler/ast/NewExpr.java
576,/home/runner/work/javassist/javassist/src/main/javassist/compiler/ast/MethodDecl.java
577,/home/runner/work/javassist/javassist/src/main/javassist/compiler/ast/Member.java
