,file_name
43,/home/runner/work/javassist/javassist/target/test-classes/javassist/compiler/ParseTest.class
56,/home/runner/work/javassist/javassist/target/test-classes/test/javassist/bytecode/analysis/ScannerTest.class
57,/home/runner/work/javassist/javassist/target/test-classes/test1/RenameClass2.class
63,/home/runner/work/javassist/javassist/target/test-classes/scoped/jar1/ScopedAnnotationDefaultUsage.class
66,/home/runner/work/javassist/javassist/target/test-classes/test/javassist/convert/InstrumentationTarget$Itr.class
97,/home/runner/work/javassist/javassist/target/surefire-reports/javassist.JvstTest.txt
104,/home/runner/work/javassist/javassist/target/runtest/testproxy/BridgeMethod_$$_jvst489_7.class
