,file_name
10,/home/runner/work/javassist/javassist/tutorial/tutorial.html
11,/home/runner/work/javassist/javassist/tutorial/tutorial2.html
14,/home/runner/work/javassist/javassist/License.html
140,/home/runner/work/javassist/javassist/tutorial/tutorial3.html
144,/home/runner/work/javassist/javassist/src/test/Readme.txt
145,/home/runner/work/javassist/javassist/sample/vector/VectorAssistant.java
146,/home/runner/work/javassist/javassist/sample/vector/Test.j
147,/home/runner/work/javassist/javassist/sample/vector/Sample2.java
149,/home/runner/work/javassist/javassist/sample/rmi/webdemo.html
150,/home/runner/work/javassist/javassist/sample/rmi/start.html
151,/home/runner/work/javassist/javassist/sample/rmi/inside.gif
152,/home/runner/work/javassist/javassist/sample/rmi/Counter.java
153,/home/runner/work/javassist/javassist/sample/rmi/CountApplet.java
154,/home/runner/work/javassist/javassist/sample/reflect/VerboseMetaobj.java
155,/home/runner/work/javassist/javassist/sample/reflect/Person.java
157,/home/runner/work/javassist/javassist/src/test/javassist/bytecode/Gap0Example.class
159,/home/runner/work/javassist/javassist/sample/preproc/package.html
160,/home/runner/work/javassist/javassist/sample/preproc/Compiler.java
164,/home/runner/work/javassist/javassist/.github/workflows/maven.yml
165,/home/runner/work/javassist/javassist/.gitignore
166,/home/runner/work/javassist/javassist/sample/hotswap/Test.java
167,/home/runner/work/javassist/javassist/sample/evolve/update.html
168,/home/runner/work/javassist/javassist/sample/evolve/start.html
169,/home/runner/work/javassist/javassist/sample/evolve/demo.html
170,/home/runner/work/javassist/javassist/sample/evolve/WebPage.java
171,/home/runner/work/javassist/javassist/sample/evolve/VersionManager.java
172,/home/runner/work/javassist/javassist/sample/evolve/Sample.java
173,/home/runner/work/javassist/javassist/sample/evolve/Evolution.java
174,/home/runner/work/javassist/javassist/sample/evolve/DemoServer.java
175,/home/runner/work/javassist/javassist/sample/evolve/DemoLoader.java
176,/home/runner/work/javassist/javassist/sample/evolve/CannotUpdateException.java
178,/home/runner/work/javassist/javassist/sample/duplicate/Viewer.java
179,/home/runner/work/javassist/javassist/sample/duplicate/Main.java
180,/home/runner/work/javassist/javassist/sample/duplicate/DuplicatedObject.java
182,/home/runner/work/javassist/javassist/build.xml
183,/home/runner/work/javassist/javassist/README.md
184,/home/runner/work/javassist/javassist/Examples.md
185,/home/runner/work/javassist/javassist/Changes.md
