,file_name
7,/home/runner/work/javassist/javassist/tutorial/tutorial2.html
8,/home/runner/work/javassist/javassist/tutorial/tutorial.html
14,/home/runner/work/javassist/javassist/License.html
142,/home/runner/work/javassist/javassist/tutorial/tutorial3.html
144,/home/runner/work/javassist/javassist/src/test/javassist/bytecode/Gap0Example.class
146,/home/runner/work/javassist/javassist/src/test/Readme.txt
147,/home/runner/work/javassist/javassist/sample/vector/VectorAssistant.java
148,/home/runner/work/javassist/javassist/sample/vector/Test.j
149,/home/runner/work/javassist/javassist/sample/vector/Sample2.java
150,/home/runner/work/javassist/javassist/sample/rmi/webdemo.html
151,/home/runner/work/javassist/javassist/sample/rmi/start.html
152,/home/runner/work/javassist/javassist/sample/rmi/inside.gif
153,/home/runner/work/javassist/javassist/sample/rmi/Counter.java
158,/home/runner/work/javassist/javassist/sample/rmi/CountApplet.java
159,/home/runner/work/javassist/javassist/sample/reflect/VerboseMetaobj.java
161,/home/runner/work/javassist/javassist/.github/workflows/maven.yml
162,/home/runner/work/javassist/javassist/.gitignore
163,/home/runner/work/javassist/javassist/sample/reflect/Person.java
164,/home/runner/work/javassist/javassist/sample/evolve/Evolution.java
165,/home/runner/work/javassist/javassist/sample/preproc/package.html
166,/home/runner/work/javassist/javassist/sample/preproc/Compiler.java
168,/home/runner/work/javassist/javassist/sample/hotswap/Test.java
169,/home/runner/work/javassist/javassist/sample/evolve/update.html
170,/home/runner/work/javassist/javassist/sample/evolve/start.html
171,/home/runner/work/javassist/javassist/sample/evolve/demo.html
172,/home/runner/work/javassist/javassist/sample/evolve/WebPage.java
173,/home/runner/work/javassist/javassist/sample/evolve/VersionManager.java
174,/home/runner/work/javassist/javassist/sample/evolve/Sample.java
175,/home/runner/work/javassist/javassist/sample/evolve/DemoServer.java
176,/home/runner/work/javassist/javassist/Changes.md
177,/home/runner/work/javassist/javassist/sample/evolve/DemoLoader.java
178,/home/runner/work/javassist/javassist/sample/evolve/CannotUpdateException.java
179,/home/runner/work/javassist/javassist/sample/duplicate/Viewer.java
180,/home/runner/work/javassist/javassist/sample/duplicate/Main.java
181,/home/runner/work/javassist/javassist/sample/duplicate/DuplicatedObject.java
183,/home/runner/work/javassist/javassist/build.xml
184,/home/runner/work/javassist/javassist/README.md
185,/home/runner/work/javassist/javassist/Examples.md
197,/home/runner/work/javassist/javassist/sample/rmi/AlertDialog.java
198,/home/runner/work/javassist/javassist/sample/reflect/Main.java
199,/home/runner/work/javassist/javassist/sample/preproc/Assistant.java
200,/home/runner/work/javassist/javassist/sample/duplicate/Ball.java
201,/home/runner/work/javassist/javassist/sample/Test.java
