,file_name
9,/home/runner/work/neo4j-apoc-procedures/neo4j-apoc-procedures/docs/images/apoc-gephi.gif
121,/home/runner/work/neo4j-apoc-procedures/neo4j-apoc-procedures/docs/asciidoc/modules/ROOT/images/all_cycles.png
140,/home/runner/work/neo4j-apoc-procedures/neo4j-apoc-procedures/docs/asciidoc/modules/ROOT/partials/generated-documentation/documentation.adoc
228,/home/runner/work/neo4j-apoc-procedures/neo4j-apoc-procedures/hadoop/bin/hadoop.dll
253,/home/runner/work/neo4j-apoc-procedures/neo4j-apoc-procedures/extra-dependencies/gradle/wrapper/gradle-wrapper.jar
256,/home/runner/work/neo4j-apoc-procedures/neo4j-apoc-procedures/extra-dependencies/email/gradle/wrapper/gradle-wrapper.jar
261,/home/runner/work/neo4j-apoc-procedures/neo4j-apoc-procedures/extra-dependencies/bolt/gradle/wrapper/gradle-wrapper.jar
283,/home/runner/work/neo4j-apoc-procedures/neo4j-apoc-procedures/docs/gradle/wrapper/gradle-wrapper.jar
311,/home/runner/work/neo4j-apoc-procedures/neo4j-apoc-procedures/extra-dependencies/redis/gradle/wrapper/gradle-wrapper.jar
327,/home/runner/work/neo4j-apoc-procedures/neo4j-apoc-procedures/extra-dependencies/nlp/gradle/wrapper/gradle-wrapper.jar
330,/home/runner/work/neo4j-apoc-procedures/neo4j-apoc-procedures/extra-dependencies/xls/gradle/wrapper/gradle-wrapper.jar
375,/home/runner/work/neo4j-apoc-procedures/neo4j-apoc-procedures/extra-dependencies/couchbase/gradle/wrapper/gradle-wrapper.jar
376,/home/runner/work/neo4j-apoc-procedures/neo4j-apoc-procedures/extra-dependencies/mongodb/gradle/wrapper/gradle-wrapper.jar
378,/home/runner/work/neo4j-apoc-procedures/neo4j-apoc-procedures/extra-dependencies/hadoop/gradle/wrapper/gradle-wrapper.jar
1407,/home/runner/work/neo4j-apoc-procedures/neo4j-apoc-procedures/full/src/main/java/apoc/couchbase/Couchbase.java
1457,/home/runner/work/neo4j-apoc-procedures/neo4j-apoc-procedures/full/src/test/java/apoc/bolt/BoltTest.java
2625,/home/runner/work/neo4j-apoc-procedures/neo4j-apoc-procedures/docs/asciidoc/modules/ROOT/pages/nlp/aws.adoc
3953,/home/runner/work/neo4j-apoc-procedures/neo4j-apoc-procedures/docs/asciidoc/aggregation.adoc
3954,/home/runner/work/neo4j-apoc-procedures/neo4j-apoc-procedures/docs/asciidoc/modules/ROOT/examples/generated-documentation/apoc-lite.csv
3955,/home/runner/work/neo4j-apoc-procedures/neo4j-apoc-procedures/docs/asciidoc/modules/ROOT/pages/background-operations/apoc-load-directory-async.adoc
3956,/home/runner/work/neo4j-apoc-procedures/neo4j-apoc-procedures/docs/asciidoc/modules/ROOT/pages/algorithms/centrality.adoc
3957,/home/runner/work/neo4j-apoc-procedures/neo4j-apoc-procedures/docs/asciidoc/modules/ROOT/pages/comparing-graphs/fingerprinting.adoc
3958,/home/runner/work/neo4j-apoc-procedures/neo4j-apoc-procedures/docs/asciidoc/modules/ROOT/pages/overview/apoc.nodes/apoc.nodes.collapse.adoc
3959,/home/runner/work/neo4j-apoc-procedures/neo4j-apoc-procedures/docs/asciidoc/modules/ROOT/pages/overview/apoc.convert/apoc.convert.fromJsonList.adoc
3960,/home/runner/work/neo4j-apoc-procedures/neo4j-apoc-procedures/docs/asciidoc/modules/ROOT/pages/overview/apoc.create/apoc.create.addLabels.adoc
3961,/home/runner/work/neo4j-apoc-procedures/neo4j-apoc-procedures/docs/asciidoc/modules/ROOT/pages/overview/apoc.custom/apoc.custom.asFunction.adoc
3962,/home/runner/work/neo4j-apoc-procedures/neo4j-apoc-procedures/docs/asciidoc/modules/ROOT/pages/overview/apoc.cypher/apoc.cypher.doIt.adoc
3963,/home/runner/work/neo4j-apoc-procedures/neo4j-apoc-procedures/docs/asciidoc/modules/ROOT/pages/overview/apoc.date/apoc.date.expireIn.adoc
3964,/home/runner/work/neo4j-apoc-procedures/neo4j-apoc-procedures/docs/asciidoc/modules/ROOT/pages/overview/apoc.dv/apoc.dv.catalog.add.adoc
3965,/home/runner/work/neo4j-apoc-procedures/neo4j-apoc-procedures/docs/asciidoc/modules/ROOT/pages/overview/apoc.es/apoc.es.get.adoc
3966,/home/runner/work/neo4j-apoc-procedures/neo4j-apoc-procedures/docs/asciidoc/modules/ROOT/pages/overview/apoc.example/apoc.example.movies.adoc
3967,/home/runner/work/neo4j-apoc-procedures/neo4j-apoc-procedures/docs/asciidoc/modules/ROOT/pages/overview/apoc.generate/apoc.generate.ba.adoc
3968,/home/runner/work/neo4j-apoc-procedures/neo4j-apoc-procedures/docs/asciidoc/modules/ROOT/pages/overview/apoc.gephi/apoc.gephi.add.adoc
3969,/home/runner/work/neo4j-apoc-procedures/neo4j-apoc-procedures/docs/asciidoc/modules/ROOT/pages/overview/apoc.graph/apoc.graph.from.adoc
3970,/home/runner/work/neo4j-apoc-procedures/neo4j-apoc-procedures/docs/asciidoc/modules/ROOT/pages/overview/apoc.hashing/apoc.hashing.fingerprint.adoc
3971,/home/runner/work/neo4j-apoc-procedures/neo4j-apoc-procedures/docs/asciidoc/modules/ROOT/pages/overview/apoc.import/apoc.import.csv.adoc
3972,/home/runner/work/neo4j-apoc-procedures/neo4j-apoc-procedures/docs/asciidoc/modules/ROOT/pages/overview/apoc.label/apoc.label.exists.adoc
3973,/home/runner/work/neo4j-apoc-procedures/neo4j-apoc-procedures/docs/asciidoc/modules/ROOT/pages/overview/apoc.math/apoc.math.cosh.adoc
3974,/home/runner/work/neo4j-apoc-procedures/neo4j-apoc-procedures/docs/asciidoc/modules/ROOT/pages/overview/apoc.merge/apoc.merge.node.adoc
3975,/home/runner/work/neo4j-apoc-procedures/neo4j-apoc-procedures/docs/asciidoc/modules/ROOT/pages/overview/apoc.meta/apoc.meta.cypher.isType.adoc
3976,/home/runner/work/neo4j-apoc-procedures/neo4j-apoc-procedures/docs/asciidoc/modules/ROOT/pages/overview/apoc.metrics/apoc.metrics.get.adoc
3977,/home/runner/work/neo4j-apoc-procedures/neo4j-apoc-procedures/docs/asciidoc/modules/ROOT/pages/overview/apoc.model/apoc.model.jdbc.adoc
3978,/home/runner/work/neo4j-apoc-procedures/neo4j-apoc-procedures/docs/asciidoc/modules/ROOT/pages/overview/apoc.mongo/apoc.mongo.aggregate.adoc
3979,/home/runner/work/neo4j-apoc-procedures/neo4j-apoc-procedures/docs/asciidoc/modules/ROOT/pages/overview/apoc.mongodb/apoc.mongodb.count.adoc
3980,/home/runner/work/neo4j-apoc-procedures/neo4j-apoc-procedures/docs/asciidoc/modules/ROOT/pages/overview/apoc.monitor/apoc.monitor.ids.adoc
3981,/home/runner/work/neo4j-apoc-procedures/neo4j-apoc-procedures/docs/asciidoc/modules/ROOT/pages/overview/apoc.couchbase/apoc.couchbase.append.adoc
3982,/home/runner/work/neo4j-apoc-procedures/neo4j-apoc-procedures/docs/asciidoc/modules/ROOT/pages/overview/apoc.config/apoc.config.list.adoc
3983,/home/runner/work/neo4j-apoc-procedures/neo4j-apoc-procedures/docs/asciidoc/modules/ROOT/pages/config/index.adoc
3984,/home/runner/work/neo4j-apoc-procedures/neo4j-apoc-procedures/docs/asciidoc/modules/ROOT/pages/overview/apoc.bolt/apoc.bolt.execute.adoc
3985,/home/runner/work/neo4j-apoc-procedures/neo4j-apoc-procedures/docs/asciidoc/modules/ROOT/pages/cypher-execution/conditionals.adoc
3986,/home/runner/work/neo4j-apoc-procedures/neo4j-apoc-procedures/docs/asciidoc/modules/ROOT/pages/data-structures/collection-list-functions.adoc
3987,/home/runner/work/neo4j-apoc-procedures/neo4j-apoc-procedures/docs/asciidoc/modules/ROOT/pages/database-integration/bolt-neo4j.adoc
3988,/home/runner/work/neo4j-apoc-procedures/neo4j-apoc-procedures/docs/asciidoc/modules/ROOT/pages/database-introspection/config.adoc
3989,/home/runner/work/neo4j-apoc-procedures/neo4j-apoc-procedures/docs/asciidoc/modules/ROOT/pages/export/csv.adoc
3990,/home/runner/work/neo4j-apoc-procedures/neo4j-apoc-procedures/docs/asciidoc/modules/ROOT/pages/general-considerations/index.adoc
3991,/home/runner/work/neo4j-apoc-procedures/neo4j-apoc-procedures/docs/asciidoc/modules/ROOT/pages/graph-querying/config-params.adoc
3992,/home/runner/work/neo4j-apoc-procedures/neo4j-apoc-procedures/docs/asciidoc/modules/ROOT/pages/graph-updates/atomic-updates.adoc
3993,/home/runner/work/neo4j-apoc-procedures/neo4j-apoc-procedures/docs/asciidoc/modules/ROOT/pages/graph-updates/graph-refactoring/categorize.adoc
3994,/home/runner/work/neo4j-apoc-procedures/neo4j-apoc-procedures/docs/asciidoc/modules/ROOT/pages/help/index.adoc
3995,/home/runner/work/neo4j-apoc-procedures/neo4j-apoc-procedures/docs/asciidoc/modules/ROOT/pages/import/graphml.adoc
3996,/home/runner/work/neo4j-apoc-procedures/neo4j-apoc-procedures/docs/asciidoc/modules/ROOT/pages/import/includes/enableFileImport.adoc
3997,/home/runner/work/neo4j-apoc-procedures/neo4j-apoc-procedures/docs/asciidoc/modules/ROOT/pages/installation/index.adoc
3998,/home/runner/work/neo4j-apoc-procedures/neo4j-apoc-procedures/docs/asciidoc/modules/ROOT/pages/introduction/index.adoc
3999,/home/runner/work/neo4j-apoc-procedures/neo4j-apoc-procedures/docs/asciidoc/modules/ROOT/pages/mathematical/bitwise-operations.adoc
4000,/home/runner/work/neo4j-apoc-procedures/neo4j-apoc-procedures/docs/asciidoc/modules/ROOT/pages/operational/index.adoc
4001,/home/runner/work/neo4j-apoc-procedures/neo4j-apoc-procedures/docs/asciidoc/modules/ROOT/pages/overview/apoc.agg/apoc.agg.first.adoc
4002,/home/runner/work/neo4j-apoc-procedures/neo4j-apoc-procedures/docs/asciidoc/modules/ROOT/pages/overview/apoc.algo/apoc.algo.aStar.adoc
4003,/home/runner/work/neo4j-apoc-procedures/neo4j-apoc-procedures/docs/asciidoc/modules/ROOT/pages/overview/apoc.any/apoc.any.properties.adoc
4004,/home/runner/work/neo4j-apoc-procedures/neo4j-apoc-procedures/docs/asciidoc/modules/ROOT/pages/overview/apoc.atomic/apoc.atomic.add.adoc
4005,/home/runner/work/neo4j-apoc-procedures/neo4j-apoc-procedures/docs/asciidoc/modules/ROOT/pages/overview/apoc.bitwise/apoc.bitwise.op.adoc
4006,/home/runner/work/neo4j-apoc-procedures/neo4j-apoc-procedures/.github/ISSUE_TEMPLATE/bug-report.md
4007,/home/runner/work/neo4j-apoc-procedures/neo4j-apoc-procedures/.github/workflows/CI.yaml
4008,/home/runner/work/neo4j-apoc-procedures/neo4j-apoc-procedures/core/import/testCypherShellWithCompoundConstraint.cypher
4009,/home/runner/work/neo4j-apoc-procedures/neo4j-apoc-procedures/docs/asciidoc/modules/ROOT/pages/overview/apoc.nlp/apoc.nlp.aws.entities.graph.adoc
4010,/home/runner/work/neo4j-apoc-procedures/neo4j-apoc-procedures/docs/asciidoc/modules/ROOT/pages/overview/apoc.number/apoc.number.arabicToRoman.adoc
4011,/home/runner/work/neo4j-apoc-procedures/neo4j-apoc-procedures/processor/src/test/java/apoc/processor/ApocProcessorTest.java
4012,/home/runner/work/neo4j-apoc-procedures/neo4j-apoc-procedures/docs/asciidoc/modules/ROOT/pages/overview/apoc.path/apoc.path.combine.adoc
4013,/home/runner/work/neo4j-apoc-procedures/neo4j-apoc-procedures/full/src/test/resources/html/wikipediaWithJs.html
4014,/home/runner/work/neo4j-apoc-procedures/neo4j-apoc-procedures/full/src/test/resources/brokenHeader.xls
4015,/home/runner/work/neo4j-apoc-procedures/neo4j-apoc-procedures/full/src/test/kotlin/apoc/nlp/gcp/GCPProceduresAPITest.kt
4016,/home/runner/work/neo4j-apoc-procedures/neo4j-apoc-procedures/full/import/apoc-core-extended.csv
4017,/home/runner/work/neo4j-apoc-procedures/neo4j-apoc-procedures/full/src/main/java/apoc/algo/PathFindingFull.java
4018,/home/runner/work/neo4j-apoc-procedures/neo4j-apoc-procedures/full/src/main/java/apoc/bolt/Bolt.java
4019,/home/runner/work/neo4j-apoc-procedures/neo4j-apoc-procedures/full/src/main/java/apoc/cache/Static.java
4020,/home/runner/work/neo4j-apoc-procedures/neo4j-apoc-procedures/full/src/main/java/apoc/cluster/Cluster.java
4021,/home/runner/work/neo4j-apoc-procedures/neo4j-apoc-procedures/full/src/main/java/apoc/coll/CollFull.java
4022,/home/runner/work/neo4j-apoc-procedures/neo4j-apoc-procedures/full/src/main/java/apoc/config/Config.java
4023,/home/runner/work/neo4j-apoc-procedures/neo4j-apoc-procedures/full/src/main/java/apoc/couchbase/document/CouchbaseByteArrayDocument.java
4024,/home/runner/work/neo4j-apoc-procedures/neo4j-apoc-procedures/full/src/main/java/apoc/custom/CypherProcedures.java
4025,/home/runner/work/neo4j-apoc-procedures/neo4j-apoc-procedures/full/src/main/java/apoc/cypher/CypherExtended.java
4026,/home/runner/work/neo4j-apoc-procedures/neo4j-apoc-procedures/full/src/main/java/apoc/data/email/ExtractEmail.java
4027,/home/runner/work/neo4j-apoc-procedures/neo4j-apoc-procedures/full/src/main/java/apoc/date/DateExpiry.java
4028,/home/runner/work/neo4j-apoc-procedures/neo4j-apoc-procedures/full/src/main/java/apoc/es/ElasticSearch.java
4029,/home/runner/work/neo4j-apoc-procedures/neo4j-apoc-procedures/full/src/main/java/apoc/export/xls/ExportXls.java
4030,/home/runner/work/neo4j-apoc-procedures/neo4j-apoc-procedures/full/src/main/java/apoc/generate/Generate.java
4031,/home/runner/work/neo4j-apoc-procedures/neo4j-apoc-procedures/full/src/main/java/apoc/generate/node/SocialNetworkNodeCreator.java
4032,/home/runner/work/neo4j-apoc-procedures/neo4j-apoc-procedures/full/src/main/java/apoc/gephi/Gephi.java
4033,/home/runner/work/neo4j-apoc-procedures/neo4j-apoc-procedures/full/src/main/java/apoc/load/HtmlResultInterface.java
4034,/home/runner/work/neo4j-apoc-procedures/neo4j-apoc-procedures/full/src/main/java/apoc/log/Logging.java
4035,/home/runner/work/neo4j-apoc-procedures/neo4j-apoc-procedures/docs/script/performanceCypherTest.sh
4036,/home/runner/work/neo4j-apoc-procedures/neo4j-apoc-procedures/full/src/test/kotlin/apoc/nlp/azure/AzureProceduresAPITest.kt
4037,/home/runner/work/neo4j-apoc-procedures/neo4j-apoc-procedures/docs/javascript/colorize.js
4038,/home/runner/work/neo4j-apoc-procedures/neo4j-apoc-procedures/docs/asciidoc/modules/ROOT/pages/overview/apoc.periodic/apoc.periodic.cancel.adoc
4039,/home/runner/work/neo4j-apoc-procedures/neo4j-apoc-procedures/docs/asciidoc/modules/ROOT/pages/overview/apoc.redis/apoc.redis.append.adoc
4040,/home/runner/work/neo4j-apoc-procedures/neo4j-apoc-procedures/docs/asciidoc/modules/ROOT/pages/overview/apoc.refactor/apoc.refactor.categorize.adoc
4041,/home/runner/work/neo4j-apoc-procedures/neo4j-apoc-procedures/docs/asciidoc/modules/ROOT/pages/overview/apoc.rel/apoc.rel.endNode.adoc
4042,/home/runner/work/neo4j-apoc-procedures/neo4j-apoc-procedures/docs/asciidoc/modules/ROOT/pages/overview/apoc.search/apoc.search.multiSearchReduced.adoc
4043,/home/runner/work/neo4j-apoc-procedures/neo4j-apoc-procedures/docs/asciidoc/modules/ROOT/pages/overview/apoc.spatial/apoc.spatial.geocode.adoc
4044,/home/runner/work/neo4j-apoc-procedures/neo4j-apoc-procedures/docs/asciidoc/modules/ROOT/pages/overview/apoc.static/apoc.static.get.adoc
4045,/home/runner/work/neo4j-apoc-procedures/neo4j-apoc-procedures/docs/asciidoc/modules/ROOT/pages/overview/apoc.stats/apoc.stats.degrees.adoc
4046,/home/runner/work/neo4j-apoc-procedures/neo4j-apoc-procedures/docs/asciidoc/modules/ROOT/pages/overview/apoc.systemdb/apoc.systemdb.execute.adoc
4047,/home/runner/work/neo4j-apoc-procedures/neo4j-apoc-procedures/docs/asciidoc/modules/ROOT/pages/overview/apoc.text/apoc.text.base64Decode.adoc
4048,/home/runner/work/neo4j-apoc-procedures/neo4j-apoc-procedures/docs/asciidoc/modules/ROOT/pages/overview/apoc.warmup/apoc.warmup.run.adoc
4049,/home/runner/work/neo4j-apoc-procedures/neo4j-apoc-procedures/docs/asciidoc/modules/ROOT/pages/temporal/datetime-conversions.adoc
4050,/home/runner/work/neo4j-apoc-procedures/neo4j-apoc-procedures/docs/asciidoc/modules/ROOT/pages/transaction/index.adoc
4051,/home/runner/work/neo4j-apoc-procedures/neo4j-apoc-procedures/docs/asciidoc/modules/ROOT/pages/virtual-resource/index.adoc
4052,/home/runner/work/neo4j-apoc-procedures/neo4j-apoc-procedures/docs/asciidoc/modules/ROOT/pages/virtual/graph-grouping.adoc
4053,/home/runner/work/neo4j-apoc-procedures/neo4j-apoc-procedures/docs/asciidoc/modules/ROOT/partials/createExportGraph.adoc
4054,/home/runner/work/neo4j-apoc-procedures/neo4j-apoc-procedures/docs/asciidoc/modules/ROOT/partials/html/query-selectors.adoc
4055,/home/runner/work/neo4j-apoc-procedures/neo4j-apoc-procedures/docs/asciidoc/modules/ROOT/partials/usage/apoc.agg.first.adoc
4056,/home/runner/work/neo4j-apoc-procedures/neo4j-apoc-procedures/docs/asciidoc/modules/ROOT/partials/usage/draft/apoc.cypher.mapParallel2.adoc
4057,/home/runner/work/neo4j-apoc-procedures/neo4j-apoc-procedures/docs/css/chunked-base.css
4058,/home/runner/work/neo4j-apoc-procedures/neo4j-apoc-procedures/full/src/main/java/apoc/metrics/Metrics.java
4059,/home/runner/work/neo4j-apoc-procedures/neo4j-apoc-procedures/full/src/main/java/apoc/model/Model.java
4060,/home/runner/work/neo4j-apoc-procedures/neo4j-apoc-procedures/full/src/main/java/apoc/mongodb/Mongo.java
4061,/home/runner/work/neo4j-apoc-procedures/neo4j-apoc-procedures/full/src/main/java/apoc/monitor/Ids.java
4062,/home/runner/work/neo4j-apoc-procedures/neo4j-apoc-procedures/full/src/test/java/apoc/dv/DataVirtualizationCatalogTest.java
4063,/home/runner/work/neo4j-apoc-procedures/neo4j-apoc-procedures/full/src/test/java/apoc/es/ElasticSearchTest.java
4064,/home/runner/work/neo4j-apoc-procedures/neo4j-apoc-procedures/full/src/test/java/apoc/export/csv/ExportCsvTest.java
4065,/home/runner/work/neo4j-apoc-procedures/neo4j-apoc-procedures/full/src/test/java/apoc/generate/BarabasiAlbertGeneratorParameterizedTest.java
4066,/home/runner/work/neo4j-apoc-procedures/neo4j-apoc-procedures/full/src/test/java/apoc/generate/relationship/ErdosRenyiGraphRelationshipGeneratorTest.java
4067,/home/runner/work/neo4j-apoc-procedures/neo4j-apoc-procedures/full/src/test/java/apoc/gephi/GephiTest.java
4068,/home/runner/work/neo4j-apoc-procedures/neo4j-apoc-procedures/full/src/test/java/apoc/load/CassandraJdbcTest.java
4069,/home/runner/work/neo4j-apoc-procedures/neo4j-apoc-procedures/full/src/test/java/apoc/log/LoggingTest.java
4070,/home/runner/work/neo4j-apoc-procedures/neo4j-apoc-procedures/full/src/test/java/apoc/metrics/MetricsTest.java
4071,/home/runner/work/neo4j-apoc-procedures/neo4j-apoc-procedures/full/src/test/java/apoc/model/ModelTest.java
4072,/home/runner/work/neo4j-apoc-procedures/neo4j-apoc-procedures/full/src/test/java/apoc/mongodb/MongoDBTest.java
4073,/home/runner/work/neo4j-apoc-procedures/neo4j-apoc-procedures/full/src/test/java/apoc/monitor/IdsProcedureTest.java
4074,/home/runner/work/neo4j-apoc-procedures/neo4j-apoc-procedures/full/src/test/java/apoc/periodic/PeriodicExtendedTest.java
4075,/home/runner/work/neo4j-apoc-procedures/neo4j-apoc-procedures/full/src/test/java/apoc/redis/RedisTest.java
4076,/home/runner/work/neo4j-apoc-procedures/neo4j-apoc-procedures/full/src/test/java/apoc/systemdb/SystemDbTest.java
4077,/home/runner/work/neo4j-apoc-procedures/neo4j-apoc-procedures/full/src/test/java/apoc/trigger/TriggerClusterTest.java
4078,/home/runner/work/neo4j-apoc-procedures/neo4j-apoc-procedures/full/src/test/java/apoc/ttl/TTLMultiDbTest.java
4079,/home/runner/work/neo4j-apoc-procedures/neo4j-apoc-procedures/full/src/test/java/apoc/util/s3/S3Container.java
4080,/home/runner/work/neo4j-apoc-procedures/neo4j-apoc-procedures/full/src/test/java/apoc/uuid/UUIDMultiDbTest.java
4081,/home/runner/work/neo4j-apoc-procedures/neo4j-apoc-procedures/full/src/test/kotlin/apoc/nlp/MinimalPropertiesMatcher.kt
4082,/home/runner/work/neo4j-apoc-procedures/neo4j-apoc-procedures/full/src/test/kotlin/apoc/nlp/aws/AWSProceduresAPITest.kt
4083,/home/runner/work/neo4j-apoc-procedures/neo4j-apoc-procedures/full/src/test/java/apoc/date/TTLTest.java
4084,/home/runner/work/neo4j-apoc-procedures/neo4j-apoc-procedures/full/src/test/java/apoc/data/email/ExtractEmailTest.java
4085,/home/runner/work/neo4j-apoc-procedures/neo4j-apoc-procedures/full/src/test/java/apoc/custom/CypherProceduresClusterTest.java
4086,/home/runner/work/neo4j-apoc-procedures/neo4j-apoc-procedures/full/src/main/kotlin/apoc/nlp/aws/AWSClient.kt
4087,/home/runner/work/neo4j-apoc-procedures/neo4j-apoc-procedures/full/src/main/java/apoc/periodic/PeriodicExtended.java
4088,/home/runner/work/neo4j-apoc-procedures/neo4j-apoc-procedures/full/src/main/java/apoc/redis/ByteArrayRedisConnection.java
4089,/home/runner/work/neo4j-apoc-procedures/neo4j-apoc-procedures/full/src/main/java/apoc/systemdb/SystemDb.java
4090,/home/runner/work/neo4j-apoc-procedures/neo4j-apoc-procedures/full/src/main/java/apoc/systemdb/metadata/ExportDataVirtualization.java
4091,/home/runner/work/neo4j-apoc-procedures/neo4j-apoc-procedures/full/src/main/java/apoc/trigger/TriggerExtended.java
4092,/home/runner/work/neo4j-apoc-procedures/neo4j-apoc-procedures/full/src/main/java/apoc/ttl/TTL.java
4093,/home/runner/work/neo4j-apoc-procedures/neo4j-apoc-procedures/full/src/main/java/apoc/util/UriResolver.java
4094,/home/runner/work/neo4j-apoc-procedures/neo4j-apoc-procedures/full/src/main/java/apoc/uuid/Uuid.java
4095,/home/runner/work/neo4j-apoc-procedures/neo4j-apoc-procedures/full/src/main/kotlin/apoc/nlp/NLPHelperFunctions.kt
4096,/home/runner/work/neo4j-apoc-procedures/neo4j-apoc-procedures/full/src/main/kotlin/apoc/nlp/azure/AzureClient.kt
4097,/home/runner/work/neo4j-apoc-procedures/neo4j-apoc-procedures/full/src/test/java/apoc/couchbase/CouchbaseIT.java
4098,/home/runner/work/neo4j-apoc-procedures/neo4j-apoc-procedures/full/src/main/kotlin/apoc/nlp/azure/azure/AzureVirtualEntitiesGraph.kt
4099,/home/runner/work/neo4j-apoc-procedures/neo4j-apoc-procedures/full/src/main/kotlin/apoc/nlp/gcp/DummyGCPClient.kt
4100,/home/runner/work/neo4j-apoc-procedures/neo4j-apoc-procedures/full/src/main/resources/extended.txt
4101,/home/runner/work/neo4j-apoc-procedures/neo4j-apoc-procedures/full/src/test/java/DocsTest.java
4102,/home/runner/work/neo4j-apoc-procedures/neo4j-apoc-procedures/full/src/test/java/apoc/CoreExtendedTest.java
4103,/home/runner/work/neo4j-apoc-procedures/neo4j-apoc-procedures/full/src/test/java/apoc/algo/PathFindingFullTest.java
4104,/home/runner/work/neo4j-apoc-procedures/neo4j-apoc-procedures/full/src/test/java/apoc/cache/StaticTest.java
4105,/home/runner/work/neo4j-apoc-procedures/neo4j-apoc-procedures/full/src/test/java/apoc/coll/CollFullTest.java
4106,/home/runner/work/neo4j-apoc-procedures/neo4j-apoc-procedures/full/src/test/java/apoc/config/ConfigTest.java
