,file_name,last_access_index,last_modify_index,creation_index,last_access_step,last_modify_step,creation_step
0,/home/runner/work/javassist/javassist/javassist.jar,-1,1180,1131,Not provided,uses21,uses21
1,/home/runner/work/javassist/javassist/src/test/test3/Switch.java,-1,3286,3264,Not provided,uses21,uses21
2,/home/runner/work/javassist/javassist/src/main/javassist/compiler/CodeGen.java,-1,1854,1849,Not provided,uses21,uses21
3,/home/runner/work/javassist/javassist/src/main/javassist/bytecode/CodeIterator.java,-1,1548,1543,Not provided,uses21,uses21
4,/home/runner/work/javassist/javassist/src/main/javassist/bytecode/ConstPool.java,-1,1555,1550,Not provided,uses21,uses21
5,/home/runner/work/javassist/javassist/src/main/javassist/CtClassType.java,-1,1408,1403,Not provided,uses21,uses21
6,/home/runner/work/javassist/javassist/src/main/javassist/util/proxy/ProxyFactory.java,-1,2334,2329,Not provided,uses21,uses21
7,/home/runner/work/javassist/javassist/src/test/javassist/JvstTest2.java,-1,2423,2418,Not provided,uses21,uses21
8,/home/runner/work/javassist/javassist/src/main/javassist/bytecode/SignatureAttribute.java,-1,1646,1642,Not provided,uses21,uses21
9,/home/runner/work/javassist/javassist/src/test/javassist/JvstTest.java,-1,2416,2412,Not provided,uses21,uses21
10,/home/runner/work/javassist/javassist/src/main/javassist/CtField.java,-1,1418,1414,Not provided,uses21,uses21
11,/home/runner/work/javassist/javassist/src/main/javassist/bytecode/StackMapTable.java,-1,1660,1656,Not provided,uses21,uses21
12,/home/runner/work/javassist/javassist/src/test/javassist/JvstTest3.java,-1,2429,2425,Not provided,uses21,uses21
13,/home/runner/work/javassist/javassist/src/main/javassist/bytecode/Bytecode.java,-1,1519,1515,Not provided,uses21,uses21
14,/home/runner/work/javassist/javassist/src/test/javassist/JvstTest4.java,-1,2435,2431,Not provided,uses21,uses21
15,/home/runner/work/javassist/javassist/src/main/javassist/CtClass.java,-1,1401,1397,Not provided,uses21,uses21
16,/home/runner/work/javassist/javassist/src/main/javassist/CtBehavior.java,-1,1395,1391,Not provided,uses21,uses21
17,/home/runner/work/javassist/javassist/src/main/javassist/compiler/Parser.java,-1,1900,1896,Not provided,uses21,uses21
18,/home/runner/work/javassist/javassist/src/main/javassist/compiler/MemberCodeGen.java,-1,1886,1882,Not provided,uses21,uses21
19,/home/runner/work/javassist/javassist/tutorial/tutorial2.html,-1,3679,3675,Not provided,uses21,uses21
20,/home/runner/work/javassist/javassist/src/main/javassist/ClassPool.java,-1,1376,1372,Not provided,uses21,uses21
21,/home/runner/work/javassist/javassist/src/main/javassist/CodeConverter.java,-1,1385,1382,Not provided,uses21,uses21
22,/home/runner/work/javassist/javassist/src/main/javassist/bytecode/AnnotationsAttribute.java,-1,1493,1490,Not provided,uses21,uses21
23,/home/runner/work/javassist/javassist/src/test/javassist/bytecode/StackMapTest.java,-1,2480,2477,Not provided,uses21,uses21
24,/home/runner/work/javassist/javassist/src/main/javassist/bytecode/ClassFile.java,-1,1524,1521,Not provided,uses21,uses21
25,/home/runner/work/javassist/javassist/src/main/javassist/bytecode/ClassFileWriter.java,-1,1533,1530,Not provided,uses21,uses21
26,/home/runner/work/javassist/javassist/src/main/javassist/bytecode/Descriptor.java,-1,1568,1565,Not provided,uses21,uses21
27,/home/runner/work/javassist/javassist/src/main/javassist/bytecode/analysis/Executor.java,-1,1683,1680,Not provided,uses21,uses21
28,/home/runner/work/javassist/javassist/src/main/javassist/compiler/TypeChecker.java,-1,1921,1918,Not provided,uses21,uses21
29,/home/runner/work/javassist/javassist/src/main/javassist/compiler/JvstCodeGen.java,-1,1868,1865,Not provided,uses21,uses21
30,/home/runner/work/javassist/javassist/src/main/javassist/compiler/Javac.java,-1,1863,1860,Not provided,uses21,uses21
31,/home/runner/work/javassist/javassist/src/main/javassist/bytecode/stackmap/TypeData.java,-1,1833,1830,Not provided,uses21,uses21
32,/home/runner/work/javassist/javassist/src/test/test/javassist/convert/InstrumentationTarget.java,-1,2643,2640,Not provided,uses21,uses21
33,/home/runner/work/javassist/javassist/src/main/javassist/bytecode/stackmap/Tracer.java,-1,1828,1825,Not provided,uses21,uses21
34,/home/runner/work/javassist/javassist/src/test/javassist/JvstTest5.java,-1,2440,2437,Not provided,uses21,uses21
35,/home/runner/work/javassist/javassist/License.html,-1,1121,1118,Not provided,uses21,uses21
36,/home/runner/work/javassist/javassist/src/test/javassist/bytecode/BytecodeTest.java,-1,2459,-1,Not provided,uses21,Not provided
37,/home/runner/work/javassist/javassist/tutorial/tutorial.html,-1,3673,3670,Not provided,uses21,uses21
38,/home/runner/work/javassist/javassist/src/test/test2/ArrayLenTest.java,-1,2920,2918,Not provided,uses21,uses21
39,/home/runner/work/javassist/javassist/src/test/test2/AddLocalVar.java,-1,2904,2902,Not provided,uses21,uses21
40,/home/runner/work/javassist/javassist/src/test/test2/AddMethod.java,-1,2908,2906,Not provided,uses21,uses21
41,/home/runner/work/javassist/javassist/src/test/test2/Anon.java,-1,2912,2910,Not provided,uses21,uses21
42,/home/runner/work/javassist/javassist/src/test/test2/ArrayAndNull.java,-1,2916,2914,Not provided,uses21,uses21
43,/home/runner/work/javassist/javassist/src/test/scoped/UnscopedAnnotationUsage.java,-1,2575,2573,Not provided,uses21,uses21
44,/home/runner/work/javassist/javassist/src/test/test2/Brennan.java,-1,2924,2922,Not provided,uses21,uses21
45,/home/runner/work/javassist/javassist/src/test/test2/CodeGen.java,-1,2928,2926,Not provided,uses21,uses21
46,/home/runner/work/javassist/javassist/src/test/test1/Subtype.java,-1,2891,2889,Not provided,uses21,uses21
47,/home/runner/work/javassist/javassist/src/test/test2/ConstBody.java,-1,2932,2930,Not provided,uses21,uses21
48,/home/runner/work/javassist/javassist/src/test/test2/ConstField.java,-1,2936,2934,Not provided,uses21,uses21
49,/home/runner/work/javassist/javassist/src/test/test1/TryCatch.java,-1,2895,2893,Not provided,uses21,uses21
50,/home/runner/work/javassist/javassist/src/test/test1/StaticConsBody.java,-1,2883,2881,Not provided,uses21,uses21
51,/home/runner/work/javassist/javassist/src/test/test1/StaticField.java,-1,2887,2885,Not provided,uses21,uses21
52,/home/runner/work/javassist/javassist/src/test/test2/DefineClassCapability.java,-1,2944,2942,Not provided,uses21,uses21
53,/home/runner/work/javassist/javassist/src/test/test1/SigType.java,-1,2879,2877,Not provided,uses21,uses21
54,/home/runner/work/javassist/javassist/src/test/test1/SetName.java,-1,2875,2873,Not provided,uses21,uses21
55,/home/runner/work/javassist/javassist/src/test/javassist/proxyfactory/ProxyFactoryTest.java,-1,2511,2509,Not provided,uses21,uses21
56,/home/runner/work/javassist/javassist/src/test/test1/SetBody.java,-1,2871,2869,Not provided,uses21,uses21
57,/home/runner/work/javassist/javassist/src/test/test1/RenameClass.java,-1,2867,2865,Not provided,uses21,uses21
58,/home/runner/work/javassist/javassist/src/test/test1/Proceed3.java,-1,2863,2861,Not provided,uses21,uses21
59,/home/runner/work/javassist/javassist/src/test/test1/Proceed2.java,-1,2859,2857,Not provided,uses21,uses21
60,/home/runner/work/javassist/javassist/src/test/javassist/proxyfactory/Tester.java,-1,2515,2513,Not provided,uses21,uses21
61,/home/runner/work/javassist/javassist/src/test/test1/Proceed.java,-1,2855,2853,Not provided,uses21,uses21
62,/home/runner/work/javassist/javassist/src/test/test1/Point.java,-1,2851,2849,Not provided,uses21,uses21
63,/home/runner/work/javassist/javassist/src/test/javassist/tools/CallbackTest.java,-1,2521,-1,Not provided,uses21,Not provided
64,/home/runner/work/javassist/javassist/src/test/test1/Pac.java,-1,2847,2845,Not provided,uses21,uses21
65,/home/runner/work/javassist/javassist/src/test/test1/NewInterface.java,-1,2843,2841,Not provided,uses21,uses21
66,/home/runner/work/javassist/javassist/src/test/test2/Construct.java,-1,2940,2938,Not provided,uses21,uses21
67,/home/runner/work/javassist/javassist/src/test/test2/Inherit.java,-1,2952,2950,Not provided,uses21,uses21
68,/home/runner/work/javassist/javassist/src/test/test2/Finally.java,-1,2948,2946,Not provided,uses21,uses21
69,/home/runner/work/javassist/javassist/src/test/test1/MySerializableClass.java,-1,2839,2837,Not provided,uses21,uses21
70,/home/runner/work/javassist/javassist/src/test/javassist/compiler/CodeTest.java,-1,2486,-1,Not provided,uses21,Not provided
71,/home/runner/work/javassist/javassist/src/test/test2/SuperCall.java,-1,3048,3046,Not provided,uses21,uses21
72,/home/runner/work/javassist/javassist/src/test/test2/StaticMember2.java,-1,3044,3042,Not provided,uses21,uses21
73,/home/runner/work/javassist/javassist/src/test/test2/StaticMember.java,-1,3040,3038,Not provided,uses21,uses21
74,/home/runner/work/javassist/javassist/src/test/javassist/compiler/CompTest.java,-1,2490,2488,Not provided,uses21,uses21
75,/home/runner/work/javassist/javassist/src/test/test2/StaticArraysMem.java,-1,3036,3034,Not provided,uses21,uses21
76,/home/runner/work/javassist/javassist/src/test/javassist/compiler/LexTest.java,-1,2494,2492,Not provided,uses21,uses21
77,/home/runner/work/javassist/javassist/src/test/test2/SetExceptions.java,-1,3032,3030,Not provided,uses21,uses21
78,/home/runner/work/javassist/javassist/src/test/test2/ReplaceClassName.java,-1,3028,3026,Not provided,uses21,uses21
79,/home/runner/work/javassist/javassist/src/test/test2/RemoveCall.java,-1,3024,3022,Not provided,uses21,uses21
80,/home/runner/work/javassist/javassist/src/test/test2/Remove.java,-1,3020,3018,Not provided,uses21,uses21
81,/home/runner/work/javassist/javassist/src/test/test2/Prune.java,-1,3016,3014,Not provided,uses21,uses21
82,/home/runner/work/javassist/javassist/src/test/javassist/compiler/ParseTest.java,-1,2498,2496,Not provided,uses21,uses21
83,/home/runner/work/javassist/javassist/src/test/test2/PrivateMethod.java,-1,3012,3010,Not provided,uses21,uses21
84,/home/runner/work/javassist/javassist/src/test/test2/NewOp.java,-1,3008,3006,Not provided,uses21,uses21
85,/home/runner/work/javassist/javassist/src/test/test2/NewExprTry.java,-1,3004,3002,Not provided,uses21,uses21
86,/home/runner/work/javassist/javassist/src/test/test2/NewExprInTry.java,-1,3000,2998,Not provided,uses21,uses21
87,/home/runner/work/javassist/javassist/src/test/javassist/proxyfactory/MyCls.java,-1,2507,2505,Not provided,uses21,uses21
88,/home/runner/work/javassist/javassist/src/test/test2/NewArray.java,-1,2996,2994,Not provided,uses21,uses21
89,/home/runner/work/javassist/javassist/src/test/test2/Nested4.java,-1,2992,2990,Not provided,uses21,uses21
90,/home/runner/work/javassist/javassist/src/test/test2/Nested3.java,-1,2988,2986,Not provided,uses21,uses21
91,/home/runner/work/javassist/javassist/src/test/test2/Nested2.java,-1,2984,2982,Not provided,uses21,uses21
92,/home/runner/work/javassist/javassist/src/test/test2/Nested.java,-1,2980,2978,Not provided,uses21,uses21
93,/home/runner/work/javassist/javassist/src/test/test2/MethodCall.java,-1,2976,2974,Not provided,uses21,uses21
94,/home/runner/work/javassist/javassist/src/test/test2/LocalVar.java,-1,2972,2970,Not provided,uses21,uses21
95,/home/runner/work/javassist/javassist/src/test/test2/InsertLocal.java,-1,2968,2966,Not provided,uses21,uses21
96,/home/runner/work/javassist/javassist/src/test/test2/InsertAt.java,-1,2964,2962,Not provided,uses21,uses21
97,/home/runner/work/javassist/javassist/src/test/test2/Inner2.java,-1,2960,2958,Not provided,uses21,uses21
98,/home/runner/work/javassist/javassist/src/test/test2/Inner.java,-1,2956,2954,Not provided,uses21,uses21
99,/home/runner/work/javassist/javassist/src/test/javassist/tools/reflect/ClassMetaobjectTest.java,-1,2527,-1,Not provided,uses21,Not provided
100,/home/runner/work/javassist/javassist/src/test/javassist/tools/reflect/LoaderTest.java,-1,2531,2529,Not provided,uses21,uses21
101,/home/runner/work/javassist/javassist/src/test/scoped/jar1/FullyScopedAnnotationUsage.java,-1,2584,2582,Not provided,uses21,uses21
102,/home/runner/work/javassist/javassist/src/test/test1/BenchProceed.java,-1,2695,2693,Not provided,uses21,uses21
103,/home/runner/work/javassist/javassist/src/test/test/javassist/proxy/ProxyFactoryCompatibilityTest.java,-1,2665,2663,Not provided,uses21,uses21
104,/home/runner/work/javassist/javassist/src/test/test/javassist/proxy/ProxySerializationTest.java,-1,2669,2667,Not provided,uses21,uses21
105,/home/runner/work/javassist/javassist/src/test/test/javassist/proxy/ProxySimpleTest.java,-1,2673,2671,Not provided,uses21,uses21
106,/home/runner/work/javassist/javassist/src/test/test/javassist/tools/DefineClassCapability.java,-1,2679,-1,Not provided,uses21,Not provided
107,/home/runner/work/javassist/javassist/src/test/test/javassist/tools/DummyClass.java,-1,2683,2681,Not provided,uses21,uses21
108,/home/runner/work/javassist/javassist/src/test/test1/ArrayAccess.java,-1,2691,2689,Not provided,uses21,uses21
109,/home/runner/work/javassist/javassist/src/test/test1/BenchProceedNew.java,-1,2699,2697,Not provided,uses21,uses21
110,/home/runner/work/javassist/javassist/src/test/javassist/tools/reflect/Person.java,-1,2535,2533,Not provided,uses21,uses21
111,/home/runner/work/javassist/javassist/src/test/test1/BenchStaticMethod.java,-1,2703,2701,Not provided,uses21,uses21
112,/home/runner/work/javassist/javassist/src/test/test1/CalleeAfter.java,-1,2707,2705,Not provided,uses21,uses21
113,/home/runner/work/javassist/javassist/src/test/test1/CalleeAfter2.java,-1,2711,2709,Not provided,uses21,uses21
114,/home/runner/work/javassist/javassist/src/test/test1/CalleeAfter3.java,-1,2715,2713,Not provided,uses21,uses21
115,/home/runner/work/javassist/javassist/src/test/test1/CalleeBefore.java,-1,2719,2717,Not provided,uses21,uses21
116,/home/runner/work/javassist/javassist/src/test/test1/CalleeCatch.java,-1,2723,2721,Not provided,uses21,uses21
117,/home/runner/work/javassist/javassist/src/test/test/javassist/proxy/ProxyCacheGCTest.java,-1,2661,2659,Not provided,uses21,uses21
118,/home/runner/work/javassist/javassist/src/test/test/javassist/proxy/JBPAPP9257Test.java,-1,2657,2655,Not provided,uses21,uses21
119,/home/runner/work/javassist/javassist/src/test/test/javassist/proxy/JASSIST113RegressionTest.java,-1,2653,2651,Not provided,uses21,uses21
120,/home/runner/work/javassist/javassist/src/test/test/javassist/proxy/Foo.java,-1,2649,-1,Not provided,uses21,Not provided
121,/home/runner/work/javassist/javassist/src/test/scoped/TestAnnotation.java,-1,2567,2565,Not provided,uses21,uses21
122,/home/runner/work/javassist/javassist/src/test/test/javassist/convert/ArrayAccessReplaceTest2.java,-1,2638,2636,Not provided,uses21,uses21
123,/home/runner/work/javassist/javassist/src/test/test/javassist/convert/ArrayAccessReplaceTest.java,-1,2634,-1,Not provided,uses21,Not provided
124,/home/runner/work/javassist/javassist/src/test/test/javassist/bytecode/analysis/ScannerTest.java,-1,2628,2626,Not provided,uses21,uses21
125,/home/runner/work/javassist/javassist/src/test/test/javassist/bytecode/analysis/ErrorFinder.java,-1,2624,2622,Not provided,uses21,uses21
126,/home/runner/work/javassist/javassist/src/test/test/javassist/bytecode/analysis/DomTreeTest.java,-1,2620,2618,Not provided,uses21,uses21
127,/home/runner/work/javassist/javassist/src/test/test/javassist/bytecode/analysis/DomTreePrinter.java,-1,2616,2614,Not provided,uses21,uses21
128,/home/runner/work/javassist/javassist/src/test/test/javassist/bytecode/analysis/AnalyzerTest.java,-1,2612,-1,Not provided,uses21,Not provided
129,/home/runner/work/javassist/javassist/src/test/scoped/jar1/TestClass1.java,-1,2600,2598,Not provided,uses21,uses21
130,/home/runner/work/javassist/javassist/src/test/scoped/jar1/ScopedTestAnnotation.java,-1,2596,2594,Not provided,uses21,uses21
131,/home/runner/work/javassist/javassist/src/test/scoped/jar1/ScopedAnnotationUsage.java,-1,2592,2590,Not provided,uses21,uses21
132,/home/runner/work/javassist/javassist/src/test/scoped/UnscopedAnnotationDefaultUsage.java,-1,2571,2569,Not provided,uses21,uses21
133,/home/runner/work/javassist/javassist/src/test/scoped/jar1/ScopedAnnotationDefaultUsage.java,-1,2588,2586,Not provided,uses21,uses21
134,/home/runner/work/javassist/javassist/src/test/test1/Cflow.java,-1,2727,2725,Not provided,uses21,uses21
135,/home/runner/work/javassist/javassist/src/test/test1/Clinit.java,-1,2731,2729,Not provided,uses21,uses21
136,/home/runner/work/javassist/javassist/src/test/test1/Clinit2.java,-1,2735,2733,Not provided,uses21,uses21
137,/home/runner/work/javassist/javassist/src/test/test1/ExprEdit6.java,-1,2783,2781,Not provided,uses21,uses21
138,/home/runner/work/javassist/javassist/src/test/test1/MakeClass.java,-1,2835,2833,Not provided,uses21,uses21
139,/home/runner/work/javassist/javassist/src/test/test1/LocalVars.java,-1,2831,2829,Not provided,uses21,uses21
140,/home/runner/work/javassist/javassist/src/test/test1/LineNumber.java,-1,2827,2825,Not provided,uses21,uses21
141,/home/runner/work/javassist/javassist/src/test/test1/InvokeInt.java,-1,2823,2821,Not provided,uses21,uses21
142,/home/runner/work/javassist/javassist/src/test/test1/Howard.java,-1,2819,2817,Not provided,uses21,uses21
143,/home/runner/work/javassist/javassist/src/test/javassist/tools/reflect/SubClass.java,-1,2539,2537,Not provided,uses21,uses21
144,/home/runner/work/javassist/javassist/src/test/test1/Handler.java,-1,2815,2813,Not provided,uses21,uses21
145,/home/runner/work/javassist/javassist/src/test/test1/GetThrowables.java,-1,2811,2809,Not provided,uses21,uses21
146,/home/runner/work/javassist/javassist/src/test/test1/Freeze.java,-1,2807,2805,Not provided,uses21,uses21
147,/home/runner/work/javassist/javassist/src/test/test1/FieldMod.java,-1,2803,2801,Not provided,uses21,uses21
148,/home/runner/work/javassist/javassist/src/test/test1/FieldInit2.java,-1,2799,2797,Not provided,uses21,uses21
149,/home/runner/work/javassist/javassist/src/test/test1/FieldInit.java,-1,2795,2793,Not provided,uses21,uses21
150,/home/runner/work/javassist/javassist/src/test/test1/ExprEdit8.java,-1,2791,2789,Not provided,uses21,uses21
151,/home/runner/work/javassist/javassist/src/test/test1/ExprEdit7.java,-1,2787,2785,Not provided,uses21,uses21
152,/home/runner/work/javassist/javassist/src/test/test1/ExprEdit5.java,-1,2779,2777,Not provided,uses21,uses21
153,/home/runner/work/javassist/javassist/src/test/scoped/ScopedRepositoryTestCase.java,-1,2563,-1,Not provided,uses21,Not provided
154,/home/runner/work/javassist/javassist/src/test/test2/SuperInterface1.java,-1,3052,3050,Not provided,uses21,uses21
155,/home/runner/work/javassist/javassist/src/test/test1/ExprEdit3.java,-1,2771,2769,Not provided,uses21,uses21
156,/home/runner/work/javassist/javassist/src/test/test1/ExprEdit2.java,-1,2767,2765,Not provided,uses21,uses21
157,/home/runner/work/javassist/javassist/src/test/test1/ExprEdit.java,-1,2763,2761,Not provided,uses21,uses21
158,/home/runner/work/javassist/javassist/src/test/test1/EmptyBody.java,-1,2759,2757,Not provided,uses21,uses21
159,/home/runner/work/javassist/javassist/src/test/test1/DollarClass.java,-1,2755,2753,Not provided,uses21,uses21
160,/home/runner/work/javassist/javassist/src/test/test1/Dispatch.java,-1,2751,2749,Not provided,uses21,uses21
161,/home/runner/work/javassist/javassist/src/test/javassist/tools/reflect/SuperClass.java,-1,2543,2541,Not provided,uses21,uses21
162,/home/runner/work/javassist/javassist/src/test/test1/Delegator.java,-1,2747,2745,Not provided,uses21,uses21
163,/home/runner/work/javassist/javassist/src/test/resources/Readme.txt,-1,2549,-1,Not provided,uses21,Not provided
164,/home/runner/work/javassist/javassist/src/test/resources/empty.jar,-1,2553,2551,Not provided,uses21,uses21
165,/home/runner/work/javassist/javassist/src/test/test1/DefineClassCapability.java,-1,2743,2741,Not provided,uses21,uses21
166,/home/runner/work/javassist/javassist/src/test/resources/simple.jar,-1,2557,2555,Not provided,uses21,uses21
167,/home/runner/work/javassist/javassist/src/test/test1/CodeConv.java,-1,2739,2737,Not provided,uses21,uses21
168,/home/runner/work/javassist/javassist/src/test/test1/ExprEdit4.java,-1,2775,2773,Not provided,uses21,uses21
169,/home/runner/work/javassist/javassist/src/test/test2/SuperInterface2.java,-1,3056,3054,Not provided,uses21,uses21
170,/home/runner/work/javassist/javassist/src/test/test4/MultiCatch.java,-1,3461,3459,Not provided,uses21,uses21
171,/home/runner/work/javassist/javassist/src/test/test4/NewImportPac.java,-1,3469,3467,Not provided,uses21,uses21
172,/home/runner/work/javassist/javassist/src/test/test4/NewRemover.java,-1,3473,3471,Not provided,uses21,uses21
173,/home/runner/work/javassist/javassist/src/test/test4/Rename.java,-1,3477,3475,Not provided,uses21,uses21
174,/home/runner/work/javassist/javassist/src/test/test4/Signature.java,-1,3481,3479,Not provided,uses21,uses21
175,/home/runner/work/javassist/javassist/src/test/test4/VarArgs.java,-1,3485,3483,Not provided,uses21,uses21
176,/home/runner/work/javassist/javassist/src/test/test4/length.java,-1,3489,3487,Not provided,uses21,uses21
177,/home/runner/work/javassist/javassist/src/test/test5/BoolTest.java,-1,3495,-1,Not provided,uses21,Not provided
178,/home/runner/work/javassist/javassist/src/test/test5/DefaultMethod.java,-1,3499,3497,Not provided,uses21,uses21
179,/home/runner/work/javassist/javassist/src/test/test5/DefineClassCapability.java,-1,3503,3501,Not provided,uses21,uses21
180,/home/runner/work/javassist/javassist/src/test/test5/Entity.java,-1,3507,3505,Not provided,uses21,uses21
181,/home/runner/work/javassist/javassist/src/test/test5/InnerClassRemove.java,-1,3511,3509,Not provided,uses21,uses21
182,/home/runner/work/javassist/javassist/src/test/test5/InnerModifier.java,-1,3515,3513,Not provided,uses21,uses21
183,/home/runner/work/javassist/javassist/src/test/test5/InnerModifier2.java,-1,3519,3517,Not provided,uses21,uses21
184,/home/runner/work/javassist/javassist/src/test/test5/InsertAfter.java,-1,3523,3521,Not provided,uses21,uses21
185,/home/runner/work/javassist/javassist/src/test/test5/InsertBeforeDollarR.java,-1,3527,3525,Not provided,uses21,uses21
186,/home/runner/work/javassist/javassist/src/test/test4/NestedClass.java,-1,3465,3463,Not provided,uses21,uses21
187,/home/runner/work/javassist/javassist/src/test/test4/MethodParamTest.java,-1,3457,3455,Not provided,uses21,uses21
188,/home/runner/work/javassist/javassist/src/test/test2/Where.java,-1,3060,3058,Not provided,uses21,uses21
189,/home/runner/work/javassist/javassist/src/test/test4/MakeMethod.java,-1,3453,3451,Not provided,uses21,uses21
190,/home/runner/work/javassist/javassist/src/test/test4/ImportPac.java,-1,3393,3391,Not provided,uses21,uses21
191,/home/runner/work/javassist/javassist/src/test/test4/InvokeDyn.java,-1,3397,3395,Not provided,uses21,uses21
192,/home/runner/work/javassist/javassist/src/test/test4/JIRA152.java,-1,3401,3399,Not provided,uses21,uses21
193,/home/runner/work/javassist/javassist/src/test/test4/JIRA158.java,-1,3405,3403,Not provided,uses21,uses21
194,/home/runner/work/javassist/javassist/src/test/test4/JIRA166.java,-1,3409,3407,Not provided,uses21,uses21
195,/home/runner/work/javassist/javassist/src/test/test4/JIRA181.java,-1,3413,3411,Not provided,uses21,uses21
196,/home/runner/work/javassist/javassist/src/test/test4/JIRA181b.java,-1,3417,3415,Not provided,uses21,uses21
197,/home/runner/work/javassist/javassist/src/test/test4/JIRA186.java,-1,3421,3419,Not provided,uses21,uses21
198,/home/runner/work/javassist/javassist/src/test/test4/JIRA195.java,-1,3425,3423,Not provided,uses21,uses21
199,/home/runner/work/javassist/javassist/src/test/test4/JIRA207.java,-1,3429,3427,Not provided,uses21,uses21
200,/home/runner/work/javassist/javassist/src/test/test4/JIRA212.java,-1,3433,3431,Not provided,uses21,uses21
201,/home/runner/work/javassist/javassist/src/test/test4/JIRA220.java,-1,3437,3435,Not provided,uses21,uses21
202,/home/runner/work/javassist/javassist/src/test/test4/JIRA93.java,-1,3441,3439,Not provided,uses21,uses21
203,/home/runner/work/javassist/javassist/src/test/test4/LocalVars.java,-1,3445,3443,Not provided,uses21,uses21
204,/home/runner/work/javassist/javassist/src/test/test4/Lvtt.java,-1,3449,3447,Not provided,uses21,uses21
205,/home/runner/work/javassist/javassist/src/test/test5/InvalidCastDollar.java,-1,3531,3529,Not provided,uses21,uses21
206,/home/runner/work/javassist/javassist/src/test/test5/Issue155.java,-1,3535,3533,Not provided,uses21,uses21
207,/home/runner/work/javassist/javassist/src/test/test5/JIRA241.java,-1,3539,3537,Not provided,uses21,uses21
208,/home/runner/work/javassist/javassist/src/test/test5/JIRA242.java,-1,3543,3541,Not provided,uses21,uses21
209,/home/runner/work/javassist/javassist/src/test/testproxy/ProxyTester.java,-1,3621,3619,Not provided,uses21,uses21
210,/home/runner/work/javassist/javassist/src/test/testproxy/Target.java,-1,3625,3623,Not provided,uses21,uses21
211,/home/runner/work/javassist/javassist/src/test/testproxy/Target1.java,-1,3629,3627,Not provided,uses21,uses21
212,/home/runner/work/javassist/javassist/src/test/testproxy/Target127.java,-1,3633,3631,Not provided,uses21,uses21
213,/home/runner/work/javassist/javassist/src/test/testproxy/Target189.java,-1,3637,3635,Not provided,uses21,uses21
214,/home/runner/work/javassist/javassist/src/test/testproxy/Target2.java,-1,3641,3639,Not provided,uses21,uses21
215,/home/runner/work/javassist/javassist/src/test/testproxy/Target3.java,-1,3645,3643,Not provided,uses21,uses21
216,/home/runner/work/javassist/javassist/src/test/testproxy/Target4.java,-1,3649,3647,Not provided,uses21,uses21
217,/home/runner/work/javassist/javassist/src/test/testproxy/Target5.java,-1,3653,3651,Not provided,uses21,uses21
218,/home/runner/work/javassist/javassist/src/test/testproxy/TargetInit.java,-1,3657,3655,Not provided,uses21,uses21
219,/home/runner/work/javassist/javassist/src/test/testproxy/sub/TargetSuper.java,-1,3663,-1,Not provided,uses21,Not provided
220,/home/runner/work/javassist/javassist/tutorial/tutorial3.html,-1,3683,3681,Not provided,uses21,uses21
221,/home/runner/work/javassist/javassist/src/test/testproxy/ProxyFactoryPerformanceTest.java,-1,3617,3615,Not provided,uses21,uses21
222,/home/runner/work/javassist/javassist/src/test/testproxy/BridgeMethod.java,-1,3613,-1,Not provided,uses21,Not provided
223,/home/runner/work/javassist/javassist/src/test/test5/VarArgsMethod.java,-1,3607,3605,Not provided,uses21,uses21
224,/home/runner/work/javassist/javassist/src/test/test5/NestHost2.java,-1,3571,3569,Not provided,uses21,uses21
225,/home/runner/work/javassist/javassist/src/test/test5/JIRA246.java,-1,3547,3545,Not provided,uses21,uses21
226,/home/runner/work/javassist/javassist/src/test/test5/JIRA248.java,-1,3551,3549,Not provided,uses21,uses21
227,/home/runner/work/javassist/javassist/src/test/test5/JIRA250Super.java,-1,3555,3553,Not provided,uses21,uses21
228,/home/runner/work/javassist/javassist/src/test/test5/JIRA250Super2.java,-1,3559,3557,Not provided,uses21,uses21
229,/home/runner/work/javassist/javassist/src/test/test5/JavassistInvalidCastTest.java,-1,3563,3561,Not provided,uses21,uses21
230,/home/runner/work/javassist/javassist/src/test/test5/NestHost.java,-1,3567,3565,Not provided,uses21,uses21
231,/home/runner/work/javassist/javassist/src/test/test5/NestHost3.java,-1,3575,3573,Not provided,uses21,uses21
232,/home/runner/work/javassist/javassist/src/test/test5/TypeAnnoA.java,-1,3603,3601,Not provided,uses21,uses21
233,/home/runner/work/javassist/javassist/src/test/test5/NestHost4.java,-1,3579,3577,Not provided,uses21,uses21
234,/home/runner/work/javassist/javassist/src/test/test5/ProceedDefault.java,-1,3583,3581,Not provided,uses21,uses21
235,/home/runner/work/javassist/javassist/src/test/test5/RemoveAnnotation.java,-1,3587,3585,Not provided,uses21,uses21
236,/home/runner/work/javassist/javassist/src/test/test5/StackmapWithArray83.java,-1,3591,3589,Not provided,uses21,uses21
237,/home/runner/work/javassist/javassist/src/test/test5/SwitchCase.java,-1,3595,3593,Not provided,uses21,uses21
238,/home/runner/work/javassist/javassist/src/test/test5/TypeAnno.java,-1,3599,3597,Not provided,uses21,uses21
239,/home/runner/work/javassist/javassist/src/test/test4/GetFieldDesc.java,-1,3389,3387,Not provided,uses21,uses21
240,/home/runner/work/javassist/javassist/src/test/test4/GetAllRefInnerTest.java,-1,3385,3383,Not provided,uses21,uses21
241,/home/runner/work/javassist/javassist/src/test/test4/GetAllRefEnum2.java,-1,3381,3379,Not provided,uses21,uses21
242,/home/runner/work/javassist/javassist/src/test/test3/Mods.java,-1,3202,3200,Not provided,uses21,uses21
243,/home/runner/work/javassist/javassist/src/test/test3/FieldCopy.java,-1,3138,3136,Not provided,uses21,uses21
244,/home/runner/work/javassist/javassist/src/test/test3/Frozen.java,-1,3142,3140,Not provided,uses21,uses21
245,/home/runner/work/javassist/javassist/src/test/test3/GetMethods.java,-1,3146,3144,Not provided,uses21,uses21
246,/home/runner/work/javassist/javassist/src/test/test3/InheritCons.java,-1,3150,3148,Not provided,uses21,uses21
247,/home/runner/work/javassist/javassist/src/test/test3/InnerClass.java,-1,3154,3152,Not provided,uses21,uses21
248,/home/runner/work/javassist/javassist/src/test/test3/InnerMethod.java,-1,3158,3156,Not provided,uses21,uses21
249,/home/runner/work/javassist/javassist/src/test/test3/InsParam.java,-1,3162,3160,Not provided,uses21,uses21
250,/home/runner/work/javassist/javassist/src/test/test3/InsertAfter.java,-1,3166,3164,Not provided,uses21,uses21
251,/home/runner/work/javassist/javassist/src/test/test3/InsertBeforeType.java,-1,3170,3168,Not provided,uses21,uses21
252,/home/runner/work/javassist/javassist/src/test/test3/InvokeArray.java,-1,3174,3172,Not provided,uses21,uses21
253,/home/runner/work/javassist/javassist/src/test/test3/InvokeIntf.java,-1,3178,3176,Not provided,uses21,uses21
254,/home/runner/work/javassist/javassist/src/test/test3/JIRA63.java,-1,3182,3180,Not provided,uses21,uses21
255,/home/runner/work/javassist/javassist/src/test/test3/JIRA63Helper.java,-1,3186,3184,Not provided,uses21,uses21
256,/home/runner/work/javassist/javassist/src/test/test3/MethodRedirect.java,-1,3190,3188,Not provided,uses21,uses21
257,/home/runner/work/javassist/javassist/src/test/test3/MethodRedirect2.java,-1,3194,3192,Not provided,uses21,uses21
258,/home/runner/work/javassist/javassist/src/test/test3/FieldAccessType.java,-1,3134,3132,Not provided,uses21,uses21
259,/home/runner/work/javassist/javassist/src/test/test3/Erasure.java,-1,3130,3128,Not provided,uses21,uses21
260,/home/runner/work/javassist/javassist/src/test/test3/Enhancer.java,-1,3126,3124,Not provided,uses21,uses21
261,/home/runner/work/javassist/javassist/src/test/test3/CheckModify.java,-1,3090,3088,Not provided,uses21,uses21
262,/home/runner/work/javassist/javassist/src/test/test3/Anno.java,-1,3066,-1,Not provided,uses21,Not provided
263,/home/runner/work/javassist/javassist/src/test/test3/Anno2.java,-1,3070,3068,Not provided,uses21,uses21
264,/home/runner/work/javassist/javassist/src/test/test3/Anno3.java,-1,3074,3072,Not provided,uses21,uses21
265,/home/runner/work/javassist/javassist/src/test/test3/Anno6.java,-1,3078,3076,Not provided,uses21,uses21
266,/home/runner/work/javassist/javassist/src/test/test3/AnnoTest.java,-1,3082,3080,Not provided,uses21,uses21
267,/home/runner/work/javassist/javassist/src/test/test3/AnnoTest6.java,-1,3086,3084,Not provided,uses21,uses21
268,/home/runner/work/javassist/javassist/src/test/test3/ChibaAnnotation.java,-1,3094,3092,Not provided,uses21,uses21
269,/home/runner/work/javassist/javassist/src/test/test3/EmptyConstructor.java,-1,3122,3120,Not provided,uses21,uses21
270,/home/runner/work/javassist/javassist/src/test/test3/ColorName.java,-1,3098,3096,Not provided,uses21,uses21
271,/home/runner/work/javassist/javassist/src/test/test3/Constructor.java,-1,3102,3100,Not provided,uses21,uses21
272,/home/runner/work/javassist/javassist/src/test/test3/Constructor2.java,-1,3106,3104,Not provided,uses21,uses21
273,/home/runner/work/javassist/javassist/src/test/javassist/bytecode/SignatureAttributeTest.java,-1,2475,2473,Not provided,uses21,uses21
274,/home/runner/work/javassist/javassist/src/test/test3/DefineClassCapability.java,-1,3114,3112,Not provided,uses21,uses21
275,/home/runner/work/javassist/javassist/src/test/test3/EmptyCatch.java,-1,3118,3116,Not provided,uses21,uses21
276,/home/runner/work/javassist/javassist/src/test/test3/MethodRedirectToStatic.java,-1,3198,3196,Not provided,uses21,uses21
277,/home/runner/work/javassist/javassist/src/test/test3/Name.java,-1,3206,3204,Not provided,uses21,uses21
278,/home/runner/work/javassist/javassist/src/test/test4/GetAllRefAnno2.java,-1,3377,3375,Not provided,uses21,uses21
279,/home/runner/work/javassist/javassist/src/test/test3/NestedClass.java,-1,3210,3208,Not provided,uses21,uses21
280,/home/runner/work/javassist/javassist/src/test/test3/VoidReturn.java,-1,3310,3308,Not provided,uses21,uses21
281,/home/runner/work/javassist/javassist/src/test/test3/sub/Visible.java,-1,3319,3317,Not provided,uses21,uses21
282,/home/runner/work/javassist/javassist/src/test/test4/Aaload.java,-1,3325,-1,Not provided,uses21,Not provided
283,/home/runner/work/javassist/javassist/src/test/test4/AfterTest.java,-1,3329,3327,Not provided,uses21,uses21
284,/home/runner/work/javassist/javassist/src/test/test4/Anno.java,-1,3333,3331,Not provided,uses21,uses21
285,/home/runner/work/javassist/javassist/src/test/test4/Anno1.java,-1,3337,3335,Not provided,uses21,uses21
286,/home/runner/work/javassist/javassist/src/test/test4/AnnoArg.java,-1,3341,3339,Not provided,uses21,uses21
287,/home/runner/work/javassist/javassist/src/test/test4/AnnoLoad.java,-1,3345,3343,Not provided,uses21,uses21
288,/home/runner/work/javassist/javassist/src/test/test4/CodeConv.java,-1,3349,3347,Not provided,uses21,uses21
289,/home/runner/work/javassist/javassist/src/test/test4/CodeConv2.java,-1,3353,3351,Not provided,uses21,uses21
290,/home/runner/work/javassist/javassist/src/test/test4/CtArrayTest.java,-1,3357,3355,Not provided,uses21,uses21
291,/home/runner/work/javassist/javassist/src/test/test4/DeclMethodsList.java,-1,3361,3359,Not provided,uses21,uses21
292,/home/runner/work/javassist/javassist/src/test/test4/DefineClassCapability.java,-1,3365,3363,Not provided,uses21,uses21
293,/home/runner/work/javassist/javassist/src/test/test4/GapSwitch.java,-1,3369,3367,Not provided,uses21,uses21
294,/home/runner/work/javassist/javassist/src/test/test4/GetAllRef.java,-1,3373,3371,Not provided,uses21,uses21
295,/home/runner/work/javassist/javassist/src/test/test3/VisibleAnno.java,-1,3306,3304,Not provided,uses21,uses21
296,/home/runner/work/javassist/javassist/src/test/test3/Visible.java,-1,3302,3300,Not provided,uses21,uses21
297,/home/runner/work/javassist/javassist/src/test/test3/Unique.java,-1,3298,3296,Not provided,uses21,uses21
298,/home/runner/work/javassist/javassist/src/test/test3/RecReplace2.java,-1,3238,3236,Not provided,uses21,uses21
299,/home/runner/work/javassist/javassist/src/test/test3/NewClass2.java,-1,3214,3212,Not provided,uses21,uses21
300,/home/runner/work/javassist/javassist/src/test/test3/NewExprTryCatch.java,-1,3218,3216,Not provided,uses21,uses21
301,/home/runner/work/javassist/javassist/src/test/test3/PackName.java,-1,3222,3220,Not provided,uses21,uses21
302,/home/runner/work/javassist/javassist/src/test/test3/ParamAnno.java,-1,3226,3224,Not provided,uses21,uses21
303,/home/runner/work/javassist/javassist/src/test/test3/PublicInner.java,-1,3230,3228,Not provided,uses21,uses21
304,/home/runner/work/javassist/javassist/src/test/test3/RecReplace.java,-1,3234,3232,Not provided,uses21,uses21
305,/home/runner/work/javassist/javassist/src/test/test3/ReplaceNew.java,-1,3242,3240,Not provided,uses21,uses21
306,/home/runner/work/javassist/javassist/src/test/test3/TransformRead.java,-1,3294,3292,Not provided,uses21,uses21
307,/home/runner/work/javassist/javassist/src/test/test3/SetModifiers.java,-1,3246,3244,Not provided,uses21,uses21
308,/home/runner/work/javassist/javassist/src/test/test3/SigAttribute.java,-1,3250,3248,Not provided,uses21,uses21
309,/home/runner/work/javassist/javassist/src/test/test3/StrBuild.java,-1,3254,3252,Not provided,uses21,uses21
310,/home/runner/work/javassist/javassist/src/test/test3/SubValue.java,-1,3258,3256,Not provided,uses21,uses21
311,/home/runner/work/javassist/javassist/src/test/test3/Superclass.java,-1,3262,3260,Not provided,uses21,uses21
312,/home/runner/work/javassist/javassist/src/test/test3/TransNewClass.java,-1,3290,3288,Not provided,uses21,uses21
313,/home/runner/work/javassist/javassist/src/test/test3/CopyAnno.java,-1,3110,3108,Not provided,uses21,uses21
314,/home/runner/work/javassist/javassist/src/test/VisibleTop.java,-1,2382,2380,Not provided,uses21,uses21
315,/home/runner/work/javassist/javassist/src/test/javassist/bytecode/InsertGap0.java,-1,2471,2469,Not provided,uses21,uses21
316,/home/runner/work/javassist/javassist/src/main/javassist/bytecode/ExceptionTable.java,-1,1580,1578,Not provided,uses21,uses21
317,/home/runner/work/javassist/javassist/src/main/javassist/bytecode/CodeAnalyzer.java,-1,1537,1535,Not provided,uses21,uses21
318,/home/runner/work/javassist/javassist/src/main/javassist/bytecode/CodeAttribute.java,-1,1541,1539,Not provided,uses21,uses21
319,/home/runner/work/javassist/javassist/src/main/javassist/bytecode/ConstantAttribute.java,-1,1559,1557,Not provided,uses21,uses21
320,/home/runner/work/javassist/javassist/src/main/javassist/bytecode/DeprecatedAttribute.java,-1,1563,1561,Not provided,uses21,uses21
321,/home/runner/work/javassist/javassist/src/main/javassist/bytecode/DuplicateMemberException.java,-1,1572,1570,Not provided,uses21,uses21
322,/home/runner/work/javassist/javassist/src/main/javassist/bytecode/EnclosingMethodAttribute.java,-1,1576,1574,Not provided,uses21,uses21
323,/home/runner/work/javassist/javassist/src/main/javassist/bytecode/ExceptionsAttribute.java,-1,1584,1582,Not provided,uses21,uses21
324,/home/runner/work/javassist/javassist/src/main/javassist/bytecode/ByteStream.java,-1,1513,1511,Not provided,uses21,uses21
325,/home/runner/work/javassist/javassist/src/main/javassist/bytecode/FieldInfo.java,-1,1588,1586,Not provided,uses21,uses21
326,/home/runner/work/javassist/javassist/src/main/javassist/bytecode/InnerClassesAttribute.java,-1,1592,1590,Not provided,uses21,uses21
327,/home/runner/work/javassist/javassist/src/main/javassist/bytecode/InstructionPrinter.java,-1,1596,1594,Not provided,uses21,uses21
328,/home/runner/work/javassist/javassist/src/main/javassist/bytecode/LineNumberAttribute.java,-1,1600,1598,Not provided,uses21,uses21
329,/home/runner/work/javassist/javassist/src/main/javassist/bytecode/LocalVariableAttribute.java,-1,1604,1602,Not provided,uses21,uses21
330,/home/runner/work/javassist/javassist/src/main/javassist/bytecode/LocalVariableTypeAttribute.java,-1,1608,1606,Not provided,uses21,uses21
331,/home/runner/work/javassist/javassist/src/main/javassist/bytecode/ClassFilePrinter.java,-1,1528,1526,Not provided,uses21,uses21
332,/home/runner/work/javassist/javassist/src/main/javassist/bytecode/ByteArray.java,-1,1509,1507,Not provided,uses21,uses21
333,/home/runner/work/javassist/javassist/src/main/javassist/bytecode/MethodInfo.java,-1,1616,1614,Not provided,uses21,uses21
334,/home/runner/work/javassist/javassist/src/main/javassist/NotFoundException.java,-1,1466,1464,Not provided,uses21,uses21
335,/home/runner/work/javassist/javassist/src/main/javassist/CtNewWrappedConstructor.java,-1,1442,1440,Not provided,uses21,uses21
336,/home/runner/work/javassist/javassist/src/main/javassist/CtNewWrappedMethod.java,-1,1446,1444,Not provided,uses21,uses21
337,/home/runner/work/javassist/javassist/src/main/javassist/CtPrimitiveType.java,-1,1450,1448,Not provided,uses21,uses21
338,/home/runner/work/javassist/javassist/src/main/javassist/Loader.java,-1,1454,1452,Not provided,uses21,uses21
339,/home/runner/work/javassist/javassist/src/main/javassist/LoaderClassPath.java,-1,1458,1456,Not provided,uses21,uses21
340,/home/runner/work/javassist/javassist/src/main/javassist/Modifier.java,-1,1462,1460,Not provided,uses21,uses21
341,/home/runner/work/javassist/javassist/src/main/javassist/SerialVersionUID.java,-1,1470,1468,Not provided,uses21,uses21
342,/home/runner/work/javassist/javassist/src/main/javassist/bytecode/BootstrapMethodsAttribute.java,-1,1505,1503,Not provided,uses21,uses21
343,/home/runner/work/javassist/javassist/src/main/javassist/Translator.java,-1,1474,1472,Not provided,uses21,uses21
344,/home/runner/work/javassist/javassist/src/main/javassist/URLClassPath.java,-1,1478,1476,Not provided,uses21,uses21
345,/home/runner/work/javassist/javassist/src/main/javassist/bytecode/AccessFlag.java,-1,1484,-1,Not provided,uses21,Not provided
346,/home/runner/work/javassist/javassist/src/main/javassist/bytecode/AnnotationDefaultAttribute.java,-1,1488,1486,Not provided,uses21,uses21
347,/home/runner/work/javassist/javassist/src/main/javassist/bytecode/AttributeInfo.java,-1,1497,1495,Not provided,uses21,uses21
348,/home/runner/work/javassist/javassist/src/main/javassist/bytecode/BadBytecode.java,-1,1501,1499,Not provided,uses21,uses21
349,/home/runner/work/javassist/javassist/src/main/javassist/bytecode/LongVector.java,-1,1612,1610,Not provided,uses21,uses21
350,/home/runner/work/javassist/javassist/src/main/javassist/bytecode/MethodParametersAttribute.java,-1,1620,1618,Not provided,uses21,uses21
351,/home/runner/work/javassist/javassist/src/test/javassist/bytecode/Gap0Example.class,-1,2467,2465,Not provided,uses21,uses21
352,/home/runner/work/javassist/javassist/src/main/javassist/bytecode/annotation/ArrayMemberValue.java,-1,1745,1743,Not provided,uses21,uses21
353,/home/runner/work/javassist/javassist/src/main/javassist/bytecode/analysis/Util.java,-1,1719,1717,Not provided,uses21,uses21
354,/home/runner/work/javassist/javassist/src/main/javassist/bytecode/analysis/package.html,-1,1723,1721,Not provided,uses21,uses21
355,/home/runner/work/javassist/javassist/src/main/javassist/bytecode/annotation/Annotation.java,-1,1729,-1,Not provided,uses21,Not provided
356,/home/runner/work/javassist/javassist/src/main/javassist/bytecode/annotation/AnnotationImpl.java,-1,1733,1731,Not provided,uses21,uses21
357,/home/runner/work/javassist/javassist/src/main/javassist/bytecode/annotation/AnnotationMemberValue.java,-1,1737,1735,Not provided,uses21,uses21
358,/home/runner/work/javassist/javassist/src/main/javassist/bytecode/annotation/AnnotationsWriter.java,-1,1741,1739,Not provided,uses21,uses21
359,/home/runner/work/javassist/javassist/src/main/javassist/bytecode/annotation/BooleanMemberValue.java,-1,1749,1747,Not provided,uses21,uses21
360,/home/runner/work/javassist/javassist/src/main/javassist/bytecode/analysis/SubroutineScanner.java,-1,1711,1709,Not provided,uses21,uses21
361,/home/runner/work/javassist/javassist/src/main/javassist/bytecode/annotation/ByteMemberValue.java,-1,1753,1751,Not provided,uses21,uses21
362,/home/runner/work/javassist/javassist/src/main/javassist/bytecode/annotation/CharMemberValue.java,-1,1757,1755,Not provided,uses21,uses21
363,/home/runner/work/javassist/javassist/src/main/javassist/bytecode/annotation/ClassMemberValue.java,-1,1761,1759,Not provided,uses21,uses21
364,/home/runner/work/javassist/javassist/src/main/javassist/bytecode/annotation/DoubleMemberValue.java,-1,1765,1763,Not provided,uses21,uses21
365,/home/runner/work/javassist/javassist/src/main/javassist/bytecode/annotation/EnumMemberValue.java,-1,1769,1767,Not provided,uses21,uses21
366,/home/runner/work/javassist/javassist/src/main/javassist/bytecode/annotation/FloatMemberValue.java,-1,1773,1771,Not provided,uses21,uses21
367,/home/runner/work/javassist/javassist/src/main/javassist/bytecode/analysis/Type.java,-1,1715,1713,Not provided,uses21,uses21
368,/home/runner/work/javassist/javassist/src/main/javassist/bytecode/analysis/Subroutine.java,-1,1707,1705,Not provided,uses21,uses21
369,/home/runner/work/javassist/javassist/src/main/javassist/bytecode/Mnemonic.java,-1,1624,1622,Not provided,uses21,uses21
370,/home/runner/work/javassist/javassist/src/main/javassist/bytecode/SyntheticAttribute.java,-1,1664,1662,Not provided,uses21,uses21
371,/home/runner/work/javassist/javassist/src/main/javassist/bytecode/NestHostAttribute.java,-1,1628,1626,Not provided,uses21,uses21
372,/home/runner/work/javassist/javassist/src/main/javassist/bytecode/NestMembersAttribute.java,-1,1632,1630,Not provided,uses21,uses21
373,/home/runner/work/javassist/javassist/src/main/javassist/bytecode/Opcode.java,-1,1636,1634,Not provided,uses21,uses21
374,/home/runner/work/javassist/javassist/src/main/javassist/bytecode/ParameterAnnotationsAttribute.java,-1,1640,1638,Not provided,uses21,uses21
375,/home/runner/work/javassist/javassist/src/main/javassist/bytecode/SourceFileAttribute.java,-1,1650,1648,Not provided,uses21,uses21
376,/home/runner/work/javassist/javassist/src/main/javassist/bytecode/StackMap.java,-1,1654,1652,Not provided,uses21,uses21
377,/home/runner/work/javassist/javassist/src/main/javassist/bytecode/TypeAnnotationsAttribute.java,-1,1668,1666,Not provided,uses21,uses21
378,/home/runner/work/javassist/javassist/src/main/javassist/bytecode/analysis/MultiType.java,-1,1703,1701,Not provided,uses21,uses21
379,/home/runner/work/javassist/javassist/src/main/javassist/bytecode/analysis/Analyzer.java,-1,1674,-1,Not provided,uses21,Not provided
380,/home/runner/work/javassist/javassist/src/main/javassist/bytecode/analysis/ControlFlow.java,-1,1678,1676,Not provided,uses21,uses21
381,/home/runner/work/javassist/javassist/src/main/javassist/bytecode/analysis/Frame.java,-1,1687,1685,Not provided,uses21,uses21
382,/home/runner/work/javassist/javassist/src/main/javassist/bytecode/analysis/FramePrinter.java,-1,1691,1689,Not provided,uses21,uses21
383,/home/runner/work/javassist/javassist/src/main/javassist/bytecode/analysis/IntQueue.java,-1,1695,1693,Not provided,uses21,uses21
384,/home/runner/work/javassist/javassist/src/main/javassist/bytecode/analysis/MultiArrayType.java,-1,1699,1697,Not provided,uses21,uses21
385,/home/runner/work/javassist/javassist/src/main/javassist/CtNewMethod.java,-1,1438,1436,Not provided,uses21,uses21
386,/home/runner/work/javassist/javassist/src/main/javassist/CtNewConstructor.java,-1,1434,1432,Not provided,uses21,uses21
387,/home/runner/work/javassist/javassist/src/main/javassist/CtNewClass.java,-1,1430,1428,Not provided,uses21,uses21
388,/home/runner/work/javassist/javassist/build.xml,-1,1129,1127,Not provided,uses21,uses21
389,/home/runner/work/javassist/javassist/.github/workflows/maven.yml,-1,1100,1098,Not provided,uses21,uses21
390,/home/runner/work/javassist/javassist/.gitignore,-1,1108,1106,Not provided,uses21,uses21
391,/home/runner/work/javassist/javassist/Changes.md,-1,1112,1110,Not provided,uses21,uses21
392,/home/runner/work/javassist/javassist/Examples.md,-1,1116,1114,Not provided,uses21,uses21
393,/home/runner/work/javassist/javassist/README.md,-1,1125,1123,Not provided,uses21,uses21
394,/home/runner/work/javassist/javassist/pom.xml,-1,1184,1182,Not provided,uses21,uses21
395,/home/runner/work/javassist/javassist/sample/Test.java,-1,1190,-1,Not provided,uses21,Not provided
396,/home/runner/work/javassist/javassist/sample/duplicate/Ball.java,-1,1196,-1,Not provided,uses21,Not provided
397,/home/runner/work/javassist/javassist/sample/duplicate/DuplicatedObject.java,-1,1200,1198,Not provided,uses21,uses21
398,/home/runner/work/javassist/javassist/sample/duplicate/Main.java,-1,1204,1202,Not provided,uses21,uses21
399,/home/runner/work/javassist/javassist/sample/duplicate/Viewer.java,-1,1208,1206,Not provided,uses21,uses21
400,/home/runner/work/javassist/javassist/sample/evolve/CannotUpdateException.java,-1,1217,1215,Not provided,uses21,uses21
401,/home/runner/work/javassist/javassist/src/main/javassist/CtMethod.java,-1,1426,1424,Not provided,uses21,uses21
402,/home/runner/work/javassist/javassist/sample/evolve/DemoLoader.java,-1,1221,1219,Not provided,uses21,uses21
403,/home/runner/work/javassist/javassist/sample/evolve/DemoServer.java,-1,1225,1223,Not provided,uses21,uses21
404,/home/runner/work/javassist/javassist/sample/evolve/Evolution.java,-1,1229,1227,Not provided,uses21,uses21
405,/home/runner/work/javassist/javassist/src/main/javassist/CannotCompileException.java,-1,1358,1356,Not provided,uses21,uses21
406,/home/runner/work/javassist/javassist/sample/rmi/webdemo.html,-1,1324,1322,Not provided,uses21,uses21
407,/home/runner/work/javassist/javassist/sample/vector/Sample.java,-1,1330,-1,Not provided,uses21,Not provided
408,/home/runner/work/javassist/javassist/sample/vector/Sample2.java,-1,1334,1332,Not provided,uses21,uses21
409,/home/runner/work/javassist/javassist/sample/vector/Test.j,-1,1338,1336,Not provided,uses21,uses21
410,/home/runner/work/javassist/javassist/sample/vector/VectorAssistant.java,-1,1342,1340,Not provided,uses21,uses21
411,/home/runner/work/javassist/javassist/src/main/javassist/ByteArrayClassPath.java,-1,1354,-1,Not provided,uses21,Not provided
412,/home/runner/work/javassist/javassist/src/main/javassist/ClassClassPath.java,-1,1362,1360,Not provided,uses21,uses21
413,/home/runner/work/javassist/javassist/sample/evolve/Sample.java,-1,1233,1231,Not provided,uses21,uses21
414,/home/runner/work/javassist/javassist/src/main/javassist/ClassMap.java,-1,1366,1364,Not provided,uses21,uses21
415,/home/runner/work/javassist/javassist/src/main/javassist/ClassPath.java,-1,1370,1368,Not provided,uses21,uses21
416,/home/runner/work/javassist/javassist/src/main/javassist/ClassPoolTail.java,-1,1380,1378,Not provided,uses21,uses21
417,/home/runner/work/javassist/javassist/src/main/javassist/CtArray.java,-1,1389,1387,Not provided,uses21,uses21
418,/home/runner/work/javassist/javassist/src/main/javassist/CtConstructor.java,-1,1412,1410,Not provided,uses21,uses21
419,/home/runner/work/javassist/javassist/src/main/javassist/CtMember.java,-1,1422,1420,Not provided,uses21,uses21
420,/home/runner/work/javassist/javassist/sample/rmi/start.html,-1,1320,1318,Not provided,uses21,uses21
421,/home/runner/work/javassist/javassist/sample/rmi/inside.gif,-1,1316,1314,Not provided,uses21,uses21
422,/home/runner/work/javassist/javassist/sample/rmi/Counter.java,-1,1312,1310,Not provided,uses21,uses21
423,/home/runner/work/javassist/javassist/sample/rmi/CountApplet.java,-1,1308,1306,Not provided,uses21,uses21
424,/home/runner/work/javassist/javassist/sample/rmi/AlertDialog.java,-1,1304,-1,Not provided,uses21,Not provided
425,/home/runner/work/javassist/javassist/sample/reflect/VerboseMetaobj.java,-1,1298,1296,Not provided,uses21,uses21
426,/home/runner/work/javassist/javassist/sample/reflect/Person.java,-1,1294,1292,Not provided,uses21,uses21
427,/home/runner/work/javassist/javassist/sample/reflect/Main.java,-1,1290,-1,Not provided,uses21,Not provided
428,/home/runner/work/javassist/javassist/sample/preproc/package.html,-1,1284,1282,Not provided,uses21,uses21
429,/home/runner/work/javassist/javassist/sample/preproc/Compiler.java,-1,1280,1278,Not provided,uses21,uses21
430,/home/runner/work/javassist/javassist/sample/preproc/Assistant.java,-1,1276,-1,Not provided,uses21,Not provided
431,/home/runner/work/javassist/javassist/sample/hotswap/Test.java,-1,1265,1263,Not provided,uses21,uses21
432,/home/runner/work/javassist/javassist/sample/evolve/update.html,-1,1257,1255,Not provided,uses21,uses21
433,/home/runner/work/javassist/javassist/sample/evolve/start.html,-1,1253,1251,Not provided,uses21,uses21
434,/home/runner/work/javassist/javassist/sample/evolve/demo.html,-1,1245,1243,Not provided,uses21,uses21
435,/home/runner/work/javassist/javassist/sample/evolve/WebPage.java,-1,1241,1239,Not provided,uses21,uses21
436,/home/runner/work/javassist/javassist/sample/evolve/VersionManager.java,-1,1237,1235,Not provided,uses21,uses21
437,/home/runner/work/javassist/javassist/src/main/javassist/bytecode/annotation/IntegerMemberValue.java,-1,1777,1775,Not provided,uses21,uses21
438,/home/runner/work/javassist/javassist/src/main/javassist/bytecode/annotation/LongMemberValue.java,-1,1781,1779,Not provided,uses21,uses21
439,/home/runner/work/javassist/javassist/src/main/javassist/bytecode/annotation/MemberValue.java,-1,1785,1783,Not provided,uses21,uses21
440,/home/runner/work/javassist/javassist/src/main/javassist/tools/rmi/AppletServer.java,-1,2237,-1,Not provided,uses21,Not provided
441,/home/runner/work/javassist/javassist/src/main/javassist/tools/reflect/Loader.java,-1,2211,2209,Not provided,uses21,uses21
442,/home/runner/work/javassist/javassist/src/main/javassist/tools/reflect/Metalevel.java,-1,2215,2213,Not provided,uses21,uses21
443,/home/runner/work/javassist/javassist/src/main/javassist/tools/reflect/Metaobject.java,-1,2219,2217,Not provided,uses21,uses21
444,/home/runner/work/javassist/javassist/src/main/javassist/tools/reflect/Reflection.java,-1,2223,2221,Not provided,uses21,uses21
445,/home/runner/work/javassist/javassist/src/main/javassist/tools/reflect/Sample.java,-1,2227,2225,Not provided,uses21,uses21
446,/home/runner/work/javassist/javassist/src/main/javassist/tools/reflect/package.html,-1,2231,2229,Not provided,uses21,uses21
447,/home/runner/work/javassist/javassist/src/main/javassist/tools/rmi/ObjectImporter.java,-1,2241,2239,Not provided,uses21,uses21
448,/home/runner/work/javassist/javassist/src/main/javassist/tools/reflect/ClassMetaobject.java,-1,2203,2201,Not provided,uses21,uses21
449,/home/runner/work/javassist/javassist/src/main/javassist/tools/rmi/ObjectNotFoundException.java,-1,2245,2243,Not provided,uses21,uses21
450,/home/runner/work/javassist/javassist/src/main/javassist/tools/rmi/Proxy.java,-1,2249,2247,Not provided,uses21,uses21
451,/home/runner/work/javassist/javassist/src/main/javassist/tools/rmi/RemoteException.java,-1,2253,2251,Not provided,uses21,uses21
452,/home/runner/work/javassist/javassist/src/main/javassist/tools/rmi/RemoteRef.java,-1,2257,2255,Not provided,uses21,uses21
453,/home/runner/work/javassist/javassist/src/main/javassist/tools/rmi/Sample.java,-1,2261,2259,Not provided,uses21,uses21
454,/home/runner/work/javassist/javassist/src/main/javassist/tools/rmi/StubGenerator.java,-1,2265,2263,Not provided,uses21,uses21
455,/home/runner/work/javassist/javassist/src/main/javassist/tools/reflect/Compiler.java,-1,2207,2205,Not provided,uses21,uses21
456,/home/runner/work/javassist/javassist/src/main/javassist/tools/reflect/CannotReflectException.java,-1,2199,2197,Not provided,uses21,uses21
457,/home/runner/work/javassist/javassist/src/main/javassist/runtime/Desc.java,-1,2125,2123,Not provided,uses21,uses21
458,/home/runner/work/javassist/javassist/src/main/javassist/scopedpool/ScopedClassPoolRepositoryImpl.java,-1,2159,2157,Not provided,uses21,uses21
459,/home/runner/work/javassist/javassist/src/main/javassist/runtime/Inner.java,-1,2133,2131,Not provided,uses21,uses21
460,/home/runner/work/javassist/javassist/src/main/javassist/runtime/package.html,-1,2137,2135,Not provided,uses21,uses21
461,/home/runner/work/javassist/javassist/src/main/javassist/scopedpool/ScopedClassPool.java,-1,2143,-1,Not provided,uses21,Not provided
462,/home/runner/work/javassist/javassist/src/main/javassist/scopedpool/ScopedClassPoolFactory.java,-1,2147,2145,Not provided,uses21,uses21
463,/home/runner/work/javassist/javassist/src/main/javassist/scopedpool/ScopedClassPoolFactoryImpl.java,-1,2151,2149,Not provided,uses21,uses21
464,/home/runner/work/javassist/javassist/src/main/javassist/scopedpool/ScopedClassPoolRepository.java,-1,2155,2153,Not provided,uses21,uses21
465,/home/runner/work/javassist/javassist/src/main/javassist/scopedpool/SoftValueHashMap.java,-1,2163,2161,Not provided,uses21,uses21
466,/home/runner/work/javassist/javassist/src/main/javassist/tools/reflect/CannotInvokeException.java,-1,2195,2193,Not provided,uses21,uses21
467,/home/runner/work/javassist/javassist/src/main/javassist/scopedpool/package.html,-1,2167,2165,Not provided,uses21,uses21
468,/home/runner/work/javassist/javassist/src/main/javassist/tools/Callback.java,-1,2173,-1,Not provided,uses21,Not provided
469,/home/runner/work/javassist/javassist/src/main/javassist/tools/Dump.java,-1,2177,2175,Not provided,uses21,uses21
470,/home/runner/work/javassist/javassist/src/main/javassist/tools/framedump.java,-1,2181,2179,Not provided,uses21,uses21
471,/home/runner/work/javassist/javassist/src/main/javassist/tools/package.html,-1,2185,2183,Not provided,uses21,uses21
472,/home/runner/work/javassist/javassist/src/main/javassist/tools/reflect/CannotCreateException.java,-1,2191,-1,Not provided,uses21,Not provided
473,/home/runner/work/javassist/javassist/src/main/javassist/tools/rmi/package.html,-1,2269,2267,Not provided,uses21,uses21
474,/home/runner/work/javassist/javassist/src/main/javassist/tools/web/BadHttpRequest.java,-1,2275,-1,Not provided,uses21,Not provided
475,/home/runner/work/javassist/javassist/src/main/javassist/tools/web/Viewer.java,-1,2279,2277,Not provided,uses21,uses21
476,/home/runner/work/javassist/javassist/src/test/javassist/Bench.java,-1,2398,-1,Not provided,uses21,Not provided
477,/home/runner/work/javassist/javassist/src/test/Jassist150.java,-1,2370,2368,Not provided,uses21,uses21
478,/home/runner/work/javassist/javassist/src/test/Readme.txt,-1,2374,2372,Not provided,uses21,uses21
479,/home/runner/work/javassist/javassist/src/test/Test.java,-1,2378,2376,Not provided,uses21,uses21
480,/home/runner/work/javassist/javassist/src/test/VisibleTop2.java,-1,2386,2384,Not provided,uses21,uses21
481,/home/runner/work/javassist/javassist/src/test/annotation/Test.java,-1,2392,-1,Not provided,uses21,Not provided
482,/home/runner/work/javassist/javassist/src/test/javassist/ClassPoolBench.java,-1,2402,2400,Not provided,uses21,uses21
483,/home/runner/work/javassist/javassist/src/main/javassist/tools/web/Webserver.java,-1,2283,2281,Not provided,uses21,uses21
484,/home/runner/work/javassist/javassist/src/test/javassist/ConcurrentClassDefinitionTest.java,-1,2406,2404,Not provided,uses21,uses21
485,/home/runner/work/javassist/javassist/src/test/javassist/HotswapTest.java,-1,2410,2408,Not provided,uses21,uses21
486,/home/runner/work/javassist/javassist/src/test/javassist/JvstTestRoot.java,-1,2444,2442,Not provided,uses21,uses21
487,/home/runner/work/javassist/javassist/src/test/javassist/LoaderTestByRandall.java,-1,2448,2446,Not provided,uses21,uses21
488,/home/runner/work/javassist/javassist/src/test/javassist/SetterTest.java,-1,2452,2450,Not provided,uses21,uses21
489,/home/runner/work/javassist/javassist/src/test/javassist/bytecode/CodeAnalyzerTest.java,-1,2463,2461,Not provided,uses21,uses21
490,/home/runner/work/javassist/javassist/src/main/javassist/util/proxy/package.html,-1,2362,2360,Not provided,uses21,uses21
491,/home/runner/work/javassist/javassist/src/main/javassist/util/proxy/SerializedProxy.java,-1,2358,2356,Not provided,uses21,uses21
492,/home/runner/work/javassist/javassist/src/main/javassist/util/proxy/SecurityActions.java,-1,2354,2352,Not provided,uses21,uses21
493,/home/runner/work/javassist/javassist/src/main/javassist/util/proxy/RuntimeSupport.java,-1,2350,2348,Not provided,uses21,uses21
494,/home/runner/work/javassist/javassist/src/main/javassist/util/proxy/ProxyObjectOutputStream.java,-1,2346,2344,Not provided,uses21,uses21
495,/home/runner/work/javassist/javassist/src/main/javassist/util/proxy/ProxyObjectInputStream.java,-1,2342,2340,Not provided,uses21,uses21
496,/home/runner/work/javassist/javassist/src/main/javassist/util/proxy/ProxyObject.java,-1,2338,2336,Not provided,uses21,uses21
497,/home/runner/work/javassist/javassist/src/main/javassist/util/proxy/Proxy.java,-1,2327,2325,Not provided,uses21,uses21
498,/home/runner/work/javassist/javassist/src/main/javassist/util/proxy/MethodHandler.java,-1,2323,2321,Not provided,uses21,uses21
499,/home/runner/work/javassist/javassist/src/main/javassist/util/proxy/MethodFilter.java,-1,2319,2317,Not provided,uses21,uses21
500,/home/runner/work/javassist/javassist/src/main/javassist/util/proxy/FactoryHelper.java,-1,2315,2313,Not provided,uses21,uses21
501,/home/runner/work/javassist/javassist/src/main/javassist/util/proxy/DefinePackageHelper.java,-1,2311,2309,Not provided,uses21,uses21
502,/home/runner/work/javassist/javassist/src/main/javassist/util/proxy/DefineClassHelper.java,-1,2307,-1,Not provided,uses21,Not provided
503,/home/runner/work/javassist/javassist/src/main/javassist/util/package.html,-1,2301,2299,Not provided,uses21,uses21
504,/home/runner/work/javassist/javassist/src/main/javassist/util/HotSwapper.java,-1,2297,2295,Not provided,uses21,uses21
505,/home/runner/work/javassist/javassist/src/main/javassist/util/HotSwapAgent.java,-1,2293,-1,Not provided,uses21,Not provided
506,/home/runner/work/javassist/javassist/src/main/javassist/tools/web/package.html,-1,2287,2285,Not provided,uses21,uses21
507,/home/runner/work/javassist/javassist/src/main/javassist/runtime/DotClass.java,-1,2129,2127,Not provided,uses21,uses21
508,/home/runner/work/javassist/javassist/src/main/javassist/runtime/Cflow.java,-1,2121,-1,Not provided,uses21,Not provided
509,/home/runner/work/javassist/javassist/src/main/javassist/bytecode/annotation/MemberValueVisitor.java,-1,1789,1787,Not provided,uses21,uses21
510,/home/runner/work/javassist/javassist/src/main/javassist/compiler/ast/AssignExpr.java,-1,1939,1937,Not provided,uses21,uses21
511,/home/runner/work/javassist/javassist/src/main/javassist/compiler/SymbolTable.java,-1,1908,1906,Not provided,uses21,uses21
512,/home/runner/work/javassist/javassist/src/main/javassist/compiler/SyntaxError.java,-1,1912,1910,Not provided,uses21,uses21
513,/home/runner/work/javassist/javassist/src/main/javassist/compiler/TokenId.java,-1,1916,1914,Not provided,uses21,uses21
514,/home/runner/work/javassist/javassist/src/main/javassist/compiler/ast/ASTList.java,-1,1927,-1,Not provided,uses21,Not provided
515,/home/runner/work/javassist/javassist/src/main/javassist/compiler/ast/ASTree.java,-1,1931,1929,Not provided,uses21,uses21
516,/home/runner/work/javassist/javassist/src/main/javassist/compiler/ast/ArrayInit.java,-1,1935,1933,Not provided,uses21,uses21
517,/home/runner/work/javassist/javassist/src/main/javassist/compiler/ast/BinExpr.java,-1,1943,1941,Not provided,uses21,uses21
518,/home/runner/work/javassist/javassist/src/main/javassist/compiler/NoFieldException.java,-1,1894,1892,Not provided,uses21,uses21
519,/home/runner/work/javassist/javassist/src/main/javassist/compiler/ast/CallExpr.java,-1,1947,1945,Not provided,uses21,uses21
520,/home/runner/work/javassist/javassist/src/main/javassist/compiler/ast/CastExpr.java,-1,1951,1949,Not provided,uses21,uses21
521,/home/runner/work/javassist/javassist/src/main/javassist/compiler/ast/CondExpr.java,-1,1955,1953,Not provided,uses21,uses21
522,/home/runner/work/javassist/javassist/src/main/javassist/compiler/ast/Declarator.java,-1,1959,1957,Not provided,uses21,uses21
523,/home/runner/work/javassist/javassist/src/main/javassist/compiler/ast/DoubleConst.java,-1,1963,1961,Not provided,uses21,uses21
524,/home/runner/work/javassist/javassist/src/main/javassist/compiler/ast/Expr.java,-1,1967,1965,Not provided,uses21,uses21
525,/home/runner/work/javassist/javassist/src/main/javassist/compiler/ProceedHandler.java,-1,1904,1902,Not provided,uses21,uses21
526,/home/runner/work/javassist/javassist/src/main/javassist/compiler/MemberResolver.java,-1,1890,1888,Not provided,uses21,uses21
527,/home/runner/work/javassist/javassist/src/main/javassist/package.html,-1,2115,2113,Not provided,uses21,uses21
528,/home/runner/work/javassist/javassist/src/main/javassist/bytecode/stackmap/BasicBlock.java,-1,1819,-1,Not provided,uses21,Not provided
529,/home/runner/work/javassist/javassist/src/main/javassist/bytecode/annotation/NoSuchClassError.java,-1,1793,1791,Not provided,uses21,uses21
530,/home/runner/work/javassist/javassist/src/main/javassist/bytecode/annotation/ShortMemberValue.java,-1,1797,1795,Not provided,uses21,uses21
531,/home/runner/work/javassist/javassist/src/main/javassist/bytecode/annotation/StringMemberValue.java,-1,1801,1799,Not provided,uses21,uses21
532,/home/runner/work/javassist/javassist/src/main/javassist/bytecode/annotation/TypeAnnotationsWriter.java,-1,1805,1803,Not provided,uses21,uses21
533,/home/runner/work/javassist/javassist/src/main/javassist/bytecode/annotation/package.html,-1,1809,1807,Not provided,uses21,uses21
534,/home/runner/work/javassist/javassist/src/main/javassist/bytecode/package.html,-1,1813,1811,Not provided,uses21,uses21
535,/home/runner/work/javassist/javassist/src/main/javassist/bytecode/stackmap/MapMaker.java,-1,1823,1821,Not provided,uses21,uses21
536,/home/runner/work/javassist/javassist/src/main/javassist/compiler/Lex.java,-1,1880,1878,Not provided,uses21,uses21
537,/home/runner/work/javassist/javassist/src/main/javassist/bytecode/stackmap/TypeTag.java,-1,1837,1835,Not provided,uses21,uses21
538,/home/runner/work/javassist/javassist/src/main/javassist/bytecode/stackmap/TypedBlock.java,-1,1841,1839,Not provided,uses21,uses21
539,/home/runner/work/javassist/javassist/src/main/javassist/compiler/AccessorMaker.java,-1,1847,-1,Not provided,uses21,Not provided
540,/home/runner/work/javassist/javassist/src/main/javassist/compiler/CompileError.java,-1,1858,1856,Not provided,uses21,uses21
541,/home/runner/work/javassist/javassist/src/main/javassist/compiler/JvstTypeChecker.java,-1,1872,1870,Not provided,uses21,uses21
542,/home/runner/work/javassist/javassist/src/main/javassist/compiler/KeywordTable.java,-1,1876,1874,Not provided,uses21,uses21
543,/home/runner/work/javassist/javassist/src/main/javassist/compiler/ast/FieldDecl.java,-1,1971,1969,Not provided,uses21,uses21
544,/home/runner/work/javassist/javassist/src/main/javassist/compiler/ast/InstanceOfExpr.java,-1,1975,1973,Not provided,uses21,uses21
545,/home/runner/work/javassist/javassist/src/main/javassist/compiler/ast/IntConst.java,-1,1979,1977,Not provided,uses21,uses21
546,/home/runner/work/javassist/javassist/src/main/javassist/expr/ExprEditor.java,-1,2083,2081,Not provided,uses21,uses21
547,/home/runner/work/javassist/javassist/src/main/javassist/convert/TransformReadField.java,-1,2057,2055,Not provided,uses21,uses21
548,/home/runner/work/javassist/javassist/src/main/javassist/convert/TransformWriteField.java,-1,2061,2059,Not provided,uses21,uses21
549,/home/runner/work/javassist/javassist/src/main/javassist/convert/Transformer.java,-1,2065,2063,Not provided,uses21,uses21
550,/home/runner/work/javassist/javassist/src/main/javassist/expr/Cast.java,-1,2071,-1,Not provided,uses21,Not provided
551,/home/runner/work/javassist/javassist/src/main/javassist/expr/ConstructorCall.java,-1,2075,2073,Not provided,uses21,uses21
552,/home/runner/work/javassist/javassist/src/main/javassist/expr/Expr.java,-1,2079,2077,Not provided,uses21,uses21
553,/home/runner/work/javassist/javassist/src/main/javassist/expr/FieldAccess.java,-1,2087,2085,Not provided,uses21,uses21
554,/home/runner/work/javassist/javassist/src/main/javassist/compiler/ast/Keyword.java,-1,1983,1981,Not provided,uses21,uses21
555,/home/runner/work/javassist/javassist/src/main/javassist/expr/Handler.java,-1,2091,2089,Not provided,uses21,uses21
556,/home/runner/work/javassist/javassist/src/main/javassist/expr/Instanceof.java,-1,2095,2093,Not provided,uses21,uses21
557,/home/runner/work/javassist/javassist/src/main/javassist/expr/MethodCall.java,-1,2099,2097,Not provided,uses21,uses21
558,/home/runner/work/javassist/javassist/src/main/javassist/expr/NewArray.java,-1,2103,2101,Not provided,uses21,uses21
559,/home/runner/work/javassist/javassist/src/main/javassist/expr/NewExpr.java,-1,2107,2105,Not provided,uses21,uses21
560,/home/runner/work/javassist/javassist/src/main/javassist/expr/package.html,-1,2111,2109,Not provided,uses21,uses21
561,/home/runner/work/javassist/javassist/src/main/javassist/convert/TransformNewClass.java,-1,2053,2051,Not provided,uses21,uses21
562,/home/runner/work/javassist/javassist/src/main/javassist/convert/TransformNew.java,-1,2049,2047,Not provided,uses21,uses21
563,/home/runner/work/javassist/javassist/src/main/javassist/convert/TransformFieldAccess.java,-1,2045,2043,Not provided,uses21,uses21
564,/home/runner/work/javassist/javassist/src/main/javassist/convert/TransformCallToStatic.java,-1,2041,2039,Not provided,uses21,uses21
565,/home/runner/work/javassist/javassist/src/main/javassist/convert/TransformCall.java,-1,2037,2035,Not provided,uses21,uses21
566,/home/runner/work/javassist/javassist/src/main/javassist/convert/TransformBefore.java,-1,2033,2031,Not provided,uses21,uses21
567,/home/runner/work/javassist/javassist/src/main/javassist/convert/TransformAfter.java,-1,2029,2027,Not provided,uses21,uses21
568,/home/runner/work/javassist/javassist/src/main/javassist/convert/TransformAccessArrayField.java,-1,2025,-1,Not provided,uses21,Not provided
569,/home/runner/work/javassist/javassist/src/main/javassist/compiler/ast/Visitor.java,-1,2019,2017,Not provided,uses21,uses21
570,/home/runner/work/javassist/javassist/src/main/javassist/compiler/ast/Variable.java,-1,2015,2013,Not provided,uses21,uses21
571,/home/runner/work/javassist/javassist/src/main/javassist/compiler/ast/Symbol.java,-1,2011,2009,Not provided,uses21,uses21
572,/home/runner/work/javassist/javassist/src/main/javassist/compiler/ast/StringL.java,-1,2007,2005,Not provided,uses21,uses21
573,/home/runner/work/javassist/javassist/src/main/javassist/compiler/ast/Stmnt.java,-1,2003,2001,Not provided,uses21,uses21
574,/home/runner/work/javassist/javassist/src/main/javassist/compiler/ast/Pair.java,-1,1999,1997,Not provided,uses21,uses21
575,/home/runner/work/javassist/javassist/src/main/javassist/compiler/ast/NewExpr.java,-1,1995,1993,Not provided,uses21,uses21
576,/home/runner/work/javassist/javassist/src/main/javassist/compiler/ast/MethodDecl.java,-1,1991,1989,Not provided,uses21,uses21
577,/home/runner/work/javassist/javassist/src/main/javassist/compiler/ast/Member.java,-1,1987,1985,Not provided,uses21,uses21
