,file_name,last_access_index,last_modify_index,creation_index,last_access_step,last_modify_step,creation_step
0,/home/runner/work/javassist/javassist/javassist.jar,-1,1165,1121,Not provided,uses21,uses21
1,/home/runner/work/javassist/javassist/src/test/test3/Switch.java,-1,3264,3243,Not provided,uses21,uses21
2,/home/runner/work/javassist/javassist/src/main/javassist/bytecode/ConstPool.java,-1,1535,1529,Not provided,uses21,uses21
3,/home/runner/work/javassist/javassist/src/main/javassist/compiler/CodeGen.java,-1,1834,1829,Not provided,uses21,uses21
4,/home/runner/work/javassist/javassist/src/main/javassist/CtClassType.java,-1,1389,1384,Not provided,uses21,uses21
5,/home/runner/work/javassist/javassist/src/main/javassist/util/proxy/ProxyFactory.java,-1,2316,2311,Not provided,uses21,uses21
6,/home/runner/work/javassist/javassist/src/main/javassist/bytecode/StackMapTable.java,-1,1640,1636,Not provided,uses21,uses21
7,/home/runner/work/javassist/javassist/src/main/javassist/ClassPool.java,-1,1357,1353,Not provided,uses21,uses21
8,/home/runner/work/javassist/javassist/src/main/javassist/CtBehavior.java,-1,1376,1372,Not provided,uses21,uses21
9,/home/runner/work/javassist/javassist/src/main/javassist/CtClass.java,-1,1382,1378,Not provided,uses21,uses21
10,/home/runner/work/javassist/javassist/src/main/javassist/CtField.java,-1,1399,1395,Not provided,uses21,uses21
11,/home/runner/work/javassist/javassist/src/main/javassist/bytecode/Bytecode.java,-1,1500,1496,Not provided,uses21,uses21
12,/home/runner/work/javassist/javassist/src/main/javassist/bytecode/CodeIterator.java,-1,1527,1523,Not provided,uses21,uses21
13,/home/runner/work/javassist/javassist/src/main/javassist/bytecode/SignatureAttribute.java,-1,1626,1622,Not provided,uses21,uses21
14,/home/runner/work/javassist/javassist/src/test/javassist/JvstTest.java,-1,2398,2394,Not provided,uses21,uses21
15,/home/runner/work/javassist/javassist/src/test/javassist/JvstTest3.java,-1,2410,2406,Not provided,uses21,uses21
16,/home/runner/work/javassist/javassist/src/test/javassist/JvstTest4.java,-1,2416,2412,Not provided,uses21,uses21
17,/home/runner/work/javassist/javassist/src/main/javassist/compiler/Parser.java,-1,1880,1876,Not provided,uses21,uses21
18,/home/runner/work/javassist/javassist/src/test/javassist/JvstTest2.java,-1,2404,2400,Not provided,uses21,uses21
19,/home/runner/work/javassist/javassist/tutorial/tutorial.html,-1,3651,3647,Not provided,uses21,uses21
20,/home/runner/work/javassist/javassist/src/main/javassist/compiler/MemberCodeGen.java,-1,1866,1862,Not provided,uses21,uses21
21,/home/runner/work/javassist/javassist/src/main/javassist/compiler/JvstCodeGen.java,-1,1848,1845,Not provided,uses21,uses21
22,/home/runner/work/javassist/javassist/src/test/test/javassist/convert/InstrumentationTarget.java,-1,2623,2620,Not provided,uses21,uses21
23,/home/runner/work/javassist/javassist/src/main/javassist/bytecode/stackmap/TypeData.java,-1,1813,1810,Not provided,uses21,uses21
24,/home/runner/work/javassist/javassist/src/main/javassist/CodeConverter.java,-1,1366,1363,Not provided,uses21,uses21
25,/home/runner/work/javassist/javassist/src/main/javassist/compiler/Javac.java,-1,1843,1840,Not provided,uses21,uses21
26,/home/runner/work/javassist/javassist/src/main/javassist/bytecode/AnnotationsAttribute.java,-1,1474,1471,Not provided,uses21,uses21
27,/home/runner/work/javassist/javassist/src/main/javassist/bytecode/ClassFile.java,-1,1505,1502,Not provided,uses21,uses21
28,/home/runner/work/javassist/javassist/src/main/javassist/compiler/TypeChecker.java,-1,1901,1898,Not provided,uses21,uses21
29,/home/runner/work/javassist/javassist/src/main/javassist/bytecode/analysis/Executor.java,-1,1663,1660,Not provided,uses21,uses21
30,/home/runner/work/javassist/javassist/src/main/javassist/bytecode/Descriptor.java,-1,1548,1545,Not provided,uses21,uses21
31,/home/runner/work/javassist/javassist/src/test/javassist/bytecode/StackMapTest.java,-1,2461,2458,Not provided,uses21,uses21
32,/home/runner/work/javassist/javassist/src/main/javassist/bytecode/stackmap/Tracer.java,-1,1808,1805,Not provided,uses21,uses21
33,/home/runner/work/javassist/javassist/License.html,-1,1111,1108,Not provided,uses21,uses21
34,/home/runner/work/javassist/javassist/src/test/javassist/JvstTest5.java,-1,2421,2418,Not provided,uses21,uses21
35,/home/runner/work/javassist/javassist/src/test/javassist/bytecode/BytecodeTest.java,-1,2440,-1,Not provided,uses21,Not provided
36,/home/runner/work/javassist/javassist/tutorial/tutorial2.html,-1,3656,3653,Not provided,uses21,uses21
37,/home/runner/work/javassist/javassist/src/test/test2/ArrayLenTest.java,-1,2899,2897,Not provided,uses21,uses21
38,/home/runner/work/javassist/javassist/src/test/test2/AddLocalVar.java,-1,2883,2881,Not provided,uses21,uses21
39,/home/runner/work/javassist/javassist/src/test/test2/AddMethod.java,-1,2887,2885,Not provided,uses21,uses21
40,/home/runner/work/javassist/javassist/src/test/test2/Anon.java,-1,2891,2889,Not provided,uses21,uses21
41,/home/runner/work/javassist/javassist/src/test/test2/ArrayAndNull.java,-1,2895,2893,Not provided,uses21,uses21
42,/home/runner/work/javassist/javassist/src/test/scoped/UnscopedAnnotationDefaultUsage.java,-1,2552,2550,Not provided,uses21,uses21
43,/home/runner/work/javassist/javassist/src/test/test2/Brennan.java,-1,2903,2901,Not provided,uses21,uses21
44,/home/runner/work/javassist/javassist/src/test/test2/CodeGen.java,-1,2907,2905,Not provided,uses21,uses21
45,/home/runner/work/javassist/javassist/src/test/test1/Subtype.java,-1,2871,2869,Not provided,uses21,uses21
46,/home/runner/work/javassist/javassist/src/test/test2/ConstBody.java,-1,2911,2909,Not provided,uses21,uses21
47,/home/runner/work/javassist/javassist/src/test/test2/ConstField.java,-1,2915,2913,Not provided,uses21,uses21
48,/home/runner/work/javassist/javassist/src/test/test1/TryCatch.java,-1,2875,2873,Not provided,uses21,uses21
49,/home/runner/work/javassist/javassist/src/test/test1/StaticConsBody.java,-1,2863,2861,Not provided,uses21,uses21
50,/home/runner/work/javassist/javassist/src/test/test1/StaticField.java,-1,2867,2865,Not provided,uses21,uses21
51,/home/runner/work/javassist/javassist/src/test/test2/DefineClassCapability.java,-1,2923,2921,Not provided,uses21,uses21
52,/home/runner/work/javassist/javassist/src/test/test1/SigType.java,-1,2859,2857,Not provided,uses21,uses21
53,/home/runner/work/javassist/javassist/src/test/test1/SetName.java,-1,2855,2853,Not provided,uses21,uses21
54,/home/runner/work/javassist/javassist/src/test/javassist/proxyfactory/ProxyFactoryTest.java,-1,2492,2490,Not provided,uses21,uses21
55,/home/runner/work/javassist/javassist/src/test/test1/SetBody.java,-1,2851,2849,Not provided,uses21,uses21
56,/home/runner/work/javassist/javassist/src/test/test1/RenameClass.java,-1,2847,2845,Not provided,uses21,uses21
57,/home/runner/work/javassist/javassist/src/test/test1/Proceed3.java,-1,2843,2841,Not provided,uses21,uses21
58,/home/runner/work/javassist/javassist/src/test/test1/Proceed2.java,-1,2839,2837,Not provided,uses21,uses21
59,/home/runner/work/javassist/javassist/src/test/javassist/proxyfactory/Tester.java,-1,2496,2494,Not provided,uses21,uses21
60,/home/runner/work/javassist/javassist/src/test/test1/Proceed.java,-1,2835,2833,Not provided,uses21,uses21
61,/home/runner/work/javassist/javassist/src/test/test1/Point.java,-1,2831,2829,Not provided,uses21,uses21
62,/home/runner/work/javassist/javassist/src/test/javassist/tools/CallbackTest.java,-1,2502,-1,Not provided,uses21,Not provided
63,/home/runner/work/javassist/javassist/src/test/test1/Pac.java,-1,2827,2825,Not provided,uses21,uses21
64,/home/runner/work/javassist/javassist/src/test/test1/NewInterface.java,-1,2823,2821,Not provided,uses21,uses21
65,/home/runner/work/javassist/javassist/src/test/test2/Construct.java,-1,2919,2917,Not provided,uses21,uses21
66,/home/runner/work/javassist/javassist/src/test/test2/Inherit.java,-1,2931,2929,Not provided,uses21,uses21
67,/home/runner/work/javassist/javassist/src/test/test2/Finally.java,-1,2927,2925,Not provided,uses21,uses21
68,/home/runner/work/javassist/javassist/src/test/test1/MakeClass.java,-1,2815,2813,Not provided,uses21,uses21
69,/home/runner/work/javassist/javassist/src/test/javassist/compiler/CodeTest.java,-1,2467,-1,Not provided,uses21,Not provided
70,/home/runner/work/javassist/javassist/src/test/test2/SuperCall.java,-1,3027,3025,Not provided,uses21,uses21
71,/home/runner/work/javassist/javassist/src/test/test2/StaticMember2.java,-1,3023,3021,Not provided,uses21,uses21
72,/home/runner/work/javassist/javassist/src/test/test2/StaticMember.java,-1,3019,3017,Not provided,uses21,uses21
73,/home/runner/work/javassist/javassist/src/test/javassist/compiler/CompTest.java,-1,2471,2469,Not provided,uses21,uses21
74,/home/runner/work/javassist/javassist/src/test/test2/StaticArraysMem.java,-1,3015,3013,Not provided,uses21,uses21
75,/home/runner/work/javassist/javassist/src/test/javassist/compiler/LexTest.java,-1,2475,2473,Not provided,uses21,uses21
76,/home/runner/work/javassist/javassist/src/test/test2/SetExceptions.java,-1,3011,3009,Not provided,uses21,uses21
77,/home/runner/work/javassist/javassist/src/test/test2/ReplaceClassName.java,-1,3007,3005,Not provided,uses21,uses21
78,/home/runner/work/javassist/javassist/src/test/test2/RemoveCall.java,-1,3003,3001,Not provided,uses21,uses21
79,/home/runner/work/javassist/javassist/src/test/test2/Remove.java,-1,2999,2997,Not provided,uses21,uses21
80,/home/runner/work/javassist/javassist/src/test/test2/Prune.java,-1,2995,2993,Not provided,uses21,uses21
81,/home/runner/work/javassist/javassist/src/test/javassist/compiler/ParseTest.java,-1,2479,2477,Not provided,uses21,uses21
82,/home/runner/work/javassist/javassist/src/test/test2/PrivateMethod.java,-1,2991,2989,Not provided,uses21,uses21
83,/home/runner/work/javassist/javassist/src/test/test2/NewOp.java,-1,2987,2985,Not provided,uses21,uses21
84,/home/runner/work/javassist/javassist/src/test/test2/NewExprTry.java,-1,2983,2981,Not provided,uses21,uses21
85,/home/runner/work/javassist/javassist/src/test/test2/NewExprInTry.java,-1,2979,2977,Not provided,uses21,uses21
86,/home/runner/work/javassist/javassist/src/test/javassist/proxyfactory/MyCls.java,-1,2488,2486,Not provided,uses21,uses21
87,/home/runner/work/javassist/javassist/src/test/test2/NewArray.java,-1,2975,2973,Not provided,uses21,uses21
88,/home/runner/work/javassist/javassist/src/test/test2/Nested4.java,-1,2971,2969,Not provided,uses21,uses21
89,/home/runner/work/javassist/javassist/src/test/test2/Nested3.java,-1,2967,2965,Not provided,uses21,uses21
90,/home/runner/work/javassist/javassist/src/test/test2/Nested2.java,-1,2963,2961,Not provided,uses21,uses21
91,/home/runner/work/javassist/javassist/src/test/test2/Nested.java,-1,2959,2957,Not provided,uses21,uses21
92,/home/runner/work/javassist/javassist/src/test/test2/MethodCall.java,-1,2955,2953,Not provided,uses21,uses21
93,/home/runner/work/javassist/javassist/src/test/test2/LocalVar.java,-1,2951,2949,Not provided,uses21,uses21
94,/home/runner/work/javassist/javassist/src/test/test2/InsertLocal.java,-1,2947,2945,Not provided,uses21,uses21
95,/home/runner/work/javassist/javassist/src/test/test2/InsertAt.java,-1,2943,2941,Not provided,uses21,uses21
96,/home/runner/work/javassist/javassist/src/test/test2/Inner2.java,-1,2939,2937,Not provided,uses21,uses21
97,/home/runner/work/javassist/javassist/src/test/test2/Inner.java,-1,2935,2933,Not provided,uses21,uses21
98,/home/runner/work/javassist/javassist/src/test/test1/MySerializableClass.java,-1,2819,2817,Not provided,uses21,uses21
99,/home/runner/work/javassist/javassist/src/test/javassist/tools/reflect/ClassMetaobjectTest.java,-1,2508,-1,Not provided,uses21,Not provided
100,/home/runner/work/javassist/javassist/src/test/scoped/UnscopedAnnotationUsage.java,-1,2556,2554,Not provided,uses21,uses21
101,/home/runner/work/javassist/javassist/src/test/test1/ArrayAccess.java,-1,2671,2669,Not provided,uses21,uses21
102,/home/runner/work/javassist/javassist/src/test/test/javassist/proxy/ProxyCacheGCTest.java,-1,2641,2639,Not provided,uses21,uses21
103,/home/runner/work/javassist/javassist/src/test/test/javassist/proxy/ProxyFactoryCompatibilityTest.java,-1,2645,2643,Not provided,uses21,uses21
104,/home/runner/work/javassist/javassist/src/test/test/javassist/proxy/ProxySerializationTest.java,-1,2649,2647,Not provided,uses21,uses21
105,/home/runner/work/javassist/javassist/src/test/test/javassist/proxy/ProxySimpleTest.java,-1,2653,2651,Not provided,uses21,uses21
106,/home/runner/work/javassist/javassist/src/test/test/javassist/tools/DefineClassCapability.java,-1,2659,-1,Not provided,uses21,Not provided
107,/home/runner/work/javassist/javassist/src/test/test/javassist/tools/DummyClass.java,-1,2663,2661,Not provided,uses21,uses21
108,/home/runner/work/javassist/javassist/src/test/test1/BenchProceed.java,-1,2675,2673,Not provided,uses21,uses21
109,/home/runner/work/javassist/javassist/src/test/javassist/tools/reflect/LoaderTest.java,-1,2512,2510,Not provided,uses21,uses21
110,/home/runner/work/javassist/javassist/src/test/test1/BenchProceedNew.java,-1,2679,2677,Not provided,uses21,uses21
111,/home/runner/work/javassist/javassist/src/test/test1/BenchStaticMethod.java,-1,2683,2681,Not provided,uses21,uses21
112,/home/runner/work/javassist/javassist/src/test/test1/CalleeAfter.java,-1,2687,2685,Not provided,uses21,uses21
113,/home/runner/work/javassist/javassist/src/test/test1/CalleeAfter2.java,-1,2691,2689,Not provided,uses21,uses21
114,/home/runner/work/javassist/javassist/src/test/test1/CalleeAfter3.java,-1,2695,2693,Not provided,uses21,uses21
115,/home/runner/work/javassist/javassist/src/test/test1/CalleeBefore.java,-1,2699,2697,Not provided,uses21,uses21
116,/home/runner/work/javassist/javassist/src/test/test/javassist/proxy/JBPAPP9257Test.java,-1,2637,2635,Not provided,uses21,uses21
117,/home/runner/work/javassist/javassist/src/test/test/javassist/proxy/JASSIST113RegressionTest.java,-1,2633,2631,Not provided,uses21,uses21
118,/home/runner/work/javassist/javassist/src/test/test/javassist/proxy/Foo.java,-1,2629,-1,Not provided,uses21,Not provided
119,/home/runner/work/javassist/javassist/src/test/scoped/ScopedRepositoryTestCase.java,-1,2544,-1,Not provided,uses21,Not provided
120,/home/runner/work/javassist/javassist/src/test/test/javassist/convert/ArrayAccessReplaceTest2.java,-1,2618,2616,Not provided,uses21,uses21
121,/home/runner/work/javassist/javassist/src/test/test/javassist/convert/ArrayAccessReplaceTest.java,-1,2614,-1,Not provided,uses21,Not provided
122,/home/runner/work/javassist/javassist/src/test/test/javassist/bytecode/analysis/ScannerTest.java,-1,2608,2606,Not provided,uses21,uses21
123,/home/runner/work/javassist/javassist/src/test/test/javassist/bytecode/analysis/ErrorFinder.java,-1,2604,2602,Not provided,uses21,uses21
124,/home/runner/work/javassist/javassist/src/test/test/javassist/bytecode/analysis/DomTreeTest.java,-1,2600,2598,Not provided,uses21,uses21
125,/home/runner/work/javassist/javassist/src/test/test/javassist/bytecode/analysis/DomTreePrinter.java,-1,2596,2594,Not provided,uses21,uses21
126,/home/runner/work/javassist/javassist/src/test/test/javassist/bytecode/analysis/AnalyzerTest.java,-1,2592,-1,Not provided,uses21,Not provided
127,/home/runner/work/javassist/javassist/src/test/scoped/jar1/TestClass1.java,-1,2580,2578,Not provided,uses21,uses21
128,/home/runner/work/javassist/javassist/src/test/scoped/jar1/ScopedTestAnnotation.java,-1,2576,2574,Not provided,uses21,uses21
129,/home/runner/work/javassist/javassist/src/test/scoped/jar1/ScopedAnnotationUsage.java,-1,2572,2570,Not provided,uses21,uses21
130,/home/runner/work/javassist/javassist/src/test/scoped/TestAnnotation.java,-1,2548,2546,Not provided,uses21,uses21
131,/home/runner/work/javassist/javassist/src/test/scoped/jar1/ScopedAnnotationDefaultUsage.java,-1,2568,2566,Not provided,uses21,uses21
132,/home/runner/work/javassist/javassist/src/test/scoped/jar1/FullyScopedAnnotationUsage.java,-1,2564,2562,Not provided,uses21,uses21
133,/home/runner/work/javassist/javassist/src/test/test1/CalleeCatch.java,-1,2703,2701,Not provided,uses21,uses21
134,/home/runner/work/javassist/javassist/src/test/test1/Cflow.java,-1,2707,2705,Not provided,uses21,uses21
135,/home/runner/work/javassist/javassist/src/test/test1/Clinit.java,-1,2711,2709,Not provided,uses21,uses21
136,/home/runner/work/javassist/javassist/src/test/test1/ExprEdit5.java,-1,2759,2757,Not provided,uses21,uses21
137,/home/runner/work/javassist/javassist/src/test/test1/LocalVars.java,-1,2811,2809,Not provided,uses21,uses21
138,/home/runner/work/javassist/javassist/src/test/test1/LineNumber.java,-1,2807,2805,Not provided,uses21,uses21
139,/home/runner/work/javassist/javassist/src/test/test1/InvokeInt.java,-1,2803,2801,Not provided,uses21,uses21
140,/home/runner/work/javassist/javassist/src/test/test1/Howard.java,-1,2799,2797,Not provided,uses21,uses21
141,/home/runner/work/javassist/javassist/src/test/test1/Handler.java,-1,2795,2793,Not provided,uses21,uses21
142,/home/runner/work/javassist/javassist/src/test/javassist/tools/reflect/Person.java,-1,2516,2514,Not provided,uses21,uses21
143,/home/runner/work/javassist/javassist/src/test/test1/GetThrowables.java,-1,2791,2789,Not provided,uses21,uses21
144,/home/runner/work/javassist/javassist/src/test/test1/Freeze.java,-1,2787,2785,Not provided,uses21,uses21
145,/home/runner/work/javassist/javassist/src/test/test1/FieldMod.java,-1,2783,2781,Not provided,uses21,uses21
146,/home/runner/work/javassist/javassist/src/test/test1/FieldInit2.java,-1,2779,2777,Not provided,uses21,uses21
147,/home/runner/work/javassist/javassist/src/test/test1/FieldInit.java,-1,2775,2773,Not provided,uses21,uses21
148,/home/runner/work/javassist/javassist/src/test/test1/ExprEdit8.java,-1,2771,2769,Not provided,uses21,uses21
149,/home/runner/work/javassist/javassist/src/test/test1/ExprEdit7.java,-1,2767,2765,Not provided,uses21,uses21
150,/home/runner/work/javassist/javassist/src/test/test1/ExprEdit6.java,-1,2763,2761,Not provided,uses21,uses21
151,/home/runner/work/javassist/javassist/src/test/test1/ExprEdit4.java,-1,2755,2753,Not provided,uses21,uses21
152,/home/runner/work/javassist/javassist/src/test/resources/simple.jar,-1,2538,2536,Not provided,uses21,uses21
153,/home/runner/work/javassist/javassist/src/test/test2/SuperInterface1.java,-1,3031,3029,Not provided,uses21,uses21
154,/home/runner/work/javassist/javassist/src/test/test1/ExprEdit2.java,-1,2747,2745,Not provided,uses21,uses21
155,/home/runner/work/javassist/javassist/src/test/test1/ExprEdit.java,-1,2743,2741,Not provided,uses21,uses21
156,/home/runner/work/javassist/javassist/src/test/test1/EmptyBody.java,-1,2739,2737,Not provided,uses21,uses21
157,/home/runner/work/javassist/javassist/src/test/test1/DollarClass.java,-1,2735,2733,Not provided,uses21,uses21
158,/home/runner/work/javassist/javassist/src/test/test1/Dispatch.java,-1,2731,2729,Not provided,uses21,uses21
159,/home/runner/work/javassist/javassist/src/test/test1/Delegator.java,-1,2727,2725,Not provided,uses21,uses21
160,/home/runner/work/javassist/javassist/src/test/javassist/tools/reflect/SubClass.java,-1,2520,2518,Not provided,uses21,uses21
161,/home/runner/work/javassist/javassist/src/test/test1/DefineClassCapability.java,-1,2723,2721,Not provided,uses21,uses21
162,/home/runner/work/javassist/javassist/src/test/javassist/tools/reflect/SuperClass.java,-1,2524,2522,Not provided,uses21,uses21
163,/home/runner/work/javassist/javassist/src/test/resources/Readme.txt,-1,2530,-1,Not provided,uses21,Not provided
164,/home/runner/work/javassist/javassist/src/test/resources/empty.jar,-1,2534,2532,Not provided,uses21,uses21
165,/home/runner/work/javassist/javassist/src/test/test1/CodeConv.java,-1,2719,2717,Not provided,uses21,uses21
166,/home/runner/work/javassist/javassist/src/test/test1/Clinit2.java,-1,2715,2713,Not provided,uses21,uses21
167,/home/runner/work/javassist/javassist/src/test/test1/ExprEdit3.java,-1,2751,2749,Not provided,uses21,uses21
168,/home/runner/work/javassist/javassist/src/test/test2/SuperInterface2.java,-1,3035,3033,Not provided,uses21,uses21
169,/home/runner/work/javassist/javassist/src/test/test4/MultiCatch.java,-1,3438,3436,Not provided,uses21,uses21
170,/home/runner/work/javassist/javassist/src/test/test4/NewImportPac.java,-1,3446,3444,Not provided,uses21,uses21
171,/home/runner/work/javassist/javassist/src/test/test4/NewRemover.java,-1,3450,3448,Not provided,uses21,uses21
172,/home/runner/work/javassist/javassist/src/test/test4/Rename.java,-1,3454,3452,Not provided,uses21,uses21
173,/home/runner/work/javassist/javassist/src/test/test4/Signature.java,-1,3458,3456,Not provided,uses21,uses21
174,/home/runner/work/javassist/javassist/src/test/test4/VarArgs.java,-1,3462,3460,Not provided,uses21,uses21
175,/home/runner/work/javassist/javassist/src/test/test4/length.java,-1,3466,3464,Not provided,uses21,uses21
176,/home/runner/work/javassist/javassist/src/test/test5/BoolTest.java,-1,3472,-1,Not provided,uses21,Not provided
177,/home/runner/work/javassist/javassist/src/test/test5/DefaultMethod.java,-1,3476,3474,Not provided,uses21,uses21
178,/home/runner/work/javassist/javassist/src/test/test5/DefineClassCapability.java,-1,3480,3478,Not provided,uses21,uses21
179,/home/runner/work/javassist/javassist/src/test/test5/Entity.java,-1,3484,3482,Not provided,uses21,uses21
180,/home/runner/work/javassist/javassist/src/test/test5/InnerClassRemove.java,-1,3488,3486,Not provided,uses21,uses21
181,/home/runner/work/javassist/javassist/src/test/test5/InnerModifier.java,-1,3492,3490,Not provided,uses21,uses21
182,/home/runner/work/javassist/javassist/src/test/test5/InnerModifier2.java,-1,3496,3494,Not provided,uses21,uses21
183,/home/runner/work/javassist/javassist/src/test/test5/InsertAfter.java,-1,3500,3498,Not provided,uses21,uses21
184,/home/runner/work/javassist/javassist/src/test/test5/InsertBeforeDollarR.java,-1,3504,3502,Not provided,uses21,uses21
185,/home/runner/work/javassist/javassist/src/test/test4/NestedClass.java,-1,3442,3440,Not provided,uses21,uses21
186,/home/runner/work/javassist/javassist/src/test/test4/MethodParamTest.java,-1,3434,3432,Not provided,uses21,uses21
187,/home/runner/work/javassist/javassist/src/test/test2/Where.java,-1,3039,3037,Not provided,uses21,uses21
188,/home/runner/work/javassist/javassist/src/test/test4/MakeMethod.java,-1,3430,3428,Not provided,uses21,uses21
189,/home/runner/work/javassist/javassist/src/test/test4/ImportPac.java,-1,3370,3368,Not provided,uses21,uses21
190,/home/runner/work/javassist/javassist/src/test/test4/InvokeDyn.java,-1,3374,3372,Not provided,uses21,uses21
191,/home/runner/work/javassist/javassist/src/test/test4/JIRA152.java,-1,3378,3376,Not provided,uses21,uses21
192,/home/runner/work/javassist/javassist/src/test/test4/JIRA158.java,-1,3382,3380,Not provided,uses21,uses21
193,/home/runner/work/javassist/javassist/src/test/test4/JIRA166.java,-1,3386,3384,Not provided,uses21,uses21
194,/home/runner/work/javassist/javassist/src/test/test4/JIRA181.java,-1,3390,3388,Not provided,uses21,uses21
195,/home/runner/work/javassist/javassist/src/test/test4/JIRA181b.java,-1,3394,3392,Not provided,uses21,uses21
196,/home/runner/work/javassist/javassist/src/test/test4/JIRA186.java,-1,3398,3396,Not provided,uses21,uses21
197,/home/runner/work/javassist/javassist/src/test/test4/JIRA195.java,-1,3402,3400,Not provided,uses21,uses21
198,/home/runner/work/javassist/javassist/src/test/test4/JIRA207.java,-1,3406,3404,Not provided,uses21,uses21
199,/home/runner/work/javassist/javassist/src/test/test4/JIRA212.java,-1,3410,3408,Not provided,uses21,uses21
200,/home/runner/work/javassist/javassist/src/test/test4/JIRA220.java,-1,3414,3412,Not provided,uses21,uses21
201,/home/runner/work/javassist/javassist/src/test/test4/JIRA93.java,-1,3418,3416,Not provided,uses21,uses21
202,/home/runner/work/javassist/javassist/src/test/test4/LocalVars.java,-1,3422,3420,Not provided,uses21,uses21
203,/home/runner/work/javassist/javassist/src/test/test4/Lvtt.java,-1,3426,3424,Not provided,uses21,uses21
204,/home/runner/work/javassist/javassist/src/test/test5/InvalidCastDollar.java,-1,3508,3506,Not provided,uses21,uses21
205,/home/runner/work/javassist/javassist/src/test/test5/Issue155.java,-1,3512,3510,Not provided,uses21,uses21
206,/home/runner/work/javassist/javassist/src/test/test5/JIRA241.java,-1,3516,3514,Not provided,uses21,uses21
207,/home/runner/work/javassist/javassist/src/test/test5/JIRA242.java,-1,3520,3518,Not provided,uses21,uses21
208,/home/runner/work/javassist/javassist/src/test/testproxy/ProxyTester.java,-1,3598,3596,Not provided,uses21,uses21
209,/home/runner/work/javassist/javassist/src/test/testproxy/Target.java,-1,3602,3600,Not provided,uses21,uses21
210,/home/runner/work/javassist/javassist/src/test/testproxy/Target1.java,-1,3606,3604,Not provided,uses21,uses21
211,/home/runner/work/javassist/javassist/src/test/testproxy/Target127.java,-1,3610,3608,Not provided,uses21,uses21
212,/home/runner/work/javassist/javassist/src/test/testproxy/Target189.java,-1,3614,3612,Not provided,uses21,uses21
213,/home/runner/work/javassist/javassist/src/test/testproxy/Target2.java,-1,3618,3616,Not provided,uses21,uses21
214,/home/runner/work/javassist/javassist/src/test/testproxy/Target3.java,-1,3622,3620,Not provided,uses21,uses21
215,/home/runner/work/javassist/javassist/src/test/testproxy/Target4.java,-1,3626,3624,Not provided,uses21,uses21
216,/home/runner/work/javassist/javassist/src/test/testproxy/Target5.java,-1,3630,3628,Not provided,uses21,uses21
217,/home/runner/work/javassist/javassist/src/test/testproxy/TargetInit.java,-1,3634,3632,Not provided,uses21,uses21
218,/home/runner/work/javassist/javassist/src/test/testproxy/sub/TargetSuper.java,-1,3640,-1,Not provided,uses21,Not provided
219,/home/runner/work/javassist/javassist/tutorial/tutorial3.html,-1,3660,3658,Not provided,uses21,uses21
220,/home/runner/work/javassist/javassist/src/test/testproxy/ProxyFactoryPerformanceTest.java,-1,3594,3592,Not provided,uses21,uses21
221,/home/runner/work/javassist/javassist/src/test/testproxy/BridgeMethod.java,-1,3590,-1,Not provided,uses21,Not provided
222,/home/runner/work/javassist/javassist/src/test/test5/VarArgsMethod.java,-1,3584,3582,Not provided,uses21,uses21
223,/home/runner/work/javassist/javassist/src/test/test5/NestHost2.java,-1,3548,3546,Not provided,uses21,uses21
224,/home/runner/work/javassist/javassist/src/test/test5/JIRA246.java,-1,3524,3522,Not provided,uses21,uses21
225,/home/runner/work/javassist/javassist/src/test/test5/JIRA248.java,-1,3528,3526,Not provided,uses21,uses21
226,/home/runner/work/javassist/javassist/src/test/test5/JIRA250Super.java,-1,3532,3530,Not provided,uses21,uses21
227,/home/runner/work/javassist/javassist/src/test/test5/JIRA250Super2.java,-1,3536,3534,Not provided,uses21,uses21
228,/home/runner/work/javassist/javassist/src/test/test5/JavassistInvalidCastTest.java,-1,3540,3538,Not provided,uses21,uses21
229,/home/runner/work/javassist/javassist/src/test/test5/NestHost.java,-1,3544,3542,Not provided,uses21,uses21
230,/home/runner/work/javassist/javassist/src/test/test5/NestHost3.java,-1,3552,3550,Not provided,uses21,uses21
231,/home/runner/work/javassist/javassist/src/test/test5/TypeAnnoA.java,-1,3580,3578,Not provided,uses21,uses21
232,/home/runner/work/javassist/javassist/src/test/test5/NestHost4.java,-1,3556,3554,Not provided,uses21,uses21
233,/home/runner/work/javassist/javassist/src/test/test5/ProceedDefault.java,-1,3560,3558,Not provided,uses21,uses21
234,/home/runner/work/javassist/javassist/src/test/test5/RemoveAnnotation.java,-1,3564,3562,Not provided,uses21,uses21
235,/home/runner/work/javassist/javassist/src/test/test5/StackmapWithArray83.java,-1,3568,3566,Not provided,uses21,uses21
236,/home/runner/work/javassist/javassist/src/test/test5/SwitchCase.java,-1,3572,3570,Not provided,uses21,uses21
237,/home/runner/work/javassist/javassist/src/test/test5/TypeAnno.java,-1,3576,3574,Not provided,uses21,uses21
238,/home/runner/work/javassist/javassist/src/test/test4/GetFieldDesc.java,-1,3366,3364,Not provided,uses21,uses21
239,/home/runner/work/javassist/javassist/src/test/test4/GetAllRefInnerTest.java,-1,3362,3360,Not provided,uses21,uses21
240,/home/runner/work/javassist/javassist/src/test/test4/GetAllRefEnum2.java,-1,3358,3356,Not provided,uses21,uses21
241,/home/runner/work/javassist/javassist/src/test/test3/Mods.java,-1,3181,3179,Not provided,uses21,uses21
242,/home/runner/work/javassist/javassist/src/test/test3/FieldCopy.java,-1,3117,3115,Not provided,uses21,uses21
243,/home/runner/work/javassist/javassist/src/test/test3/Frozen.java,-1,3121,3119,Not provided,uses21,uses21
244,/home/runner/work/javassist/javassist/src/test/test3/GetMethods.java,-1,3125,3123,Not provided,uses21,uses21
245,/home/runner/work/javassist/javassist/src/test/test3/InheritCons.java,-1,3129,3127,Not provided,uses21,uses21
246,/home/runner/work/javassist/javassist/src/test/test3/InnerClass.java,-1,3133,3131,Not provided,uses21,uses21
247,/home/runner/work/javassist/javassist/src/test/test3/InnerMethod.java,-1,3137,3135,Not provided,uses21,uses21
248,/home/runner/work/javassist/javassist/src/test/test3/InsParam.java,-1,3141,3139,Not provided,uses21,uses21
249,/home/runner/work/javassist/javassist/src/test/test3/InsertAfter.java,-1,3145,3143,Not provided,uses21,uses21
250,/home/runner/work/javassist/javassist/src/test/test3/InsertBeforeType.java,-1,3149,3147,Not provided,uses21,uses21
251,/home/runner/work/javassist/javassist/src/test/test3/InvokeArray.java,-1,3153,3151,Not provided,uses21,uses21
252,/home/runner/work/javassist/javassist/src/test/test3/InvokeIntf.java,-1,3157,3155,Not provided,uses21,uses21
253,/home/runner/work/javassist/javassist/src/test/test3/JIRA63.java,-1,3161,3159,Not provided,uses21,uses21
254,/home/runner/work/javassist/javassist/src/test/test3/JIRA63Helper.java,-1,3165,3163,Not provided,uses21,uses21
255,/home/runner/work/javassist/javassist/src/test/test3/MethodRedirect.java,-1,3169,3167,Not provided,uses21,uses21
256,/home/runner/work/javassist/javassist/src/test/test3/MethodRedirect2.java,-1,3173,3171,Not provided,uses21,uses21
257,/home/runner/work/javassist/javassist/src/test/test3/FieldAccessType.java,-1,3113,3111,Not provided,uses21,uses21
258,/home/runner/work/javassist/javassist/src/test/test3/Erasure.java,-1,3109,3107,Not provided,uses21,uses21
259,/home/runner/work/javassist/javassist/src/test/test3/Enhancer.java,-1,3105,3103,Not provided,uses21,uses21
260,/home/runner/work/javassist/javassist/src/test/test3/CheckModify.java,-1,3069,3067,Not provided,uses21,uses21
261,/home/runner/work/javassist/javassist/src/test/test3/Anno.java,-1,3045,-1,Not provided,uses21,Not provided
262,/home/runner/work/javassist/javassist/src/test/test3/Anno2.java,-1,3049,3047,Not provided,uses21,uses21
263,/home/runner/work/javassist/javassist/src/test/test3/Anno3.java,-1,3053,3051,Not provided,uses21,uses21
264,/home/runner/work/javassist/javassist/src/test/test3/Anno6.java,-1,3057,3055,Not provided,uses21,uses21
265,/home/runner/work/javassist/javassist/src/test/test3/AnnoTest.java,-1,3061,3059,Not provided,uses21,uses21
266,/home/runner/work/javassist/javassist/src/test/test3/AnnoTest6.java,-1,3065,3063,Not provided,uses21,uses21
267,/home/runner/work/javassist/javassist/src/test/test3/ChibaAnnotation.java,-1,3073,3071,Not provided,uses21,uses21
268,/home/runner/work/javassist/javassist/src/test/test3/EmptyConstructor.java,-1,3101,3099,Not provided,uses21,uses21
269,/home/runner/work/javassist/javassist/src/test/test3/ColorName.java,-1,3077,3075,Not provided,uses21,uses21
270,/home/runner/work/javassist/javassist/src/test/test3/Constructor.java,-1,3081,3079,Not provided,uses21,uses21
271,/home/runner/work/javassist/javassist/src/test/javassist/bytecode/SignatureAttributeTest.java,-1,2456,2454,Not provided,uses21,uses21
272,/home/runner/work/javassist/javassist/src/test/test3/CopyAnno.java,-1,3089,3087,Not provided,uses21,uses21
273,/home/runner/work/javassist/javassist/src/test/test3/DefineClassCapability.java,-1,3093,3091,Not provided,uses21,uses21
274,/home/runner/work/javassist/javassist/src/test/test3/EmptyCatch.java,-1,3097,3095,Not provided,uses21,uses21
275,/home/runner/work/javassist/javassist/src/test/test3/MethodRedirectToStatic.java,-1,3177,3175,Not provided,uses21,uses21
276,/home/runner/work/javassist/javassist/src/test/test3/Name.java,-1,3185,3183,Not provided,uses21,uses21
277,/home/runner/work/javassist/javassist/src/test/test4/GetAllRefAnno2.java,-1,3354,3352,Not provided,uses21,uses21
278,/home/runner/work/javassist/javassist/src/test/test3/NestedClass.java,-1,3189,3187,Not provided,uses21,uses21
279,/home/runner/work/javassist/javassist/src/test/test3/VoidReturn.java,-1,3288,3286,Not provided,uses21,uses21
280,/home/runner/work/javassist/javassist/src/test/test3/sub/Visible.java,-1,3296,3294,Not provided,uses21,uses21
281,/home/runner/work/javassist/javassist/src/test/test4/Aaload.java,-1,3302,-1,Not provided,uses21,Not provided
282,/home/runner/work/javassist/javassist/src/test/test4/AfterTest.java,-1,3306,3304,Not provided,uses21,uses21
283,/home/runner/work/javassist/javassist/src/test/test4/Anno.java,-1,3310,3308,Not provided,uses21,uses21
284,/home/runner/work/javassist/javassist/src/test/test4/Anno1.java,-1,3314,3312,Not provided,uses21,uses21
285,/home/runner/work/javassist/javassist/src/test/test4/AnnoArg.java,-1,3318,3316,Not provided,uses21,uses21
286,/home/runner/work/javassist/javassist/src/test/test4/AnnoLoad.java,-1,3322,3320,Not provided,uses21,uses21
287,/home/runner/work/javassist/javassist/src/test/test4/CodeConv.java,-1,3326,3324,Not provided,uses21,uses21
288,/home/runner/work/javassist/javassist/src/test/test4/CodeConv2.java,-1,3330,3328,Not provided,uses21,uses21
289,/home/runner/work/javassist/javassist/src/test/test4/CtArrayTest.java,-1,3334,3332,Not provided,uses21,uses21
290,/home/runner/work/javassist/javassist/src/test/test4/DeclMethodsList.java,-1,3338,3336,Not provided,uses21,uses21
291,/home/runner/work/javassist/javassist/src/test/test4/DefineClassCapability.java,-1,3342,3340,Not provided,uses21,uses21
292,/home/runner/work/javassist/javassist/src/test/test4/GapSwitch.java,-1,3346,3344,Not provided,uses21,uses21
293,/home/runner/work/javassist/javassist/src/test/test4/GetAllRef.java,-1,3350,3348,Not provided,uses21,uses21
294,/home/runner/work/javassist/javassist/src/test/test3/VisibleAnno.java,-1,3284,3282,Not provided,uses21,uses21
295,/home/runner/work/javassist/javassist/src/test/test3/Visible.java,-1,3280,3278,Not provided,uses21,uses21
296,/home/runner/work/javassist/javassist/src/test/test3/Unique.java,-1,3276,3274,Not provided,uses21,uses21
297,/home/runner/work/javassist/javassist/src/test/test3/RecReplace2.java,-1,3217,3215,Not provided,uses21,uses21
298,/home/runner/work/javassist/javassist/src/test/test3/NewClass2.java,-1,3193,3191,Not provided,uses21,uses21
299,/home/runner/work/javassist/javassist/src/test/test3/NewExprTryCatch.java,-1,3197,3195,Not provided,uses21,uses21
300,/home/runner/work/javassist/javassist/src/test/test3/PackName.java,-1,3201,3199,Not provided,uses21,uses21
301,/home/runner/work/javassist/javassist/src/test/test3/ParamAnno.java,-1,3205,3203,Not provided,uses21,uses21
302,/home/runner/work/javassist/javassist/src/test/test3/PublicInner.java,-1,3209,3207,Not provided,uses21,uses21
303,/home/runner/work/javassist/javassist/src/test/test3/RecReplace.java,-1,3213,3211,Not provided,uses21,uses21
304,/home/runner/work/javassist/javassist/src/test/test3/ReplaceNew.java,-1,3221,3219,Not provided,uses21,uses21
305,/home/runner/work/javassist/javassist/src/test/test3/TransformRead.java,-1,3272,3270,Not provided,uses21,uses21
306,/home/runner/work/javassist/javassist/src/test/test3/SetModifiers.java,-1,3225,3223,Not provided,uses21,uses21
307,/home/runner/work/javassist/javassist/src/test/test3/SigAttribute.java,-1,3229,3227,Not provided,uses21,uses21
308,/home/runner/work/javassist/javassist/src/test/test3/StrBuild.java,-1,3233,3231,Not provided,uses21,uses21
309,/home/runner/work/javassist/javassist/src/test/test3/SubValue.java,-1,3237,3235,Not provided,uses21,uses21
310,/home/runner/work/javassist/javassist/src/test/test3/Superclass.java,-1,3241,3239,Not provided,uses21,uses21
311,/home/runner/work/javassist/javassist/src/test/test3/TransNewClass.java,-1,3268,3266,Not provided,uses21,uses21
312,/home/runner/work/javassist/javassist/src/test/test3/Constructor2.java,-1,3085,3083,Not provided,uses21,uses21
313,/home/runner/work/javassist/javassist/src/test/VisibleTop.java,-1,2364,2362,Not provided,uses21,uses21
314,/home/runner/work/javassist/javassist/src/test/javassist/bytecode/InsertGap0.java,-1,2452,2450,Not provided,uses21,uses21
315,/home/runner/work/javassist/javassist/src/main/javassist/bytecode/ExceptionTable.java,-1,1560,1558,Not provided,uses21,uses21
316,/home/runner/work/javassist/javassist/src/main/javassist/bytecode/CodeAnalyzer.java,-1,1517,1515,Not provided,uses21,uses21
317,/home/runner/work/javassist/javassist/src/main/javassist/bytecode/CodeAttribute.java,-1,1521,1519,Not provided,uses21,uses21
318,/home/runner/work/javassist/javassist/src/main/javassist/bytecode/ConstantAttribute.java,-1,1539,1537,Not provided,uses21,uses21
319,/home/runner/work/javassist/javassist/src/main/javassist/bytecode/DeprecatedAttribute.java,-1,1543,1541,Not provided,uses21,uses21
320,/home/runner/work/javassist/javassist/src/main/javassist/bytecode/DuplicateMemberException.java,-1,1552,1550,Not provided,uses21,uses21
321,/home/runner/work/javassist/javassist/src/main/javassist/bytecode/EnclosingMethodAttribute.java,-1,1556,1554,Not provided,uses21,uses21
322,/home/runner/work/javassist/javassist/src/main/javassist/bytecode/ExceptionsAttribute.java,-1,1564,1562,Not provided,uses21,uses21
323,/home/runner/work/javassist/javassist/src/main/javassist/bytecode/ClassFilePrinter.java,-1,1509,1507,Not provided,uses21,uses21
324,/home/runner/work/javassist/javassist/src/main/javassist/bytecode/FieldInfo.java,-1,1568,1566,Not provided,uses21,uses21
325,/home/runner/work/javassist/javassist/src/main/javassist/bytecode/InnerClassesAttribute.java,-1,1572,1570,Not provided,uses21,uses21
326,/home/runner/work/javassist/javassist/src/main/javassist/bytecode/InstructionPrinter.java,-1,1576,1574,Not provided,uses21,uses21
327,/home/runner/work/javassist/javassist/src/main/javassist/bytecode/LineNumberAttribute.java,-1,1580,1578,Not provided,uses21,uses21
328,/home/runner/work/javassist/javassist/src/main/javassist/bytecode/LocalVariableAttribute.java,-1,1584,1582,Not provided,uses21,uses21
329,/home/runner/work/javassist/javassist/src/main/javassist/bytecode/LocalVariableTypeAttribute.java,-1,1588,1586,Not provided,uses21,uses21
330,/home/runner/work/javassist/javassist/src/main/javassist/bytecode/ClassFileWriter.java,-1,1513,1511,Not provided,uses21,uses21
331,/home/runner/work/javassist/javassist/src/main/javassist/bytecode/ByteStream.java,-1,1494,1492,Not provided,uses21,uses21
332,/home/runner/work/javassist/javassist/src/main/javassist/bytecode/MethodInfo.java,-1,1596,1594,Not provided,uses21,uses21
333,/home/runner/work/javassist/javassist/src/main/javassist/SerialVersionUID.java,-1,1451,1449,Not provided,uses21,uses21
334,/home/runner/work/javassist/javassist/src/main/javassist/CtNewWrappedMethod.java,-1,1427,1425,Not provided,uses21,uses21
335,/home/runner/work/javassist/javassist/src/main/javassist/CtPrimitiveType.java,-1,1431,1429,Not provided,uses21,uses21
336,/home/runner/work/javassist/javassist/src/main/javassist/Loader.java,-1,1435,1433,Not provided,uses21,uses21
337,/home/runner/work/javassist/javassist/src/main/javassist/LoaderClassPath.java,-1,1439,1437,Not provided,uses21,uses21
338,/home/runner/work/javassist/javassist/src/main/javassist/Modifier.java,-1,1443,1441,Not provided,uses21,uses21
339,/home/runner/work/javassist/javassist/src/main/javassist/NotFoundException.java,-1,1447,1445,Not provided,uses21,uses21
340,/home/runner/work/javassist/javassist/src/main/javassist/Translator.java,-1,1455,1453,Not provided,uses21,uses21
341,/home/runner/work/javassist/javassist/src/main/javassist/bytecode/ByteArray.java,-1,1490,1488,Not provided,uses21,uses21
342,/home/runner/work/javassist/javassist/src/main/javassist/URLClassPath.java,-1,1459,1457,Not provided,uses21,uses21
343,/home/runner/work/javassist/javassist/src/main/javassist/bytecode/AccessFlag.java,-1,1465,-1,Not provided,uses21,Not provided
344,/home/runner/work/javassist/javassist/src/main/javassist/bytecode/AnnotationDefaultAttribute.java,-1,1469,1467,Not provided,uses21,uses21
345,/home/runner/work/javassist/javassist/src/main/javassist/bytecode/AttributeInfo.java,-1,1478,1476,Not provided,uses21,uses21
346,/home/runner/work/javassist/javassist/src/main/javassist/bytecode/BadBytecode.java,-1,1482,1480,Not provided,uses21,uses21
347,/home/runner/work/javassist/javassist/src/main/javassist/bytecode/BootstrapMethodsAttribute.java,-1,1486,1484,Not provided,uses21,uses21
348,/home/runner/work/javassist/javassist/src/main/javassist/bytecode/LongVector.java,-1,1592,1590,Not provided,uses21,uses21
349,/home/runner/work/javassist/javassist/src/main/javassist/bytecode/MethodParametersAttribute.java,-1,1600,1598,Not provided,uses21,uses21
350,/home/runner/work/javassist/javassist/src/test/javassist/bytecode/Gap0Example.class,-1,2448,2446,Not provided,uses21,uses21
351,/home/runner/work/javassist/javassist/src/main/javassist/bytecode/annotation/ArrayMemberValue.java,-1,1725,1723,Not provided,uses21,uses21
352,/home/runner/work/javassist/javassist/src/main/javassist/bytecode/analysis/Util.java,-1,1699,1697,Not provided,uses21,uses21
353,/home/runner/work/javassist/javassist/src/main/javassist/bytecode/analysis/package.html,-1,1703,1701,Not provided,uses21,uses21
354,/home/runner/work/javassist/javassist/src/main/javassist/bytecode/annotation/Annotation.java,-1,1709,-1,Not provided,uses21,Not provided
355,/home/runner/work/javassist/javassist/src/main/javassist/bytecode/annotation/AnnotationImpl.java,-1,1713,1711,Not provided,uses21,uses21
356,/home/runner/work/javassist/javassist/src/main/javassist/bytecode/annotation/AnnotationMemberValue.java,-1,1717,1715,Not provided,uses21,uses21
357,/home/runner/work/javassist/javassist/src/main/javassist/bytecode/annotation/AnnotationsWriter.java,-1,1721,1719,Not provided,uses21,uses21
358,/home/runner/work/javassist/javassist/src/main/javassist/bytecode/annotation/BooleanMemberValue.java,-1,1729,1727,Not provided,uses21,uses21
359,/home/runner/work/javassist/javassist/src/main/javassist/bytecode/analysis/SubroutineScanner.java,-1,1691,1689,Not provided,uses21,uses21
360,/home/runner/work/javassist/javassist/src/main/javassist/bytecode/annotation/ByteMemberValue.java,-1,1733,1731,Not provided,uses21,uses21
361,/home/runner/work/javassist/javassist/src/main/javassist/bytecode/annotation/CharMemberValue.java,-1,1737,1735,Not provided,uses21,uses21
362,/home/runner/work/javassist/javassist/src/main/javassist/bytecode/annotation/ClassMemberValue.java,-1,1741,1739,Not provided,uses21,uses21
363,/home/runner/work/javassist/javassist/src/main/javassist/bytecode/annotation/DoubleMemberValue.java,-1,1745,1743,Not provided,uses21,uses21
364,/home/runner/work/javassist/javassist/src/main/javassist/bytecode/annotation/EnumMemberValue.java,-1,1749,1747,Not provided,uses21,uses21
365,/home/runner/work/javassist/javassist/src/main/javassist/bytecode/annotation/FloatMemberValue.java,-1,1753,1751,Not provided,uses21,uses21
366,/home/runner/work/javassist/javassist/src/main/javassist/bytecode/analysis/Type.java,-1,1695,1693,Not provided,uses21,uses21
367,/home/runner/work/javassist/javassist/src/main/javassist/bytecode/analysis/Subroutine.java,-1,1687,1685,Not provided,uses21,uses21
368,/home/runner/work/javassist/javassist/src/main/javassist/bytecode/Mnemonic.java,-1,1604,1602,Not provided,uses21,uses21
369,/home/runner/work/javassist/javassist/src/main/javassist/bytecode/SyntheticAttribute.java,-1,1644,1642,Not provided,uses21,uses21
370,/home/runner/work/javassist/javassist/src/main/javassist/bytecode/NestHostAttribute.java,-1,1608,1606,Not provided,uses21,uses21
371,/home/runner/work/javassist/javassist/src/main/javassist/bytecode/NestMembersAttribute.java,-1,1612,1610,Not provided,uses21,uses21
372,/home/runner/work/javassist/javassist/src/main/javassist/bytecode/Opcode.java,-1,1616,1614,Not provided,uses21,uses21
373,/home/runner/work/javassist/javassist/src/main/javassist/bytecode/ParameterAnnotationsAttribute.java,-1,1620,1618,Not provided,uses21,uses21
374,/home/runner/work/javassist/javassist/src/main/javassist/bytecode/SourceFileAttribute.java,-1,1630,1628,Not provided,uses21,uses21
375,/home/runner/work/javassist/javassist/src/main/javassist/bytecode/StackMap.java,-1,1634,1632,Not provided,uses21,uses21
376,/home/runner/work/javassist/javassist/src/main/javassist/bytecode/TypeAnnotationsAttribute.java,-1,1648,1646,Not provided,uses21,uses21
377,/home/runner/work/javassist/javassist/src/main/javassist/bytecode/analysis/MultiType.java,-1,1683,1681,Not provided,uses21,uses21
378,/home/runner/work/javassist/javassist/src/main/javassist/bytecode/analysis/Analyzer.java,-1,1654,-1,Not provided,uses21,Not provided
379,/home/runner/work/javassist/javassist/src/main/javassist/bytecode/analysis/ControlFlow.java,-1,1658,1656,Not provided,uses21,uses21
380,/home/runner/work/javassist/javassist/src/main/javassist/bytecode/analysis/Frame.java,-1,1667,1665,Not provided,uses21,uses21
381,/home/runner/work/javassist/javassist/src/main/javassist/bytecode/analysis/FramePrinter.java,-1,1671,1669,Not provided,uses21,uses21
382,/home/runner/work/javassist/javassist/src/main/javassist/bytecode/analysis/IntQueue.java,-1,1675,1673,Not provided,uses21,uses21
383,/home/runner/work/javassist/javassist/src/main/javassist/bytecode/analysis/MultiArrayType.java,-1,1679,1677,Not provided,uses21,uses21
384,/home/runner/work/javassist/javassist/src/main/javassist/CtNewWrappedConstructor.java,-1,1423,1421,Not provided,uses21,uses21
385,/home/runner/work/javassist/javassist/src/main/javassist/CtNewMethod.java,-1,1419,1417,Not provided,uses21,uses21
386,/home/runner/work/javassist/javassist/src/main/javassist/CtNewConstructor.java,-1,1415,1413,Not provided,uses21,uses21
387,/home/runner/work/javassist/javassist/build.xml,-1,1119,1117,Not provided,uses21,uses21
388,/home/runner/work/javassist/javassist/.github/workflows/maven.yml,-1,1090,1088,Not provided,uses21,uses21
389,/home/runner/work/javassist/javassist/.gitignore,-1,1098,1096,Not provided,uses21,uses21
390,/home/runner/work/javassist/javassist/Changes.md,-1,1102,1100,Not provided,uses21,uses21
391,/home/runner/work/javassist/javassist/Examples.md,-1,1106,1104,Not provided,uses21,uses21
392,/home/runner/work/javassist/javassist/README.md,-1,1115,1113,Not provided,uses21,uses21
393,/home/runner/work/javassist/javassist/pom.xml,-1,1169,1167,Not provided,uses21,uses21
394,/home/runner/work/javassist/javassist/sample/duplicate/Ball.java,-1,1179,-1,Not provided,uses21,Not provided
395,/home/runner/work/javassist/javassist/sample/duplicate/DuplicatedObject.java,-1,1183,1181,Not provided,uses21,uses21
396,/home/runner/work/javassist/javassist/sample/duplicate/Main.java,-1,1187,1185,Not provided,uses21,uses21
397,/home/runner/work/javassist/javassist/sample/duplicate/Viewer.java,-1,1191,1189,Not provided,uses21,uses21
398,/home/runner/work/javassist/javassist/sample/evolve/CannotCreateException.java,-1,1197,-1,Not provided,uses21,Not provided
399,/home/runner/work/javassist/javassist/sample/evolve/CannotUpdateException.java,-1,1201,1199,Not provided,uses21,uses21
400,/home/runner/work/javassist/javassist/src/main/javassist/CtNewClass.java,-1,1411,1409,Not provided,uses21,uses21
401,/home/runner/work/javassist/javassist/sample/evolve/DemoLoader.java,-1,1205,1203,Not provided,uses21,uses21
402,/home/runner/work/javassist/javassist/sample/evolve/DemoServer.java,-1,1209,1207,Not provided,uses21,uses21
403,/home/runner/work/javassist/javassist/sample/evolve/Evolution.java,-1,1213,1211,Not provided,uses21,uses21
404,/home/runner/work/javassist/javassist/src/main/javassist/ClassClassPath.java,-1,1343,1341,Not provided,uses21,uses21
405,/home/runner/work/javassist/javassist/sample/rmi/webdemo.html,-1,1308,1306,Not provided,uses21,uses21
406,/home/runner/work/javassist/javassist/sample/vector/Sample2.java,-1,1317,1315,Not provided,uses21,uses21
407,/home/runner/work/javassist/javassist/sample/vector/Test.j,-1,1321,1319,Not provided,uses21,uses21
408,/home/runner/work/javassist/javassist/sample/vector/VectorAssistant.java,-1,1325,1323,Not provided,uses21,uses21
409,/home/runner/work/javassist/javassist/src/main/javassist/ByteArrayClassPath.java,-1,1335,-1,Not provided,uses21,Not provided
410,/home/runner/work/javassist/javassist/src/main/javassist/CannotCompileException.java,-1,1339,1337,Not provided,uses21,uses21
411,/home/runner/work/javassist/javassist/src/main/javassist/ClassMap.java,-1,1347,1345,Not provided,uses21,uses21
412,/home/runner/work/javassist/javassist/sample/evolve/Sample.java,-1,1217,1215,Not provided,uses21,uses21
413,/home/runner/work/javassist/javassist/src/main/javassist/ClassPath.java,-1,1351,1349,Not provided,uses21,uses21
414,/home/runner/work/javassist/javassist/src/main/javassist/ClassPoolTail.java,-1,1361,1359,Not provided,uses21,uses21
415,/home/runner/work/javassist/javassist/src/main/javassist/CtArray.java,-1,1370,1368,Not provided,uses21,uses21
416,/home/runner/work/javassist/javassist/src/main/javassist/CtConstructor.java,-1,1393,1391,Not provided,uses21,uses21
417,/home/runner/work/javassist/javassist/src/main/javassist/CtMember.java,-1,1403,1401,Not provided,uses21,uses21
418,/home/runner/work/javassist/javassist/src/main/javassist/CtMethod.java,-1,1407,1405,Not provided,uses21,uses21
419,/home/runner/work/javassist/javassist/sample/rmi/start.html,-1,1304,1302,Not provided,uses21,uses21
420,/home/runner/work/javassist/javassist/sample/rmi/inside.gif,-1,1300,1298,Not provided,uses21,uses21
421,/home/runner/work/javassist/javassist/sample/rmi/Counter.java,-1,1296,1294,Not provided,uses21,uses21
422,/home/runner/work/javassist/javassist/sample/rmi/CountApplet.java,-1,1292,1290,Not provided,uses21,uses21
423,/home/runner/work/javassist/javassist/sample/rmi/AlertDialog.java,-1,1288,-1,Not provided,uses21,Not provided
424,/home/runner/work/javassist/javassist/sample/reflect/VerboseMetaobj.java,-1,1282,1280,Not provided,uses21,uses21
425,/home/runner/work/javassist/javassist/sample/reflect/Person.java,-1,1278,1276,Not provided,uses21,uses21
426,/home/runner/work/javassist/javassist/sample/reflect/Main.java,-1,1274,-1,Not provided,uses21,Not provided
427,/home/runner/work/javassist/javassist/sample/preproc/package.html,-1,1268,1266,Not provided,uses21,uses21
428,/home/runner/work/javassist/javassist/sample/preproc/Compiler.java,-1,1264,1262,Not provided,uses21,uses21
429,/home/runner/work/javassist/javassist/sample/preproc/Assistant.java,-1,1260,-1,Not provided,uses21,Not provided
430,/home/runner/work/javassist/javassist/sample/hotswap/Test.java,-1,1250,1248,Not provided,uses21,uses21
431,/home/runner/work/javassist/javassist/sample/evolve/update.html,-1,1241,1239,Not provided,uses21,uses21
432,/home/runner/work/javassist/javassist/sample/evolve/start.html,-1,1237,1235,Not provided,uses21,uses21
433,/home/runner/work/javassist/javassist/sample/evolve/demo.html,-1,1229,1227,Not provided,uses21,uses21
434,/home/runner/work/javassist/javassist/sample/evolve/WebPage.java,-1,1225,1223,Not provided,uses21,uses21
435,/home/runner/work/javassist/javassist/sample/evolve/VersionManager.java,-1,1221,1219,Not provided,uses21,uses21
436,/home/runner/work/javassist/javassist/src/main/javassist/bytecode/annotation/IntegerMemberValue.java,-1,1757,1755,Not provided,uses21,uses21
437,/home/runner/work/javassist/javassist/src/main/javassist/bytecode/annotation/LongMemberValue.java,-1,1761,1759,Not provided,uses21,uses21
438,/home/runner/work/javassist/javassist/src/main/javassist/bytecode/annotation/MemberValue.java,-1,1765,1763,Not provided,uses21,uses21
439,/home/runner/work/javassist/javassist/src/main/javassist/tools/rmi/AppletServer.java,-1,2219,-1,Not provided,uses21,Not provided
440,/home/runner/work/javassist/javassist/src/main/javassist/tools/reflect/Loader.java,-1,2193,2191,Not provided,uses21,uses21
441,/home/runner/work/javassist/javassist/src/main/javassist/tools/reflect/Metalevel.java,-1,2197,2195,Not provided,uses21,uses21
442,/home/runner/work/javassist/javassist/src/main/javassist/tools/reflect/Metaobject.java,-1,2201,2199,Not provided,uses21,uses21
443,/home/runner/work/javassist/javassist/src/main/javassist/tools/reflect/Reflection.java,-1,2205,2203,Not provided,uses21,uses21
444,/home/runner/work/javassist/javassist/src/main/javassist/tools/reflect/Sample.java,-1,2209,2207,Not provided,uses21,uses21
445,/home/runner/work/javassist/javassist/src/main/javassist/tools/reflect/package.html,-1,2213,2211,Not provided,uses21,uses21
446,/home/runner/work/javassist/javassist/src/main/javassist/tools/rmi/ObjectImporter.java,-1,2223,2221,Not provided,uses21,uses21
447,/home/runner/work/javassist/javassist/src/main/javassist/tools/reflect/ClassMetaobject.java,-1,2185,2183,Not provided,uses21,uses21
448,/home/runner/work/javassist/javassist/src/main/javassist/tools/rmi/ObjectNotFoundException.java,-1,2227,2225,Not provided,uses21,uses21
449,/home/runner/work/javassist/javassist/src/main/javassist/tools/rmi/Proxy.java,-1,2231,2229,Not provided,uses21,uses21
450,/home/runner/work/javassist/javassist/src/main/javassist/tools/rmi/RemoteException.java,-1,2235,2233,Not provided,uses21,uses21
451,/home/runner/work/javassist/javassist/src/main/javassist/tools/rmi/RemoteRef.java,-1,2239,2237,Not provided,uses21,uses21
452,/home/runner/work/javassist/javassist/src/main/javassist/tools/rmi/Sample.java,-1,2243,2241,Not provided,uses21,uses21
453,/home/runner/work/javassist/javassist/src/main/javassist/tools/rmi/StubGenerator.java,-1,2247,2245,Not provided,uses21,uses21
454,/home/runner/work/javassist/javassist/src/main/javassist/tools/reflect/Compiler.java,-1,2189,2187,Not provided,uses21,uses21
455,/home/runner/work/javassist/javassist/src/main/javassist/tools/reflect/CannotReflectException.java,-1,2181,2179,Not provided,uses21,uses21
456,/home/runner/work/javassist/javassist/src/main/javassist/runtime/Desc.java,-1,2107,2105,Not provided,uses21,uses21
457,/home/runner/work/javassist/javassist/src/main/javassist/scopedpool/ScopedClassPoolRepositoryImpl.java,-1,2141,2139,Not provided,uses21,uses21
458,/home/runner/work/javassist/javassist/src/main/javassist/runtime/Inner.java,-1,2115,2113,Not provided,uses21,uses21
459,/home/runner/work/javassist/javassist/src/main/javassist/runtime/package.html,-1,2119,2117,Not provided,uses21,uses21
460,/home/runner/work/javassist/javassist/src/main/javassist/scopedpool/ScopedClassPool.java,-1,2125,-1,Not provided,uses21,Not provided
461,/home/runner/work/javassist/javassist/src/main/javassist/scopedpool/ScopedClassPoolFactory.java,-1,2129,2127,Not provided,uses21,uses21
462,/home/runner/work/javassist/javassist/src/main/javassist/scopedpool/ScopedClassPoolFactoryImpl.java,-1,2133,2131,Not provided,uses21,uses21
463,/home/runner/work/javassist/javassist/src/main/javassist/scopedpool/ScopedClassPoolRepository.java,-1,2137,2135,Not provided,uses21,uses21
464,/home/runner/work/javassist/javassist/src/main/javassist/scopedpool/SoftValueHashMap.java,-1,2145,2143,Not provided,uses21,uses21
465,/home/runner/work/javassist/javassist/src/main/javassist/tools/reflect/CannotInvokeException.java,-1,2177,2175,Not provided,uses21,uses21
466,/home/runner/work/javassist/javassist/src/main/javassist/scopedpool/package.html,-1,2149,2147,Not provided,uses21,uses21
467,/home/runner/work/javassist/javassist/src/main/javassist/tools/Callback.java,-1,2155,-1,Not provided,uses21,Not provided
468,/home/runner/work/javassist/javassist/src/main/javassist/tools/Dump.java,-1,2159,2157,Not provided,uses21,uses21
469,/home/runner/work/javassist/javassist/src/main/javassist/tools/framedump.java,-1,2163,2161,Not provided,uses21,uses21
470,/home/runner/work/javassist/javassist/src/main/javassist/tools/package.html,-1,2167,2165,Not provided,uses21,uses21
471,/home/runner/work/javassist/javassist/src/main/javassist/tools/reflect/CannotCreateException.java,-1,2173,-1,Not provided,uses21,Not provided
472,/home/runner/work/javassist/javassist/src/main/javassist/tools/rmi/package.html,-1,2251,2249,Not provided,uses21,uses21
473,/home/runner/work/javassist/javassist/src/main/javassist/tools/web/BadHttpRequest.java,-1,2257,-1,Not provided,uses21,Not provided
474,/home/runner/work/javassist/javassist/src/main/javassist/tools/web/Viewer.java,-1,2261,2259,Not provided,uses21,uses21
475,/home/runner/work/javassist/javassist/src/test/javassist/Bench.java,-1,2380,-1,Not provided,uses21,Not provided
476,/home/runner/work/javassist/javassist/src/test/Jassist150.java,-1,2352,2350,Not provided,uses21,uses21
477,/home/runner/work/javassist/javassist/src/test/Readme.txt,-1,2356,2354,Not provided,uses21,uses21
478,/home/runner/work/javassist/javassist/src/test/Test.java,-1,2360,2358,Not provided,uses21,uses21
479,/home/runner/work/javassist/javassist/src/test/VisibleTop2.java,-1,2368,2366,Not provided,uses21,uses21
480,/home/runner/work/javassist/javassist/src/test/annotation/Test.java,-1,2374,-1,Not provided,uses21,Not provided
481,/home/runner/work/javassist/javassist/src/test/javassist/ClassPoolBench.java,-1,2384,2382,Not provided,uses21,uses21
482,/home/runner/work/javassist/javassist/src/main/javassist/tools/web/Webserver.java,-1,2265,2263,Not provided,uses21,uses21
483,/home/runner/work/javassist/javassist/src/test/javassist/ConcurrentClassDefinitionTest.java,-1,2388,2386,Not provided,uses21,uses21
484,/home/runner/work/javassist/javassist/src/test/javassist/HotswapTest.java,-1,2392,2390,Not provided,uses21,uses21
485,/home/runner/work/javassist/javassist/src/test/javassist/JvstTestRoot.java,-1,2425,2423,Not provided,uses21,uses21
486,/home/runner/work/javassist/javassist/src/test/javassist/LoaderTestByRandall.java,-1,2429,2427,Not provided,uses21,uses21
487,/home/runner/work/javassist/javassist/src/test/javassist/SetterTest.java,-1,2433,2431,Not provided,uses21,uses21
488,/home/runner/work/javassist/javassist/src/test/javassist/bytecode/CodeAnalyzerTest.java,-1,2444,2442,Not provided,uses21,uses21
489,/home/runner/work/javassist/javassist/src/main/javassist/util/proxy/package.html,-1,2344,2342,Not provided,uses21,uses21
490,/home/runner/work/javassist/javassist/src/main/javassist/util/proxy/SerializedProxy.java,-1,2340,2338,Not provided,uses21,uses21
491,/home/runner/work/javassist/javassist/src/main/javassist/util/proxy/SecurityActions.java,-1,2336,2334,Not provided,uses21,uses21
492,/home/runner/work/javassist/javassist/src/main/javassist/util/proxy/RuntimeSupport.java,-1,2332,2330,Not provided,uses21,uses21
493,/home/runner/work/javassist/javassist/src/main/javassist/util/proxy/ProxyObjectOutputStream.java,-1,2328,2326,Not provided,uses21,uses21
494,/home/runner/work/javassist/javassist/src/main/javassist/util/proxy/ProxyObjectInputStream.java,-1,2324,2322,Not provided,uses21,uses21
495,/home/runner/work/javassist/javassist/src/main/javassist/util/proxy/ProxyObject.java,-1,2320,2318,Not provided,uses21,uses21
496,/home/runner/work/javassist/javassist/src/main/javassist/util/proxy/Proxy.java,-1,2309,2307,Not provided,uses21,uses21
497,/home/runner/work/javassist/javassist/src/main/javassist/util/proxy/MethodHandler.java,-1,2305,2303,Not provided,uses21,uses21
498,/home/runner/work/javassist/javassist/src/main/javassist/util/proxy/MethodFilter.java,-1,2301,2299,Not provided,uses21,uses21
499,/home/runner/work/javassist/javassist/src/main/javassist/util/proxy/FactoryHelper.java,-1,2297,2295,Not provided,uses21,uses21
500,/home/runner/work/javassist/javassist/src/main/javassist/util/proxy/DefinePackageHelper.java,-1,2293,2291,Not provided,uses21,uses21
501,/home/runner/work/javassist/javassist/src/main/javassist/util/proxy/DefineClassHelper.java,-1,2289,-1,Not provided,uses21,Not provided
502,/home/runner/work/javassist/javassist/src/main/javassist/util/package.html,-1,2283,2281,Not provided,uses21,uses21
503,/home/runner/work/javassist/javassist/src/main/javassist/util/HotSwapper.java,-1,2279,2277,Not provided,uses21,uses21
504,/home/runner/work/javassist/javassist/src/main/javassist/util/HotSwapAgent.java,-1,2275,-1,Not provided,uses21,Not provided
505,/home/runner/work/javassist/javassist/src/main/javassist/tools/web/package.html,-1,2269,2267,Not provided,uses21,uses21
506,/home/runner/work/javassist/javassist/src/main/javassist/runtime/DotClass.java,-1,2111,2109,Not provided,uses21,uses21
507,/home/runner/work/javassist/javassist/src/main/javassist/runtime/Cflow.java,-1,2103,2101,Not provided,uses21,uses21
508,/home/runner/work/javassist/javassist/src/main/javassist/bytecode/annotation/MemberValueVisitor.java,-1,1769,1767,Not provided,uses21,uses21
509,/home/runner/work/javassist/javassist/src/main/javassist/compiler/ast/AssignExpr.java,-1,1919,1917,Not provided,uses21,uses21
510,/home/runner/work/javassist/javassist/src/main/javassist/compiler/SymbolTable.java,-1,1888,1886,Not provided,uses21,uses21
511,/home/runner/work/javassist/javassist/src/main/javassist/compiler/SyntaxError.java,-1,1892,1890,Not provided,uses21,uses21
512,/home/runner/work/javassist/javassist/src/main/javassist/compiler/TokenId.java,-1,1896,1894,Not provided,uses21,uses21
513,/home/runner/work/javassist/javassist/src/main/javassist/compiler/ast/ASTList.java,-1,1907,-1,Not provided,uses21,Not provided
514,/home/runner/work/javassist/javassist/src/main/javassist/compiler/ast/ASTree.java,-1,1911,1909,Not provided,uses21,uses21
515,/home/runner/work/javassist/javassist/src/main/javassist/compiler/ast/ArrayInit.java,-1,1915,1913,Not provided,uses21,uses21
516,/home/runner/work/javassist/javassist/src/main/javassist/compiler/ast/BinExpr.java,-1,1923,1921,Not provided,uses21,uses21
517,/home/runner/work/javassist/javassist/src/main/javassist/compiler/NoFieldException.java,-1,1874,1872,Not provided,uses21,uses21
518,/home/runner/work/javassist/javassist/src/main/javassist/compiler/ast/CallExpr.java,-1,1927,1925,Not provided,uses21,uses21
519,/home/runner/work/javassist/javassist/src/main/javassist/compiler/ast/CastExpr.java,-1,1931,1929,Not provided,uses21,uses21
520,/home/runner/work/javassist/javassist/src/main/javassist/compiler/ast/CondExpr.java,-1,1935,1933,Not provided,uses21,uses21
521,/home/runner/work/javassist/javassist/src/main/javassist/compiler/ast/Declarator.java,-1,1939,1937,Not provided,uses21,uses21
522,/home/runner/work/javassist/javassist/src/main/javassist/compiler/ast/DoubleConst.java,-1,1943,1941,Not provided,uses21,uses21
523,/home/runner/work/javassist/javassist/src/main/javassist/compiler/ast/Expr.java,-1,1947,1945,Not provided,uses21,uses21
524,/home/runner/work/javassist/javassist/src/main/javassist/compiler/ProceedHandler.java,-1,1884,1882,Not provided,uses21,uses21
525,/home/runner/work/javassist/javassist/src/main/javassist/compiler/MemberResolver.java,-1,1870,1868,Not provided,uses21,uses21
526,/home/runner/work/javassist/javassist/src/main/javassist/package.html,-1,2095,2093,Not provided,uses21,uses21
527,/home/runner/work/javassist/javassist/src/main/javassist/bytecode/stackmap/BasicBlock.java,-1,1799,-1,Not provided,uses21,Not provided
528,/home/runner/work/javassist/javassist/src/main/javassist/bytecode/annotation/NoSuchClassError.java,-1,1773,1771,Not provided,uses21,uses21
529,/home/runner/work/javassist/javassist/src/main/javassist/bytecode/annotation/ShortMemberValue.java,-1,1777,1775,Not provided,uses21,uses21
530,/home/runner/work/javassist/javassist/src/main/javassist/bytecode/annotation/StringMemberValue.java,-1,1781,1779,Not provided,uses21,uses21
531,/home/runner/work/javassist/javassist/src/main/javassist/bytecode/annotation/TypeAnnotationsWriter.java,-1,1785,1783,Not provided,uses21,uses21
532,/home/runner/work/javassist/javassist/src/main/javassist/bytecode/annotation/package.html,-1,1789,1787,Not provided,uses21,uses21
533,/home/runner/work/javassist/javassist/src/main/javassist/bytecode/package.html,-1,1793,1791,Not provided,uses21,uses21
534,/home/runner/work/javassist/javassist/src/main/javassist/bytecode/stackmap/MapMaker.java,-1,1803,1801,Not provided,uses21,uses21
535,/home/runner/work/javassist/javassist/src/main/javassist/compiler/Lex.java,-1,1860,1858,Not provided,uses21,uses21
536,/home/runner/work/javassist/javassist/src/main/javassist/bytecode/stackmap/TypeTag.java,-1,1817,1815,Not provided,uses21,uses21
537,/home/runner/work/javassist/javassist/src/main/javassist/bytecode/stackmap/TypedBlock.java,-1,1821,1819,Not provided,uses21,uses21
538,/home/runner/work/javassist/javassist/src/main/javassist/compiler/AccessorMaker.java,-1,1827,-1,Not provided,uses21,Not provided
539,/home/runner/work/javassist/javassist/src/main/javassist/compiler/CompileError.java,-1,1838,1836,Not provided,uses21,uses21
540,/home/runner/work/javassist/javassist/src/main/javassist/compiler/JvstTypeChecker.java,-1,1852,1850,Not provided,uses21,uses21
541,/home/runner/work/javassist/javassist/src/main/javassist/compiler/KeywordTable.java,-1,1856,1854,Not provided,uses21,uses21
542,/home/runner/work/javassist/javassist/src/main/javassist/compiler/ast/FieldDecl.java,-1,1951,1949,Not provided,uses21,uses21
543,/home/runner/work/javassist/javassist/src/main/javassist/compiler/ast/InstanceOfExpr.java,-1,1955,1953,Not provided,uses21,uses21
544,/home/runner/work/javassist/javassist/src/main/javassist/compiler/ast/IntConst.java,-1,1959,1957,Not provided,uses21,uses21
545,/home/runner/work/javassist/javassist/src/main/javassist/expr/ExprEditor.java,-1,2063,2061,Not provided,uses21,uses21
546,/home/runner/work/javassist/javassist/src/main/javassist/convert/TransformReadField.java,-1,2037,2035,Not provided,uses21,uses21
547,/home/runner/work/javassist/javassist/src/main/javassist/convert/TransformWriteField.java,-1,2041,2039,Not provided,uses21,uses21
548,/home/runner/work/javassist/javassist/src/main/javassist/convert/Transformer.java,-1,2045,2043,Not provided,uses21,uses21
549,/home/runner/work/javassist/javassist/src/main/javassist/expr/Cast.java,-1,2051,-1,Not provided,uses21,Not provided
550,/home/runner/work/javassist/javassist/src/main/javassist/expr/ConstructorCall.java,-1,2055,2053,Not provided,uses21,uses21
551,/home/runner/work/javassist/javassist/src/main/javassist/expr/Expr.java,-1,2059,2057,Not provided,uses21,uses21
552,/home/runner/work/javassist/javassist/src/main/javassist/expr/FieldAccess.java,-1,2067,2065,Not provided,uses21,uses21
553,/home/runner/work/javassist/javassist/src/main/javassist/compiler/ast/Keyword.java,-1,1963,1961,Not provided,uses21,uses21
554,/home/runner/work/javassist/javassist/src/main/javassist/expr/Handler.java,-1,2071,2069,Not provided,uses21,uses21
555,/home/runner/work/javassist/javassist/src/main/javassist/expr/Instanceof.java,-1,2075,2073,Not provided,uses21,uses21
556,/home/runner/work/javassist/javassist/src/main/javassist/expr/MethodCall.java,-1,2079,2077,Not provided,uses21,uses21
557,/home/runner/work/javassist/javassist/src/main/javassist/expr/NewArray.java,-1,2083,2081,Not provided,uses21,uses21
558,/home/runner/work/javassist/javassist/src/main/javassist/expr/NewExpr.java,-1,2087,2085,Not provided,uses21,uses21
559,/home/runner/work/javassist/javassist/src/main/javassist/expr/package.html,-1,2091,2089,Not provided,uses21,uses21
560,/home/runner/work/javassist/javassist/src/main/javassist/convert/TransformNewClass.java,-1,2033,2031,Not provided,uses21,uses21
561,/home/runner/work/javassist/javassist/src/main/javassist/convert/TransformNew.java,-1,2029,2027,Not provided,uses21,uses21
562,/home/runner/work/javassist/javassist/src/main/javassist/convert/TransformFieldAccess.java,-1,2025,2023,Not provided,uses21,uses21
563,/home/runner/work/javassist/javassist/src/main/javassist/convert/TransformCallToStatic.java,-1,2021,2019,Not provided,uses21,uses21
564,/home/runner/work/javassist/javassist/src/main/javassist/convert/TransformCall.java,-1,2017,2015,Not provided,uses21,uses21
565,/home/runner/work/javassist/javassist/src/main/javassist/convert/TransformBefore.java,-1,2013,2011,Not provided,uses21,uses21
566,/home/runner/work/javassist/javassist/src/main/javassist/convert/TransformAfter.java,-1,2009,2007,Not provided,uses21,uses21
567,/home/runner/work/javassist/javassist/src/main/javassist/convert/TransformAccessArrayField.java,-1,2005,-1,Not provided,uses21,Not provided
568,/home/runner/work/javassist/javassist/src/main/javassist/compiler/ast/Visitor.java,-1,1999,1997,Not provided,uses21,uses21
569,/home/runner/work/javassist/javassist/src/main/javassist/compiler/ast/Variable.java,-1,1995,1993,Not provided,uses21,uses21
570,/home/runner/work/javassist/javassist/src/main/javassist/compiler/ast/Symbol.java,-1,1991,1989,Not provided,uses21,uses21
571,/home/runner/work/javassist/javassist/src/main/javassist/compiler/ast/StringL.java,-1,1987,1985,Not provided,uses21,uses21
572,/home/runner/work/javassist/javassist/src/main/javassist/compiler/ast/Stmnt.java,-1,1983,1981,Not provided,uses21,uses21
573,/home/runner/work/javassist/javassist/src/main/javassist/compiler/ast/Pair.java,-1,1979,1977,Not provided,uses21,uses21
574,/home/runner/work/javassist/javassist/src/main/javassist/compiler/ast/NewExpr.java,-1,1975,1973,Not provided,uses21,uses21
575,/home/runner/work/javassist/javassist/src/main/javassist/compiler/ast/MethodDecl.java,-1,1971,1969,Not provided,uses21,uses21
576,/home/runner/work/javassist/javassist/src/main/javassist/compiler/ast/Member.java,-1,1967,1965,Not provided,uses21,uses21
