,step_name,#c,#m,cma,cm_a,cm__a,c_ma,c_m_a,c_m__a,_cma,_cm_a,_cm__a,_c_ma,_c_m_a,_c_m__a,time
0,uses-checkout,380,222,0,0,216,0,0,164,0,0,6,0,186,294,3
1,SetupJDK11,0,0,0,0,0,0,0,0,0,0,0,0,186,680,7
2,uses-cache,0,0,0,0,0,0,0,0,0,0,0,0,186,680,1
3,Grantexecutepermissionforgradlew,0,0,0,0,0,0,0,0,0,0,0,0,186,680,0
4,BuildwithGradle,466,644,182,0,284,0,0,0,4,0,174,0,0,222,1473
5,Checkproceduresincludedinapocfull,0,0,0,0,0,0,0,0,0,0,0,0,186,680,3
6,Archivetestresults,0,0,0,0,0,0,0,0,0,0,0,0,186,680,29
