,file_name
7,/home/runner/work/javassist/javassist/tutorial/tutorial.html
11,/home/runner/work/javassist/javassist/tutorial/tutorial2.html
15,/home/runner/work/javassist/javassist/License.html
138,/home/runner/work/javassist/javassist/src/test/javassist/bytecode/Gap0Example.class
139,/home/runner/work/javassist/javassist/src/test/Readme.txt
141,/home/runner/work/javassist/javassist/sample/vector/VectorAssistant.java
142,/home/runner/work/javassist/javassist/sample/vector/Test.j
143,/home/runner/work/javassist/javassist/sample/vector/Sample2.java
144,/home/runner/work/javassist/javassist/sample/rmi/webdemo.html
146,/home/runner/work/javassist/javassist/sample/rmi/start.html
147,/home/runner/work/javassist/javassist/sample/rmi/inside.gif
148,/home/runner/work/javassist/javassist/sample/rmi/Counter.java
149,/home/runner/work/javassist/javassist/sample/rmi/CountApplet.java
150,/home/runner/work/javassist/javassist/.gitignore
151,/home/runner/work/javassist/javassist/.github/workflows/maven.yml
153,/home/runner/work/javassist/javassist/Changes.md
154,/home/runner/work/javassist/javassist/Examples.md
155,/home/runner/work/javassist/javassist/README.md
156,/home/runner/work/javassist/javassist/sample/evolve/WebPage.java
158,/home/runner/work/javassist/javassist/sample/reflect/VerboseMetaobj.java
159,/home/runner/work/javassist/javassist/sample/reflect/Person.java
161,/home/runner/work/javassist/javassist/sample/preproc/package.html
162,/home/runner/work/javassist/javassist/sample/preproc/Compiler.java
164,/home/runner/work/javassist/javassist/sample/hotswap/Test.java
165,/home/runner/work/javassist/javassist/sample/evolve/update.html
166,/home/runner/work/javassist/javassist/sample/evolve/start.html
167,/home/runner/work/javassist/javassist/sample/evolve/demo.html
168,/home/runner/work/javassist/javassist/sample/evolve/VersionManager.java
169,/home/runner/work/javassist/javassist/build.xml
170,/home/runner/work/javassist/javassist/sample/evolve/Sample.java
171,/home/runner/work/javassist/javassist/sample/evolve/Evolution.java
172,/home/runner/work/javassist/javassist/sample/evolve/DemoServer.java
173,/home/runner/work/javassist/javassist/sample/evolve/DemoLoader.java
174,/home/runner/work/javassist/javassist/sample/evolve/CannotUpdateException.java
176,/home/runner/work/javassist/javassist/sample/duplicate/Viewer.java
177,/home/runner/work/javassist/javassist/sample/duplicate/Main.java
178,/home/runner/work/javassist/javassist/sample/duplicate/DuplicatedObject.java
187,/home/runner/work/javassist/javassist/tutorial/tutorial3.html
192,/home/runner/work/javassist/javassist/sample/vector/Sample.java
193,/home/runner/work/javassist/javassist/sample/rmi/AlertDialog.java
194,/home/runner/work/javassist/javassist/sample/reflect/Main.java
195,/home/runner/work/javassist/javassist/sample/preproc/Assistant.java
196,/home/runner/work/javassist/javassist/sample/evolve/CannotCreateException.java
197,/home/runner/work/javassist/javassist/sample/duplicate/Ball.java
