,file_name
193,/home/runner/work/javassist/javassist/target/runtest/proxy/javassist/util/proxy/test_javassist_proxy_ProxySimpleTest$PubProxy2_$$_jvst655_273c.class
194,/home/runner/work/javassist/javassist/target/surefire-reports/javassist.JvstTest.txt
195,/home/runner/work/javassist/javassist/target/runtest/proxy/test/javassist/proxy/ProxySimpleTest$Foo_$$_jvst655_2733.class
196,/home/runner/work/javassist/javassist/target/test-classes/testproxy/sub/TargetSuper.class
202,/home/runner/work/javassist/javassist/target/test-classes/annotation/Id.class
