,file_name
188,/home/runner/work/javassist/javassist/target/runtest/testproxy/BridgeMethod_$$_jvst655_7.class
189,/home/runner/work/javassist/javassist/target/surefire-reports/javassist.JvstTest.txt
196,/home/runner/work/javassist/javassist/target/test-classes/annotation/Id.class
197,/home/runner/work/javassist/javassist/target/test-classes/scoped/jar1/ScopedAnnotationDefaultUsage.class
198,/home/runner/work/javassist/javassist/target/test-classes/test/javassist/convert/InstrumentationTarget$Itr.class
199,/home/runner/work/javassist/javassist/target/test-classes/javassist/compiler/ParseTest.class
200,/home/runner/work/javassist/javassist/target/test-classes/test1/RenameClass2.class
201,/home/runner/work/javassist/javassist/target/test-classes/test/javassist/bytecode/analysis/ScannerTest.class
