,file_name
1,/home/runner/work/neo4j-apoc-procedures/neo4j-apoc-procedures/.gradle/6.1.1/javaCompile/javaCompile.lock
168,/home/runner/work/neo4j-apoc-procedures/neo4j-apoc-procedures/core/target/e8a6f690-1aa2-4c76-bf8d-3e20222a5271/data/databases/system/neostore.relationshipgroupstore.db.id
170,/home/runner/work/neo4j-apoc-procedures/neo4j-apoc-procedures/core/target/e8a6f690-1aa2-4c76-bf8d-3e20222a5271/data/databases/neo4j/neostore.propertystore.db.index.keys.id
171,/home/runner/work/neo4j-apoc-procedures/neo4j-apoc-procedures/core/target/e8a6f690-1aa2-4c76-bf8d-3e20222a5271/data/databases/neo4j/neostore.labeltokenstore.db.names.id
173,/home/runner/work/neo4j-apoc-procedures/neo4j-apoc-procedures/core/target/e8a6f690-1aa2-4c76-bf8d-3e20222a5271/data/databases/system/neostore.schemastore.db.id
174,/home/runner/work/neo4j-apoc-procedures/neo4j-apoc-procedures/core/target/e8a6f690-1aa2-4c76-bf8d-3e20222a5271/data/databases/neo4j/neostore.relationshiptypestore.db.id
176,/home/runner/work/neo4j-apoc-procedures/neo4j-apoc-procedures/core/target/e8a6f690-1aa2-4c76-bf8d-3e20222a5271/data/databases/neo4j/neostore.schemastore.db.id
182,/home/runner/work/neo4j-apoc-procedures/neo4j-apoc-procedures/core/target/e8a6f690-1aa2-4c76-bf8d-3e20222a5271/data/databases/neo4j/neostore.relationshiptypestore.db.names.id
183,/home/runner/work/neo4j-apoc-procedures/neo4j-apoc-procedures/core/target/e8a6f690-1aa2-4c76-bf8d-3e20222a5271/data/databases/system/neostore.relationshiptypestore.db.id
184,/home/runner/work/neo4j-apoc-procedures/neo4j-apoc-procedures/core/target/e8a6f690-1aa2-4c76-bf8d-3e20222a5271/data/databases/system/neostore.relationshiptypestore.db.names.id
185,/home/runner/work/neo4j-apoc-procedures/neo4j-apoc-procedures/core/target/e8a6f690-1aa2-4c76-bf8d-3e20222a5271/data/databases/system/neostore.relationshipstore.db.id
186,/home/runner/work/neo4j-apoc-procedures/neo4j-apoc-procedures/core/target/e8a6f690-1aa2-4c76-bf8d-3e20222a5271/data/databases/neo4j/neostore.nodestore.db.id
188,/home/runner/work/neo4j-apoc-procedures/neo4j-apoc-procedures/core/target/e8a6f690-1aa2-4c76-bf8d-3e20222a5271/data/databases/system/neostore.propertystore.db.id
189,/home/runner/work/neo4j-apoc-procedures/neo4j-apoc-procedures/core/target/e8a6f690-1aa2-4c76-bf8d-3e20222a5271/data/databases/system/neostore.labeltokenstore.db.names.id
190,/home/runner/work/neo4j-apoc-procedures/neo4j-apoc-procedures/core/target/e8a6f690-1aa2-4c76-bf8d-3e20222a5271/data/databases/system/neostore.propertystore.db.arrays.id
191,/home/runner/work/neo4j-apoc-procedures/neo4j-apoc-procedures/core/target/e8a6f690-1aa2-4c76-bf8d-3e20222a5271/data/databases/system/neostore.propertystore.db.strings.id
192,/home/runner/work/neo4j-apoc-procedures/neo4j-apoc-procedures/core/target/e8a6f690-1aa2-4c76-bf8d-3e20222a5271/data/databases/neo4j/neostore.propertystore.db.index.id
193,/home/runner/work/neo4j-apoc-procedures/neo4j-apoc-procedures/core/target/e8a6f690-1aa2-4c76-bf8d-3e20222a5271/data/databases/neo4j/neostore.propertystore.db.strings.id
194,/home/runner/work/neo4j-apoc-procedures/neo4j-apoc-procedures/core/target/e8a6f690-1aa2-4c76-bf8d-3e20222a5271/data/databases/neo4j/neostore.propertystore.db.arrays.id
195,/home/runner/work/neo4j-apoc-procedures/neo4j-apoc-procedures/core/target/e8a6f690-1aa2-4c76-bf8d-3e20222a5271/data/databases/system/neostore.propertystore.db.index.id
197,/home/runner/work/neo4j-apoc-procedures/neo4j-apoc-procedures/core/target/e8a6f690-1aa2-4c76-bf8d-3e20222a5271/data/databases/system/neostore.propertystore.db.index.keys.id
199,/home/runner/work/neo4j-apoc-procedures/neo4j-apoc-procedures/core/target/e8a6f690-1aa2-4c76-bf8d-3e20222a5271/data/databases/system/neostore.labeltokenstore.db.id
200,/home/runner/work/neo4j-apoc-procedures/neo4j-apoc-procedures/core/target/e8a6f690-1aa2-4c76-bf8d-3e20222a5271/data/databases/neo4j/neostore.propertystore.db.id
201,/home/runner/work/neo4j-apoc-procedures/neo4j-apoc-procedures/core/target/e8a6f690-1aa2-4c76-bf8d-3e20222a5271/data/databases/system/neostore.nodestore.db.id
202,/home/runner/work/neo4j-apoc-procedures/neo4j-apoc-procedures/core/target/e8a6f690-1aa2-4c76-bf8d-3e20222a5271/data/databases/neo4j/neostore.relationshipstore.db.id
205,/home/runner/work/neo4j-apoc-procedures/neo4j-apoc-procedures/core/target/e8a6f690-1aa2-4c76-bf8d-3e20222a5271/data/databases/neo4j/neostore.nodestore.db.labels.id
208,/home/runner/work/neo4j-apoc-procedures/neo4j-apoc-procedures/core/target/e8a6f690-1aa2-4c76-bf8d-3e20222a5271/data/databases/system/neostore.nodestore.db.labels.id
212,/home/runner/work/neo4j-apoc-procedures/neo4j-apoc-procedures/core/target/e8a6f690-1aa2-4c76-bf8d-3e20222a5271/data/databases/neo4j/neostore.relationshipgroupstore.db.id
219,/home/runner/work/neo4j-apoc-procedures/neo4j-apoc-procedures/core/target/e8a6f690-1aa2-4c76-bf8d-3e20222a5271/data/databases/neo4j/neostore.labeltokenstore.db.id
262,/home/runner/work/neo4j-apoc-procedures/neo4j-apoc-procedures/core/target/e8a6f690-1aa2-4c76-bf8d-3e20222a5271/data/databases/system/neostore.counts.db
264,/home/runner/work/neo4j-apoc-procedures/neo4j-apoc-procedures/core/target/e8a6f690-1aa2-4c76-bf8d-3e20222a5271/data/databases/system/neostore.relationshipgroupstore.degrees.db
265,/home/runner/work/neo4j-apoc-procedures/neo4j-apoc-procedures/core/target/e8a6f690-1aa2-4c76-bf8d-3e20222a5271/data/databases/system/neostore.indexstats.db
271,/home/runner/work/neo4j-apoc-procedures/neo4j-apoc-procedures/core/target/e8a6f690-1aa2-4c76-bf8d-3e20222a5271/data/databases/neo4j/neostore.indexstats.db
272,/home/runner/work/neo4j-apoc-procedures/neo4j-apoc-procedures/core/target/e8a6f690-1aa2-4c76-bf8d-3e20222a5271/data/databases/neo4j/neostore.relationshipgroupstore.degrees.db
273,/home/runner/work/neo4j-apoc-procedures/neo4j-apoc-procedures/core/target/e8a6f690-1aa2-4c76-bf8d-3e20222a5271/data/databases/neo4j/neostore.counts.db
306,/home/runner/work/neo4j-apoc-procedures/neo4j-apoc-procedures/.gradle/6.1.1/fileChanges/last-build.bin
1244,/home/runner/work/neo4j-apoc-procedures/neo4j-apoc-procedures/core/target/e8a6f690-1aa2-4c76-bf8d-3e20222a5271/data/databases/system/neostore.nodestore.db.labels
1300,/home/runner/work/neo4j-apoc-procedures/neo4j-apoc-procedures/core/target/e8a6f690-1aa2-4c76-bf8d-3e20222a5271/data/databases/neo4j/neostore.nodestore.db.labels
1301,/home/runner/work/neo4j-apoc-procedures/neo4j-apoc-procedures/core/target/e8a6f690-1aa2-4c76-bf8d-3e20222a5271/data/databases/neo4j/neostore.propertystore.db.index.keys
1302,/home/runner/work/neo4j-apoc-procedures/neo4j-apoc-procedures/core/target/e8a6f690-1aa2-4c76-bf8d-3e20222a5271/data/transactions/system/checkpoint.0
1303,/home/runner/work/neo4j-apoc-procedures/neo4j-apoc-procedures/core/target/e8a6f690-1aa2-4c76-bf8d-3e20222a5271/data/databases/system/neostore.propertystore.db.strings
1304,/home/runner/work/neo4j-apoc-procedures/neo4j-apoc-procedures/core/target/e8a6f690-1aa2-4c76-bf8d-3e20222a5271/data/databases/system/neostore.propertystore.db.arrays
1305,/home/runner/work/neo4j-apoc-procedures/neo4j-apoc-procedures/core/target/e8a6f690-1aa2-4c76-bf8d-3e20222a5271/data/databases/system/neostore.relationshiptypestore.db.names
1306,/home/runner/work/neo4j-apoc-procedures/neo4j-apoc-procedures/core/target/e8a6f690-1aa2-4c76-bf8d-3e20222a5271/data/databases/system/neostore.labeltokenstore.db.names
1307,/home/runner/work/neo4j-apoc-procedures/neo4j-apoc-procedures/core/target/e8a6f690-1aa2-4c76-bf8d-3e20222a5271/data/databases/system/neostore.schemastore.db
1308,/home/runner/work/neo4j-apoc-procedures/neo4j-apoc-procedures/core/target/e8a6f690-1aa2-4c76-bf8d-3e20222a5271/data/databases/system/neostore.relationshipgroupstore.db
1309,/home/runner/work/neo4j-apoc-procedures/neo4j-apoc-procedures/core/target/e8a6f690-1aa2-4c76-bf8d-3e20222a5271/data/databases/system/neostore
1310,/home/runner/work/neo4j-apoc-procedures/neo4j-apoc-procedures/core/target/e8a6f690-1aa2-4c76-bf8d-3e20222a5271/data/databases/system/neostore.propertystore.db.index.keys
1493,/home/runner/work/neo4j-apoc-procedures/neo4j-apoc-procedures/core/target/e8a6f690-1aa2-4c76-bf8d-3e20222a5271/data/databases/neo4j/neostore.relationshipgroupstore.db
1494,/home/runner/work/neo4j-apoc-procedures/neo4j-apoc-procedures/core/target/e8a6f690-1aa2-4c76-bf8d-3e20222a5271/data/databases/neo4j/neostore
1495,/home/runner/work/neo4j-apoc-procedures/neo4j-apoc-procedures/core/target/e8a6f690-1aa2-4c76-bf8d-3e20222a5271/data/databases/neo4j/neostore.schemastore.db
1496,/home/runner/work/neo4j-apoc-procedures/neo4j-apoc-procedures/core/target/e8a6f690-1aa2-4c76-bf8d-3e20222a5271/data/transactions/neo4j/checkpoint.0
1497,/home/runner/work/neo4j-apoc-procedures/neo4j-apoc-procedures/core/target/e8a6f690-1aa2-4c76-bf8d-3e20222a5271/data/databases/neo4j/neostore.relationshiptypestore.db.names
1498,/home/runner/work/neo4j-apoc-procedures/neo4j-apoc-procedures/core/target/e8a6f690-1aa2-4c76-bf8d-3e20222a5271/data/databases/neo4j/neostore.propertystore.db.arrays
1499,/home/runner/work/neo4j-apoc-procedures/neo4j-apoc-procedures/core/target/e8a6f690-1aa2-4c76-bf8d-3e20222a5271/data/databases/neo4j/neostore.propertystore.db.strings
1500,/home/runner/work/neo4j-apoc-procedures/neo4j-apoc-procedures/core/target/e8a6f690-1aa2-4c76-bf8d-3e20222a5271/data/databases/neo4j/neostore.labeltokenstore.db.names
