,file_name
0,/home/runner/work/neo4j-apoc-procedures/neo4j-apoc-procedures/.gradle/6.1.1/javaCompile/classAnalysis.bin
1,/home/runner/work/neo4j-apoc-procedures/neo4j-apoc-procedures/.gradle/6.1.1/javaCompile/javaCompile.lock
2,/home/runner/work/neo4j-apoc-procedures/neo4j-apoc-procedures/.gradle/6.1.1/fileHashes/fileHashes.bin
3,/home/runner/work/neo4j-apoc-procedures/neo4j-apoc-procedures/.gradle/6.1.1/fileHashes/fileHashes.lock
4,/home/runner/work/neo4j-apoc-procedures/neo4j-apoc-procedures/.gradle/checksums/checksums.lock
5,/home/runner/work/neo4j-apoc-procedures/neo4j-apoc-procedures/.gradle/checksums/sha1-checksums.bin
6,/home/runner/work/neo4j-apoc-procedures/neo4j-apoc-procedures/.gradle/checksums/md5-checksums.bin
7,/home/runner/work/neo4j-apoc-procedures/neo4j-apoc-procedures/.gradle/buildOutputCleanup/buildOutputCleanup.lock
10,/home/runner/work/neo4j-apoc-procedures/neo4j-apoc-procedures/core/target/e8a6f690-1aa2-4c76-bf8d-3e20222a5271/logs/debug.log
11,/home/runner/work/neo4j-apoc-procedures/neo4j-apoc-procedures/.gradle/buildOutputCleanup/outputFiles.bin
15,/home/runner/work/neo4j-apoc-procedures/neo4j-apoc-procedures/.gradle/6.1.1/executionHistory/executionHistory.lock
17,/home/runner/work/neo4j-apoc-procedures/neo4j-apoc-procedures/.gradle/6.1.1/executionHistory/executionHistory.bin
18,/home/runner/work/neo4j-apoc-procedures/neo4j-apoc-procedures/core/src/test/resources/csv-inputs/rel-type.csv
19,/home/runner/work/neo4j-apoc-procedures/neo4j-apoc-procedures/core/src/test/resources/csv-inputs/nodesMultiTypes.csv
20,/home/runner/work/neo4j-apoc-procedures/neo4j-apoc-procedures/core/src/test/resources/csv-inputs/ignore-nodes.csv
21,/home/runner/work/neo4j-apoc-procedures/neo4j-apoc-procedures/core/src/test/resources/csv-inputs/custom-ids-idspaces-companies.csv
22,/home/runner/work/neo4j-apoc-procedures/neo4j-apoc-procedures/core/src/test/resources/csv-inputs/persons.csv
23,/home/runner/work/neo4j-apoc-procedures/neo4j-apoc-procedures/core/src/test/resources/csv-inputs/id.csv
24,/home/runner/work/neo4j-apoc-procedures/neo4j-apoc-procedures/core/src/test/resources/csv-inputs/ignore-relationships.csv
25,/home/runner/work/neo4j-apoc-procedures/neo4j-apoc-procedures/core/src/test/resources/csv-inputs/custom-ids-basic-unis.csv
26,/home/runner/work/neo4j-apoc-procedures/neo4j-apoc-procedures/core/src/test/resources/csv-inputs/label.csv
27,/home/runner/work/neo4j-apoc-procedures/neo4j-apoc-procedures/core/src/test/resources/csv-inputs/typeless.csv
28,/home/runner/work/neo4j-apoc-procedures/neo4j-apoc-procedures/core/src/test/resources/csv-inputs/relMultiTypes.csv
29,/home/runner/work/neo4j-apoc-procedures/neo4j-apoc-procedures/core/src/test/resources/csv-inputs/knows.csv
30,/home/runner/work/neo4j-apoc-procedures/neo4j-apoc-procedures/core/src/test/resources/csv-inputs/id-idspaces.csv
31,/home/runner/work/neo4j-apoc-procedures/neo4j-apoc-procedures/core/src/test/resources/csv-inputs/custom-ids-idspaces-persons.csv
32,/home/runner/work/neo4j-apoc-procedures/neo4j-apoc-procedures/core/src/test/resources/csv-inputs/emptyInteger.csv
33,/home/runner/work/neo4j-apoc-procedures/neo4j-apoc-procedures/core/src/test/resources/csv-inputs/array.csv
34,/home/runner/work/neo4j-apoc-procedures/neo4j-apoc-procedures/core/src/test/resources/csv-inputs/csvPoint.csv
35,/home/runner/work/neo4j-apoc-procedures/neo4j-apoc-procedures/core/src/test/resources/csv-inputs/quoted.csv
36,/home/runner/work/neo4j-apoc-procedures/neo4j-apoc-procedures/core/src/test/resources/csv-inputs/emptyDate.csv
37,/home/runner/work/neo4j-apoc-procedures/neo4j-apoc-procedures/core/src/test/resources/csv-inputs/id-with-duplicates.csv
38,/home/runner/work/neo4j-apoc-procedures/neo4j-apoc-procedures/core/src/test/resources/csv-inputs/id-idspaces-with-dash.csv
39,/home/runner/work/neo4j-apoc-procedures/neo4j-apoc-procedures/core/src/test/resources/csv-inputs/custom-ids-idspaces-unis.csv
40,/home/runner/work/neo4j-apoc-procedures/neo4j-apoc-procedures/core/src/test/resources/csv-inputs/custom-ids-basic-persons.csv
41,/home/runner/work/neo4j-apoc-procedures/neo4j-apoc-procedures/core/src/test/resources/csv-inputs/custom-ids-basic-affiliated-with.csv
42,/home/runner/work/neo4j-apoc-procedures/neo4j-apoc-procedures/core/src/test/resources/csv-inputs/rel-on-ids.csv
43,/home/runner/work/neo4j-apoc-procedures/neo4j-apoc-procedures/core/src/test/resources/csv-inputs/custom-ids-basic-companies.csv
44,/home/runner/work/neo4j-apoc-procedures/neo4j-apoc-procedures/core/src/test/resources/csv-inputs/custom-ids-idspaces-affiliated-with.csv
45,/home/runner/work/neo4j-apoc-procedures/neo4j-apoc-procedures/core/src/test/resources/csv-inputs/rel-on-ids-idspaces.csv
46,/home/runner/work/neo4j-apoc-procedures/neo4j-apoc-procedures/core/src/test/resources/csv-inputs/emptyArray.csv
47,/home/runner/work/neo4j-apoc-procedures/neo4j-apoc-procedures/core/target/e8a6f690-1aa2-4c76-bf8d-3e20222a5271/data/transactions/system/neostore.transaction.db.0
54,/home/runner/work/neo4j-apoc-procedures/neo4j-apoc-procedures/.gradle/6.1.1/javaCompile/taskHistory.bin
76,/home/runner/work/neo4j-apoc-procedures/neo4j-apoc-procedures/.gradle/6.1.1/javaCompile/jarAnalysis.bin
112,/home/runner/work/neo4j-apoc-procedures/neo4j-apoc-procedures/core/target/import/all.cleanup.cypher
114,/home/runner/work/neo4j-apoc-procedures/neo4j-apoc-procedures/core/target/import/all.relationships.cypher
116,/home/runner/work/neo4j-apoc-procedures/neo4j-apoc-procedures/.gradle/6.1.1/fileContent/fileContent.lock
120,/home/runner/work/neo4j-apoc-procedures/neo4j-apoc-procedures/core/target/import/all.nodes.cypher
162,/home/runner/work/neo4j-apoc-procedures/neo4j-apoc-procedures/core/target/import/graph.schema.cypher
163,/home/runner/work/neo4j-apoc-procedures/neo4j-apoc-procedures/core/target/import/graph.relationships.cypher
164,/home/runner/work/neo4j-apoc-procedures/neo4j-apoc-procedures/core/target/import/graph.cleanup.cypher
168,/home/runner/work/neo4j-apoc-procedures/neo4j-apoc-procedures/core/target/e8a6f690-1aa2-4c76-bf8d-3e20222a5271/data/databases/system/neostore.relationshipgroupstore.db.id
170,/home/runner/work/neo4j-apoc-procedures/neo4j-apoc-procedures/core/target/e8a6f690-1aa2-4c76-bf8d-3e20222a5271/data/databases/neo4j/neostore.propertystore.db.index.keys.id
171,/home/runner/work/neo4j-apoc-procedures/neo4j-apoc-procedures/core/target/e8a6f690-1aa2-4c76-bf8d-3e20222a5271/data/databases/neo4j/neostore.labeltokenstore.db.names.id
173,/home/runner/work/neo4j-apoc-procedures/neo4j-apoc-procedures/core/target/e8a6f690-1aa2-4c76-bf8d-3e20222a5271/data/databases/system/neostore.schemastore.db.id
174,/home/runner/work/neo4j-apoc-procedures/neo4j-apoc-procedures/core/target/e8a6f690-1aa2-4c76-bf8d-3e20222a5271/data/databases/neo4j/neostore.relationshiptypestore.db.id
176,/home/runner/work/neo4j-apoc-procedures/neo4j-apoc-procedures/core/target/e8a6f690-1aa2-4c76-bf8d-3e20222a5271/data/databases/neo4j/neostore.schemastore.db.id
177,/home/runner/work/neo4j-apoc-procedures/neo4j-apoc-procedures/core/target/e8a6f690-1aa2-4c76-bf8d-3e20222a5271/data/databases/neo4j/neostore.labelscanstore.db
178,/home/runner/work/neo4j-apoc-procedures/neo4j-apoc-procedures/core/target/e8a6f690-1aa2-4c76-bf8d-3e20222a5271/data/databases/neo4j/neostore.relationshiptypescanstore.db
182,/home/runner/work/neo4j-apoc-procedures/neo4j-apoc-procedures/core/target/e8a6f690-1aa2-4c76-bf8d-3e20222a5271/data/databases/neo4j/neostore.relationshiptypestore.db.names.id
183,/home/runner/work/neo4j-apoc-procedures/neo4j-apoc-procedures/core/target/e8a6f690-1aa2-4c76-bf8d-3e20222a5271/data/databases/system/neostore.relationshiptypestore.db.id
184,/home/runner/work/neo4j-apoc-procedures/neo4j-apoc-procedures/core/target/e8a6f690-1aa2-4c76-bf8d-3e20222a5271/data/databases/system/neostore.relationshiptypestore.db.names.id
185,/home/runner/work/neo4j-apoc-procedures/neo4j-apoc-procedures/core/target/e8a6f690-1aa2-4c76-bf8d-3e20222a5271/data/databases/system/neostore.relationshipstore.db.id
186,/home/runner/work/neo4j-apoc-procedures/neo4j-apoc-procedures/core/target/e8a6f690-1aa2-4c76-bf8d-3e20222a5271/data/databases/neo4j/neostore.nodestore.db.id
188,/home/runner/work/neo4j-apoc-procedures/neo4j-apoc-procedures/core/target/e8a6f690-1aa2-4c76-bf8d-3e20222a5271/data/databases/system/neostore.propertystore.db.id
189,/home/runner/work/neo4j-apoc-procedures/neo4j-apoc-procedures/core/target/e8a6f690-1aa2-4c76-bf8d-3e20222a5271/data/databases/system/neostore.labeltokenstore.db.names.id
190,/home/runner/work/neo4j-apoc-procedures/neo4j-apoc-procedures/core/target/e8a6f690-1aa2-4c76-bf8d-3e20222a5271/data/databases/system/neostore.propertystore.db.arrays.id
191,/home/runner/work/neo4j-apoc-procedures/neo4j-apoc-procedures/core/target/e8a6f690-1aa2-4c76-bf8d-3e20222a5271/data/databases/system/neostore.propertystore.db.strings.id
192,/home/runner/work/neo4j-apoc-procedures/neo4j-apoc-procedures/core/target/e8a6f690-1aa2-4c76-bf8d-3e20222a5271/data/databases/neo4j/neostore.propertystore.db.index.id
193,/home/runner/work/neo4j-apoc-procedures/neo4j-apoc-procedures/core/target/e8a6f690-1aa2-4c76-bf8d-3e20222a5271/data/databases/neo4j/neostore.propertystore.db.strings.id
194,/home/runner/work/neo4j-apoc-procedures/neo4j-apoc-procedures/core/target/e8a6f690-1aa2-4c76-bf8d-3e20222a5271/data/databases/neo4j/neostore.propertystore.db.arrays.id
195,/home/runner/work/neo4j-apoc-procedures/neo4j-apoc-procedures/core/target/e8a6f690-1aa2-4c76-bf8d-3e20222a5271/data/databases/system/neostore.propertystore.db.index.id
197,/home/runner/work/neo4j-apoc-procedures/neo4j-apoc-procedures/core/target/e8a6f690-1aa2-4c76-bf8d-3e20222a5271/data/databases/system/neostore.propertystore.db.index.keys.id
199,/home/runner/work/neo4j-apoc-procedures/neo4j-apoc-procedures/core/target/e8a6f690-1aa2-4c76-bf8d-3e20222a5271/data/databases/system/neostore.labeltokenstore.db.id
200,/home/runner/work/neo4j-apoc-procedures/neo4j-apoc-procedures/core/target/e8a6f690-1aa2-4c76-bf8d-3e20222a5271/data/databases/neo4j/neostore.propertystore.db.id
201,/home/runner/work/neo4j-apoc-procedures/neo4j-apoc-procedures/core/target/e8a6f690-1aa2-4c76-bf8d-3e20222a5271/data/databases/system/neostore.nodestore.db.id
202,/home/runner/work/neo4j-apoc-procedures/neo4j-apoc-procedures/core/target/e8a6f690-1aa2-4c76-bf8d-3e20222a5271/data/databases/neo4j/neostore.relationshipstore.db.id
205,/home/runner/work/neo4j-apoc-procedures/neo4j-apoc-procedures/core/target/e8a6f690-1aa2-4c76-bf8d-3e20222a5271/data/databases/neo4j/neostore.nodestore.db.labels.id
208,/home/runner/work/neo4j-apoc-procedures/neo4j-apoc-procedures/core/target/e8a6f690-1aa2-4c76-bf8d-3e20222a5271/data/databases/system/neostore.nodestore.db.labels.id
212,/home/runner/work/neo4j-apoc-procedures/neo4j-apoc-procedures/core/target/e8a6f690-1aa2-4c76-bf8d-3e20222a5271/data/databases/neo4j/neostore.relationshipgroupstore.db.id
219,/home/runner/work/neo4j-apoc-procedures/neo4j-apoc-procedures/core/target/e8a6f690-1aa2-4c76-bf8d-3e20222a5271/data/databases/neo4j/neostore.labeltokenstore.db.id
262,/home/runner/work/neo4j-apoc-procedures/neo4j-apoc-procedures/core/target/e8a6f690-1aa2-4c76-bf8d-3e20222a5271/data/databases/system/neostore.counts.db
264,/home/runner/work/neo4j-apoc-procedures/neo4j-apoc-procedures/core/target/e8a6f690-1aa2-4c76-bf8d-3e20222a5271/data/databases/system/neostore.relationshipgroupstore.degrees.db
265,/home/runner/work/neo4j-apoc-procedures/neo4j-apoc-procedures/core/target/e8a6f690-1aa2-4c76-bf8d-3e20222a5271/data/databases/system/neostore.indexstats.db
270,/home/runner/work/neo4j-apoc-procedures/neo4j-apoc-procedures/core/target/e8a6f690-1aa2-4c76-bf8d-3e20222a5271/data/transactions/neo4j/neostore.transaction.db.0
271,/home/runner/work/neo4j-apoc-procedures/neo4j-apoc-procedures/core/target/e8a6f690-1aa2-4c76-bf8d-3e20222a5271/data/databases/neo4j/neostore.indexstats.db
272,/home/runner/work/neo4j-apoc-procedures/neo4j-apoc-procedures/core/target/e8a6f690-1aa2-4c76-bf8d-3e20222a5271/data/databases/neo4j/neostore.relationshipgroupstore.degrees.db
273,/home/runner/work/neo4j-apoc-procedures/neo4j-apoc-procedures/core/target/e8a6f690-1aa2-4c76-bf8d-3e20222a5271/data/databases/neo4j/neostore.counts.db
306,/home/runner/work/neo4j-apoc-procedures/neo4j-apoc-procedures/.gradle/6.1.1/fileChanges/last-build.bin
373,/home/runner/work/neo4j-apoc-procedures/neo4j-apoc-procedures/.gradle/6.1.1/fileContent/annotation-processors.bin
1244,/home/runner/work/neo4j-apoc-procedures/neo4j-apoc-procedures/core/target/e8a6f690-1aa2-4c76-bf8d-3e20222a5271/data/databases/system/neostore.nodestore.db.labels
1300,/home/runner/work/neo4j-apoc-procedures/neo4j-apoc-procedures/core/target/e8a6f690-1aa2-4c76-bf8d-3e20222a5271/data/databases/neo4j/neostore.nodestore.db.labels
1301,/home/runner/work/neo4j-apoc-procedures/neo4j-apoc-procedures/core/target/e8a6f690-1aa2-4c76-bf8d-3e20222a5271/data/databases/neo4j/neostore.propertystore.db.index.keys
1302,/home/runner/work/neo4j-apoc-procedures/neo4j-apoc-procedures/core/target/e8a6f690-1aa2-4c76-bf8d-3e20222a5271/data/transactions/system/checkpoint.0
1303,/home/runner/work/neo4j-apoc-procedures/neo4j-apoc-procedures/core/target/e8a6f690-1aa2-4c76-bf8d-3e20222a5271/data/databases/system/neostore.propertystore.db.strings
1304,/home/runner/work/neo4j-apoc-procedures/neo4j-apoc-procedures/core/target/e8a6f690-1aa2-4c76-bf8d-3e20222a5271/data/databases/system/neostore.propertystore.db.arrays
1305,/home/runner/work/neo4j-apoc-procedures/neo4j-apoc-procedures/core/target/e8a6f690-1aa2-4c76-bf8d-3e20222a5271/data/databases/system/neostore.relationshiptypestore.db.names
1306,/home/runner/work/neo4j-apoc-procedures/neo4j-apoc-procedures/core/target/e8a6f690-1aa2-4c76-bf8d-3e20222a5271/data/databases/system/neostore.labeltokenstore.db.names
1307,/home/runner/work/neo4j-apoc-procedures/neo4j-apoc-procedures/core/target/e8a6f690-1aa2-4c76-bf8d-3e20222a5271/data/databases/system/neostore.schemastore.db
1308,/home/runner/work/neo4j-apoc-procedures/neo4j-apoc-procedures/core/target/e8a6f690-1aa2-4c76-bf8d-3e20222a5271/data/databases/system/neostore.relationshipgroupstore.db
1309,/home/runner/work/neo4j-apoc-procedures/neo4j-apoc-procedures/core/target/e8a6f690-1aa2-4c76-bf8d-3e20222a5271/data/databases/system/neostore
1310,/home/runner/work/neo4j-apoc-procedures/neo4j-apoc-procedures/core/target/e8a6f690-1aa2-4c76-bf8d-3e20222a5271/data/databases/system/neostore.propertystore.db.index.keys
1493,/home/runner/work/neo4j-apoc-procedures/neo4j-apoc-procedures/core/target/e8a6f690-1aa2-4c76-bf8d-3e20222a5271/data/databases/neo4j/neostore.relationshipgroupstore.db
1494,/home/runner/work/neo4j-apoc-procedures/neo4j-apoc-procedures/core/target/e8a6f690-1aa2-4c76-bf8d-3e20222a5271/data/databases/neo4j/neostore
1495,/home/runner/work/neo4j-apoc-procedures/neo4j-apoc-procedures/core/target/e8a6f690-1aa2-4c76-bf8d-3e20222a5271/data/databases/neo4j/neostore.schemastore.db
1496,/home/runner/work/neo4j-apoc-procedures/neo4j-apoc-procedures/core/target/e8a6f690-1aa2-4c76-bf8d-3e20222a5271/data/transactions/neo4j/checkpoint.0
1497,/home/runner/work/neo4j-apoc-procedures/neo4j-apoc-procedures/core/target/e8a6f690-1aa2-4c76-bf8d-3e20222a5271/data/databases/neo4j/neostore.relationshiptypestore.db.names
1498,/home/runner/work/neo4j-apoc-procedures/neo4j-apoc-procedures/core/target/e8a6f690-1aa2-4c76-bf8d-3e20222a5271/data/databases/neo4j/neostore.propertystore.db.arrays
1499,/home/runner/work/neo4j-apoc-procedures/neo4j-apoc-procedures/core/target/e8a6f690-1aa2-4c76-bf8d-3e20222a5271/data/databases/neo4j/neostore.propertystore.db.strings
1500,/home/runner/work/neo4j-apoc-procedures/neo4j-apoc-procedures/core/target/e8a6f690-1aa2-4c76-bf8d-3e20222a5271/data/databases/neo4j/neostore.labeltokenstore.db.names
3952,/home/runner/work/neo4j-apoc-procedures/neo4j-apoc-procedures/core/target/e8a6f690-1aa2-4c76-bf8d-3e20222a5271/data/server_id
